method,frame_id,video,target_frame,timestamp,quality_group,detection_index,class_id,class,confidence,track_id,missed_frames_before_target,persisted,is_true_positive,is_false_positive,is_stale_persisted_fp,x1,y1,x2,y2
bytetrack_persist_1,video1/v01_20-16_f00081_t02.73_clear,video1,76,02.73,clear,0,56,chair,0.2263,8,1,True,True,False,False,190.239,40.368,493.215,365.144
bytetrack_persist_3,video1/v01_20-16_f00081_t02.73_clear,video1,76,02.73,clear,0,56,chair,0.2263,8,1,True,True,False,False,190.239,40.368,493.215,365.144
bytetrack_persist_5,video1/v01_20-16_f00081_t02.73_clear,video1,76,02.73,clear,0,56,chair,0.2263,8,1,True,True,False,False,190.239,40.368,493.215,365.144
botsort_persist_1,video1/v01_20-16_f00081_t02.73_clear,video1,76,02.73,clear,0,56,chair,0.2263,7,1,True,True,False,False,171.123,43.52,482.352,367.037
botsort_persist_3,video1/v01_20-16_f00081_t02.73_clear,video1,76,02.73,clear,0,56,chair,0.2263,7,1,True,True,False,False,171.123,43.52,482.352,367.037
botsort_persist_5,video1/v01_20-16_f00081_t02.73_clear,video1,76,02.73,clear,0,56,chair,0.2263,7,1,True,True,False,False,171.123,43.52,482.352,367.037
raw,video1/v01_20-16_f00162_t05.45_moderate_blur,video1,158,05.45,moderate_blur,0,56,chair,0.2313,,0,False,True,False,False,32.864,184.123,448.745,415.281
bytetrack,video1/v01_20-16_f00162_t05.45_moderate_blur,video1,158,05.45,moderate_blur,0,56,chair,0.5354,17,0,False,True,False,False,65.738,187.676,425.123,413.068
bytetrack_persist_1,video1/v01_20-16_f00162_t05.45_moderate_blur,video1,158,05.45,moderate_blur,0,56,chair,0.2313,,0,False,True,False,False,32.864,184.123,448.745,415.281
bytetrack_persist_3,video1/v01_20-16_f00162_t05.45_moderate_blur,video1,158,05.45,moderate_blur,0,56,chair,0.2313,,0,False,True,False,False,32.864,184.123,448.745,415.281
bytetrack_persist_3,video1/v01_20-16_f00162_t05.45_moderate_blur,video1,158,05.45,moderate_blur,1,56,chair,0.2189,16,3,True,True,False,False,514.132,58.059,632.453,270.705
bytetrack_persist_3,video1/v01_20-16_f00162_t05.45_moderate_blur,video1,158,05.45,moderate_blur,2,56,chair,0.3209,13,3,True,True,False,False,0.0,0.0,421.431,421.474
bytetrack_persist_5,video1/v01_20-16_f00162_t05.45_moderate_blur,video1,158,05.45,moderate_blur,0,56,chair,0.2313,,0,False,True,False,False,32.864,184.123,448.745,415.281
bytetrack_persist_5,video1/v01_20-16_f00162_t05.45_moderate_blur,video1,158,05.45,moderate_blur,1,56,chair,0.2189,16,3,True,True,False,False,514.132,58.059,632.453,270.705
bytetrack_persist_5,video1/v01_20-16_f00162_t05.45_moderate_blur,video1,158,05.45,moderate_blur,2,56,chair,0.3209,13,3,True,True,False,False,0.0,0.0,421.431,421.474
botsort,video1/v01_20-16_f00162_t05.45_moderate_blur,video1,158,05.45,moderate_blur,0,56,chair,0.5354,16,0,False,True,False,False,36.262,187.425,457.819,412.814
botsort_persist_1,video1/v01_20-16_f00162_t05.45_moderate_blur,video1,158,05.45,moderate_blur,0,56,chair,0.2313,,0,False,True,False,False,32.864,184.123,448.745,415.281
botsort_persist_3,video1/v01_20-16_f00162_t05.45_moderate_blur,video1,158,05.45,moderate_blur,0,56,chair,0.2313,,0,False,True,False,False,32.864,184.123,448.745,415.281
botsort_persist_5,video1/v01_20-16_f00162_t05.45_moderate_blur,video1,158,05.45,moderate_blur,0,56,chair,0.2313,,0,False,True,False,False,32.864,184.123,448.745,415.281
raw,video1/v01_20-16_f00189_t06.36_clear,video1,185,06.36,clear,0,56,chair,0.8143,,0,False,True,False,False,0.388,1.077,152.247,250.654
raw,video1/v01_20-16_f00189_t06.36_clear,video1,185,06.36,clear,1,56,chair,0.6588,,0,False,True,False,False,211.016,173.806,544.204,419.578
raw,video1/v01_20-16_f00189_t06.36_clear,video1,185,06.36,clear,2,56,chair,0.5805,,0,False,True,False,False,0.35,227.757,184.867,412.383
raw,video1/v01_20-16_f00189_t06.36_clear,video1,185,06.36,clear,3,56,chair,0.3457,,0,False,True,False,False,159.936,1.329,351.603,266.954
raw,video1/v01_20-16_f00189_t06.36_clear,video1,185,06.36,clear,4,56,chair,0.2972,,0,False,True,False,False,70.243,1.244,351.775,271.77
raw,video1/v01_20-16_f00189_t06.36_clear,video1,185,06.36,clear,5,56,chair,0.2576,,0,False,True,False,False,552.04,52.14,639.728,247.687
raw,video1/v01_20-16_f00189_t06.36_clear,video1,185,06.36,clear,6,56,chair,0.2566,,0,False,True,False,False,352.829,27.723,552.267,191.096
raw,video1/v01_20-16_f00189_t06.36_clear,video1,185,06.36,clear,7,56,chair,0.214,,0,False,True,False,False,44.592,0.939,157.777,49.863
raw,video1/v01_20-16_f00189_t06.36_clear,video1,185,06.36,clear,8,56,chair,0.1838,,0,False,True,False,False,166.156,0.998,544.703,412.746
bytetrack,video1/v01_20-16_f00189_t06.36_clear,video1,185,06.36,clear,0,56,chair,0.3815,13,0,False,True,False,False,0.0,1.593,178.966,259.023
bytetrack,video1/v01_20-16_f00189_t06.36_clear,video1,185,06.36,clear,1,56,chair,0.4142,27,0,False,True,False,False,0.0,228.407,196.386,414.124
bytetrack,video1/v01_20-16_f00189_t06.36_clear,video1,185,06.36,clear,2,56,chair,0.304,17,0,False,True,False,False,194.267,173.437,545.201,419.57
bytetrack,video1/v01_20-16_f00189_t06.36_clear,video1,185,06.36,clear,3,56,chair,0.4647,34,0,False,True,False,False,92.766,1.701,293.831,246.584
bytetrack_persist_1,video1/v01_20-16_f00189_t06.36_clear,video1,185,06.36,clear,0,56,chair,0.8143,,0,False,True,False,False,0.388,1.077,152.247,250.654
bytetrack_persist_1,video1/v01_20-16_f00189_t06.36_clear,video1,185,06.36,clear,1,56,chair,0.6588,,0,False,True,False,False,211.016,173.806,544.204,419.578
bytetrack_persist_1,video1/v01_20-16_f00189_t06.36_clear,video1,185,06.36,clear,2,56,chair,0.5805,,0,False,True,False,False,0.35,227.757,184.867,412.383
bytetrack_persist_1,video1/v01_20-16_f00189_t06.36_clear,video1,185,06.36,clear,3,56,chair,0.3457,,0,False,True,False,False,159.936,1.329,351.603,266.954
bytetrack_persist_1,video1/v01_20-16_f00189_t06.36_clear,video1,185,06.36,clear,4,56,chair,0.2972,,0,False,True,False,False,70.243,1.244,351.775,271.77
bytetrack_persist_1,video1/v01_20-16_f00189_t06.36_clear,video1,185,06.36,clear,5,56,chair,0.2576,,0,False,True,False,False,552.04,52.14,639.728,247.687
bytetrack_persist_1,video1/v01_20-16_f00189_t06.36_clear,video1,185,06.36,clear,6,56,chair,0.2566,,0,False,True,False,False,352.829,27.723,552.267,191.096
bytetrack_persist_1,video1/v01_20-16_f00189_t06.36_clear,video1,185,06.36,clear,7,56,chair,0.214,,0,False,True,False,False,44.592,0.939,157.777,49.863
bytetrack_persist_1,video1/v01_20-16_f00189_t06.36_clear,video1,185,06.36,clear,8,56,chair,0.1838,,0,False,True,False,False,166.156,0.998,544.703,412.746
bytetrack_persist_3,video1/v01_20-16_f00189_t06.36_clear,video1,185,06.36,clear,0,56,chair,0.8143,,0,False,True,False,False,0.388,1.077,152.247,250.654
bytetrack_persist_3,video1/v01_20-16_f00189_t06.36_clear,video1,185,06.36,clear,1,56,chair,0.6588,,0,False,True,False,False,211.016,173.806,544.204,419.578
bytetrack_persist_3,video1/v01_20-16_f00189_t06.36_clear,video1,185,06.36,clear,2,56,chair,0.5805,,0,False,True,False,False,0.35,227.757,184.867,412.383
bytetrack_persist_3,video1/v01_20-16_f00189_t06.36_clear,video1,185,06.36,clear,3,56,chair,0.3457,,0,False,True,False,False,159.936,1.329,351.603,266.954
bytetrack_persist_3,video1/v01_20-16_f00189_t06.36_clear,video1,185,06.36,clear,4,56,chair,0.2972,,0,False,True,False,False,70.243,1.244,351.775,271.77
bytetrack_persist_3,video1/v01_20-16_f00189_t06.36_clear,video1,185,06.36,clear,5,56,chair,0.2576,,0,False,True,False,False,552.04,52.14,639.728,247.687
bytetrack_persist_3,video1/v01_20-16_f00189_t06.36_clear,video1,185,06.36,clear,6,56,chair,0.2566,,0,False,True,False,False,352.829,27.723,552.267,191.096
bytetrack_persist_3,video1/v01_20-16_f00189_t06.36_clear,video1,185,06.36,clear,7,56,chair,0.214,,0,False,True,False,False,44.592,0.939,157.777,49.863
bytetrack_persist_3,video1/v01_20-16_f00189_t06.36_clear,video1,185,06.36,clear,8,56,chair,0.1838,,0,False,True,False,False,166.156,0.998,544.703,412.746
bytetrack_persist_5,video1/v01_20-16_f00189_t06.36_clear,video1,185,06.36,clear,0,56,chair,0.8143,,0,False,True,False,False,0.388,1.077,152.247,250.654
bytetrack_persist_5,video1/v01_20-16_f00189_t06.36_clear,video1,185,06.36,clear,1,56,chair,0.6588,,0,False,True,False,False,211.016,173.806,544.204,419.578
bytetrack_persist_5,video1/v01_20-16_f00189_t06.36_clear,video1,185,06.36,clear,2,56,chair,0.5805,,0,False,True,False,False,0.35,227.757,184.867,412.383
bytetrack_persist_5,video1/v01_20-16_f00189_t06.36_clear,video1,185,06.36,clear,3,56,chair,0.3457,,0,False,True,False,False,159.936,1.329,351.603,266.954
bytetrack_persist_5,video1/v01_20-16_f00189_t06.36_clear,video1,185,06.36,clear,4,56,chair,0.2972,,0,False,True,False,False,70.243,1.244,351.775,271.77
bytetrack_persist_5,video1/v01_20-16_f00189_t06.36_clear,video1,185,06.36,clear,5,56,chair,0.2576,,0,False,True,False,False,552.04,52.14,639.728,247.687
bytetrack_persist_5,video1/v01_20-16_f00189_t06.36_clear,video1,185,06.36,clear,6,56,chair,0.2566,,0,False,True,False,False,352.829,27.723,552.267,191.096
bytetrack_persist_5,video1/v01_20-16_f00189_t06.36_clear,video1,185,06.36,clear,7,56,chair,0.214,,0,False,True,False,False,44.592,0.939,157.777,49.863
bytetrack_persist_5,video1/v01_20-16_f00189_t06.36_clear,video1,185,06.36,clear,8,56,chair,0.1838,,0,False,True,False,False,166.156,0.998,544.703,412.746
botsort,video1/v01_20-16_f00189_t06.36_clear,video1,185,06.36,clear,0,56,chair,0.4142,26,0,False,True,False,False,0.377,227.93,175.109,414.13
botsort,video1/v01_20-16_f00189_t06.36_clear,video1,185,06.36,clear,1,56,chair,0.3815,20,0,False,True,False,False,0.222,0.0,156.711,256.09
botsort,video1/v01_20-16_f00189_t06.36_clear,video1,185,06.36,clear,2,56,chair,0.304,16,0,False,True,False,False,205.812,174.662,524.621,420.885
botsort,video1/v01_20-16_f00189_t06.36_clear,video1,185,06.36,clear,3,56,chair,0.4647,17,0,False,True,False,False,31.172,2.193,326.3,251.256
botsort_persist_1,video1/v01_20-16_f00189_t06.36_clear,video1,185,06.36,clear,0,56,chair,0.8143,,0,False,True,False,False,0.388,1.077,152.247,250.654
botsort_persist_1,video1/v01_20-16_f00189_t06.36_clear,video1,185,06.36,clear,1,56,chair,0.6588,,0,False,True,False,False,211.016,173.806,544.204,419.578
botsort_persist_1,video1/v01_20-16_f00189_t06.36_clear,video1,185,06.36,clear,2,56,chair,0.5805,,0,False,True,False,False,0.35,227.757,184.867,412.383
botsort_persist_1,video1/v01_20-16_f00189_t06.36_clear,video1,185,06.36,clear,3,56,chair,0.3457,,0,False,True,False,False,159.936,1.329,351.603,266.954
botsort_persist_1,video1/v01_20-16_f00189_t06.36_clear,video1,185,06.36,clear,4,56,chair,0.2972,,0,False,True,False,False,70.243,1.244,351.775,271.77
botsort_persist_1,video1/v01_20-16_f00189_t06.36_clear,video1,185,06.36,clear,5,56,chair,0.2576,,0,False,True,False,False,552.04,52.14,639.728,247.687
botsort_persist_1,video1/v01_20-16_f00189_t06.36_clear,video1,185,06.36,clear,6,56,chair,0.2566,,0,False,True,False,False,352.829,27.723,552.267,191.096
botsort_persist_1,video1/v01_20-16_f00189_t06.36_clear,video1,185,06.36,clear,7,56,chair,0.214,,0,False,True,False,False,44.592,0.939,157.777,49.863
botsort_persist_1,video1/v01_20-16_f00189_t06.36_clear,video1,185,06.36,clear,8,56,chair,0.1838,,0,False,True,False,False,166.156,0.998,544.703,412.746
botsort_persist_3,video1/v01_20-16_f00189_t06.36_clear,video1,185,06.36,clear,0,56,chair,0.8143,,0,False,True,False,False,0.388,1.077,152.247,250.654
botsort_persist_3,video1/v01_20-16_f00189_t06.36_clear,video1,185,06.36,clear,1,56,chair,0.6588,,0,False,True,False,False,211.016,173.806,544.204,419.578
botsort_persist_3,video1/v01_20-16_f00189_t06.36_clear,video1,185,06.36,clear,2,56,chair,0.5805,,0,False,True,False,False,0.35,227.757,184.867,412.383
botsort_persist_3,video1/v01_20-16_f00189_t06.36_clear,video1,185,06.36,clear,3,56,chair,0.3457,,0,False,True,False,False,159.936,1.329,351.603,266.954
botsort_persist_3,video1/v01_20-16_f00189_t06.36_clear,video1,185,06.36,clear,4,56,chair,0.2972,,0,False,True,False,False,70.243,1.244,351.775,271.77
botsort_persist_3,video1/v01_20-16_f00189_t06.36_clear,video1,185,06.36,clear,5,56,chair,0.2576,,0,False,True,False,False,552.04,52.14,639.728,247.687
botsort_persist_3,video1/v01_20-16_f00189_t06.36_clear,video1,185,06.36,clear,6,56,chair,0.2566,,0,False,True,False,False,352.829,27.723,552.267,191.096
botsort_persist_3,video1/v01_20-16_f00189_t06.36_clear,video1,185,06.36,clear,7,56,chair,0.214,,0,False,True,False,False,44.592,0.939,157.777,49.863
botsort_persist_3,video1/v01_20-16_f00189_t06.36_clear,video1,185,06.36,clear,8,56,chair,0.1838,,0,False,True,False,False,166.156,0.998,544.703,412.746
botsort_persist_5,video1/v01_20-16_f00189_t06.36_clear,video1,185,06.36,clear,0,56,chair,0.8143,,0,False,True,False,False,0.388,1.077,152.247,250.654
botsort_persist_5,video1/v01_20-16_f00189_t06.36_clear,video1,185,06.36,clear,1,56,chair,0.6588,,0,False,True,False,False,211.016,173.806,544.204,419.578
botsort_persist_5,video1/v01_20-16_f00189_t06.36_clear,video1,185,06.36,clear,2,56,chair,0.5805,,0,False,True,False,False,0.35,227.757,184.867,412.383
botsort_persist_5,video1/v01_20-16_f00189_t06.36_clear,video1,185,06.36,clear,3,56,chair,0.3457,,0,False,True,False,False,159.936,1.329,351.603,266.954
botsort_persist_5,video1/v01_20-16_f00189_t06.36_clear,video1,185,06.36,clear,4,56,chair,0.2972,,0,False,True,False,False,70.243,1.244,351.775,271.77
botsort_persist_5,video1/v01_20-16_f00189_t06.36_clear,video1,185,06.36,clear,5,56,chair,0.2576,,0,False,True,False,False,552.04,52.14,639.728,247.687
botsort_persist_5,video1/v01_20-16_f00189_t06.36_clear,video1,185,06.36,clear,6,56,chair,0.2566,,0,False,True,False,False,352.829,27.723,552.267,191.096
botsort_persist_5,video1/v01_20-16_f00189_t06.36_clear,video1,185,06.36,clear,7,56,chair,0.214,,0,False,True,False,False,44.592,0.939,157.777,49.863
botsort_persist_5,video1/v01_20-16_f00189_t06.36_clear,video1,185,06.36,clear,8,56,chair,0.1838,,0,False,True,False,False,166.156,0.998,544.703,412.746
raw,video1/v01_20-16_f00270_t09.09_moderate_blur,video1,267,09.09,moderate_blur,0,56,chair,0.6182,,0,False,True,False,False,0.927,0.0,325.386,410.931
raw,video1/v01_20-16_f00270_t09.09_moderate_blur,video1,267,09.09,moderate_blur,1,56,chair,0.5294,,0,False,True,False,False,360.03,1.74,507.845,249.725
raw,video1/v01_20-16_f00270_t09.09_moderate_blur,video1,267,09.09,moderate_blur,2,56,chair,0.4264,,0,False,True,False,False,430.061,2.696,639.104,418.923
raw,video1/v01_20-16_f00270_t09.09_moderate_blur,video1,267,09.09,moderate_blur,3,56,chair,0.1944,,0,False,True,False,False,0.224,0.614,326.135,282.122
bytetrack,video1/v01_20-16_f00270_t09.09_moderate_blur,video1,267,09.09,moderate_blur,0,56,chair,0.3783,73,0,False,True,False,False,0.0,0.0,335.238,411.869
bytetrack_persist_1,video1/v01_20-16_f00270_t09.09_moderate_blur,video1,267,09.09,moderate_blur,0,56,chair,0.6182,,0,False,True,False,False,0.927,0.0,325.386,410.931
bytetrack_persist_1,video1/v01_20-16_f00270_t09.09_moderate_blur,video1,267,09.09,moderate_blur,1,56,chair,0.5294,,0,False,True,False,False,360.03,1.74,507.845,249.725
bytetrack_persist_1,video1/v01_20-16_f00270_t09.09_moderate_blur,video1,267,09.09,moderate_blur,2,56,chair,0.4264,,0,False,True,False,False,430.061,2.696,639.104,418.923
bytetrack_persist_1,video1/v01_20-16_f00270_t09.09_moderate_blur,video1,267,09.09,moderate_blur,3,56,chair,0.1944,,0,False,True,False,False,0.224,0.614,326.135,282.122
bytetrack_persist_3,video1/v01_20-16_f00270_t09.09_moderate_blur,video1,267,09.09,moderate_blur,0,56,chair,0.6182,,0,False,True,False,False,0.927,0.0,325.386,410.931
bytetrack_persist_3,video1/v01_20-16_f00270_t09.09_moderate_blur,video1,267,09.09,moderate_blur,1,56,chair,0.5294,,0,False,True,False,False,360.03,1.74,507.845,249.725
bytetrack_persist_3,video1/v01_20-16_f00270_t09.09_moderate_blur,video1,267,09.09,moderate_blur,2,56,chair,0.4264,,0,False,True,False,False,430.061,2.696,639.104,418.923
bytetrack_persist_3,video1/v01_20-16_f00270_t09.09_moderate_blur,video1,267,09.09,moderate_blur,3,56,chair,0.1944,,0,False,True,False,False,0.224,0.614,326.135,282.122
bytetrack_persist_5,video1/v01_20-16_f00270_t09.09_moderate_blur,video1,267,09.09,moderate_blur,0,56,chair,0.6182,,0,False,True,False,False,0.927,0.0,325.386,410.931
bytetrack_persist_5,video1/v01_20-16_f00270_t09.09_moderate_blur,video1,267,09.09,moderate_blur,1,56,chair,0.5294,,0,False,True,False,False,360.03,1.74,507.845,249.725
bytetrack_persist_5,video1/v01_20-16_f00270_t09.09_moderate_blur,video1,267,09.09,moderate_blur,2,56,chair,0.4264,,0,False,True,False,False,430.061,2.696,639.104,418.923
bytetrack_persist_5,video1/v01_20-16_f00270_t09.09_moderate_blur,video1,267,09.09,moderate_blur,3,56,chair,0.1944,,0,False,True,False,False,0.224,0.614,326.135,282.122
botsort,video1/v01_20-16_f00270_t09.09_moderate_blur,video1,267,09.09,moderate_blur,0,56,chair,0.3783,71,0,False,True,False,False,0.0,0.185,313.821,412.591
botsort_persist_1,video1/v01_20-16_f00270_t09.09_moderate_blur,video1,267,09.09,moderate_blur,0,56,chair,0.6182,,0,False,True,False,False,0.927,0.0,325.386,410.931
botsort_persist_1,video1/v01_20-16_f00270_t09.09_moderate_blur,video1,267,09.09,moderate_blur,1,56,chair,0.5294,,0,False,True,False,False,360.03,1.74,507.845,249.725
botsort_persist_1,video1/v01_20-16_f00270_t09.09_moderate_blur,video1,267,09.09,moderate_blur,2,56,chair,0.4264,,0,False,True,False,False,430.061,2.696,639.104,418.923
botsort_persist_1,video1/v01_20-16_f00270_t09.09_moderate_blur,video1,267,09.09,moderate_blur,3,56,chair,0.1944,,0,False,True,False,False,0.224,0.614,326.135,282.122
botsort_persist_3,video1/v01_20-16_f00270_t09.09_moderate_blur,video1,267,09.09,moderate_blur,0,56,chair,0.6182,,0,False,True,False,False,0.927,0.0,325.386,410.931
botsort_persist_3,video1/v01_20-16_f00270_t09.09_moderate_blur,video1,267,09.09,moderate_blur,1,56,chair,0.5294,,0,False,True,False,False,360.03,1.74,507.845,249.725
botsort_persist_3,video1/v01_20-16_f00270_t09.09_moderate_blur,video1,267,09.09,moderate_blur,2,56,chair,0.4264,,0,False,True,False,False,430.061,2.696,639.104,418.923
botsort_persist_3,video1/v01_20-16_f00270_t09.09_moderate_blur,video1,267,09.09,moderate_blur,3,56,chair,0.1944,,0,False,True,False,False,0.224,0.614,326.135,282.122
botsort_persist_5,video1/v01_20-16_f00270_t09.09_moderate_blur,video1,267,09.09,moderate_blur,0,56,chair,0.6182,,0,False,True,False,False,0.927,0.0,325.386,410.931
botsort_persist_5,video1/v01_20-16_f00270_t09.09_moderate_blur,video1,267,09.09,moderate_blur,1,56,chair,0.5294,,0,False,True,False,False,360.03,1.74,507.845,249.725
botsort_persist_5,video1/v01_20-16_f00270_t09.09_moderate_blur,video1,267,09.09,moderate_blur,2,56,chair,0.4264,,0,False,True,False,False,430.061,2.696,639.104,418.923
botsort_persist_5,video1/v01_20-16_f00270_t09.09_moderate_blur,video1,267,09.09,moderate_blur,3,56,chair,0.1944,,0,False,True,False,False,0.224,0.614,326.135,282.122
raw,video1/v01_20-16_f00325_t10.94_clear,video1,322,10.94,clear,0,56,chair,0.324,,0,False,True,False,False,0.372,243.077,145.538,411.937
raw,video1/v01_20-16_f00325_t10.94_clear,video1,322,10.94,clear,1,56,chair,0.1663,,0,False,False,True,False,172.158,144.53,444.12,232.753
bytetrack,video1/v01_20-16_f00325_t10.94_clear,video1,322,10.94,clear,0,56,chair,0.3033,88,0,False,True,False,False,0.0,242.148,156.599,413.89
bytetrack_persist_1,video1/v01_20-16_f00325_t10.94_clear,video1,322,10.94,clear,0,56,chair,0.324,,0,False,True,False,False,0.372,243.077,145.538,411.937
bytetrack_persist_1,video1/v01_20-16_f00325_t10.94_clear,video1,322,10.94,clear,1,56,chair,0.1663,,0,False,False,True,False,172.158,144.53,444.12,232.753
bytetrack_persist_1,video1/v01_20-16_f00325_t10.94_clear,video1,322,10.94,clear,2,56,chair,0.5323,102,1,True,True,False,False,146.183,0.0,437.839,332.826
bytetrack_persist_1,video1/v01_20-16_f00325_t10.94_clear,video1,322,10.94,clear,3,56,chair,0.3049,110,1,True,False,True,True,0.0,1.648,168.01,176.784
bytetrack_persist_3,video1/v01_20-16_f00325_t10.94_clear,video1,322,10.94,clear,0,56,chair,0.324,,0,False,True,False,False,0.372,243.077,145.538,411.937
bytetrack_persist_3,video1/v01_20-16_f00325_t10.94_clear,video1,322,10.94,clear,1,56,chair,0.1663,,0,False,False,True,False,172.158,144.53,444.12,232.753
bytetrack_persist_3,video1/v01_20-16_f00325_t10.94_clear,video1,322,10.94,clear,2,56,chair,0.4577,104,2,True,False,True,True,496.344,156.257,607.307,425.653
bytetrack_persist_3,video1/v01_20-16_f00325_t10.94_clear,video1,322,10.94,clear,3,56,chair,0.5323,102,1,True,True,False,False,146.183,0.0,437.839,332.826
bytetrack_persist_3,video1/v01_20-16_f00325_t10.94_clear,video1,322,10.94,clear,4,56,chair,0.3049,110,1,True,False,True,True,0.0,1.648,168.01,176.784
bytetrack_persist_5,video1/v01_20-16_f00325_t10.94_clear,video1,322,10.94,clear,0,56,chair,0.324,,0,False,True,False,False,0.372,243.077,145.538,411.937
bytetrack_persist_5,video1/v01_20-16_f00325_t10.94_clear,video1,322,10.94,clear,1,56,chair,0.1663,,0,False,False,True,False,172.158,144.53,444.12,232.753
bytetrack_persist_5,video1/v01_20-16_f00325_t10.94_clear,video1,322,10.94,clear,2,56,chair,0.4577,104,2,True,False,True,True,496.344,156.257,607.307,425.653
bytetrack_persist_5,video1/v01_20-16_f00325_t10.94_clear,video1,322,10.94,clear,3,56,chair,0.5323,102,1,True,True,False,False,146.183,0.0,437.839,332.826
bytetrack_persist_5,video1/v01_20-16_f00325_t10.94_clear,video1,322,10.94,clear,4,56,chair,0.3049,110,1,True,False,True,True,0.0,1.648,168.01,176.784
botsort,video1/v01_20-16_f00325_t10.94_clear,video1,322,10.94,clear,0,56,chair,0.3033,87,0,False,True,False,False,0.0,241.806,147.605,413.917
botsort_persist_1,video1/v01_20-16_f00325_t10.94_clear,video1,322,10.94,clear,0,56,chair,0.324,,0,False,True,False,False,0.372,243.077,145.538,411.937
botsort_persist_1,video1/v01_20-16_f00325_t10.94_clear,video1,322,10.94,clear,1,56,chair,0.1663,,0,False,False,True,False,172.158,144.53,444.12,232.753
botsort_persist_1,video1/v01_20-16_f00325_t10.94_clear,video1,322,10.94,clear,2,56,chair,0.5323,93,1,True,True,False,False,114.249,0.0,441.151,320.013
botsort_persist_1,video1/v01_20-16_f00325_t10.94_clear,video1,322,10.94,clear,3,56,chair,0.2398,98,1,True,True,False,False,485.23,151.651,632.016,421.303
botsort_persist_1,video1/v01_20-16_f00325_t10.94_clear,video1,322,10.94,clear,4,56,chair,0.3049,95,1,True,False,True,True,0.0,0.0,147.24,168.893
botsort_persist_3,video1/v01_20-16_f00325_t10.94_clear,video1,322,10.94,clear,0,56,chair,0.324,,0,False,True,False,False,0.372,243.077,145.538,411.937
botsort_persist_3,video1/v01_20-16_f00325_t10.94_clear,video1,322,10.94,clear,1,56,chair,0.1663,,0,False,False,True,False,172.158,144.53,444.12,232.753
botsort_persist_3,video1/v01_20-16_f00325_t10.94_clear,video1,322,10.94,clear,2,56,chair,0.5323,93,1,True,True,False,False,114.249,0.0,441.151,320.013
botsort_persist_3,video1/v01_20-16_f00325_t10.94_clear,video1,322,10.94,clear,3,56,chair,0.2398,98,1,True,True,False,False,485.23,151.651,632.016,421.303
botsort_persist_3,video1/v01_20-16_f00325_t10.94_clear,video1,322,10.94,clear,4,56,chair,0.3049,95,1,True,False,True,True,0.0,0.0,147.24,168.893
botsort_persist_5,video1/v01_20-16_f00325_t10.94_clear,video1,322,10.94,clear,0,56,chair,0.324,,0,False,True,False,False,0.372,243.077,145.538,411.937
botsort_persist_5,video1/v01_20-16_f00325_t10.94_clear,video1,322,10.94,clear,1,56,chair,0.1663,,0,False,False,True,False,172.158,144.53,444.12,232.753
botsort_persist_5,video1/v01_20-16_f00325_t10.94_clear,video1,322,10.94,clear,2,56,chair,0.1965,96,4,True,False,True,True,147.029,0.0,449.072,190.023
botsort_persist_5,video1/v01_20-16_f00325_t10.94_clear,video1,322,10.94,clear,3,56,chair,0.5323,93,1,True,True,False,False,114.249,0.0,441.151,320.013
botsort_persist_5,video1/v01_20-16_f00325_t10.94_clear,video1,322,10.94,clear,4,56,chair,0.2398,98,1,True,True,False,False,485.23,151.651,632.016,421.303
botsort_persist_5,video1/v01_20-16_f00325_t10.94_clear,video1,322,10.94,clear,5,56,chair,0.3049,95,1,True,False,True,True,0.0,0.0,147.24,168.893
raw,video1/v01_20-16_f00352_t11.85_moderate_blur,video1,349,11.85,moderate_blur,0,56,chair,0.7644,,0,False,True,False,False,136.304,1.381,563.833,417.985
raw,video1/v01_20-16_f00352_t11.85_moderate_blur,video1,349,11.85,moderate_blur,1,56,chair,0.635,,0,False,True,False,False,0.206,6.991,122.385,402.825
raw,video1/v01_20-16_f00352_t11.85_moderate_blur,video1,349,11.85,moderate_blur,2,56,chair,0.3414,,0,False,True,False,False,264.1,2.916,533.912,274.869
raw,video1/v01_20-16_f00352_t11.85_moderate_blur,video1,349,11.85,moderate_blur,3,56,chair,0.282,,0,False,True,False,False,480.858,47.56,636.537,238.739
raw,video1/v01_20-16_f00352_t11.85_moderate_blur,video1,349,11.85,moderate_blur,4,56,chair,0.151,,0,False,True,False,False,277.601,1.828,430.449,194.027
bytetrack,video1/v01_20-16_f00352_t11.85_moderate_blur,video1,349,11.85,moderate_blur,0,56,chair,0.7589,87,0,False,True,False,False,119.432,0.0,593.997,416.841
bytetrack,video1/v01_20-16_f00352_t11.85_moderate_blur,video1,349,11.85,moderate_blur,1,56,chair,0.5939,117,0,False,True,False,False,0.0,13.808,176.17,412.15
bytetrack_persist_1,video1/v01_20-16_f00352_t11.85_moderate_blur,video1,349,11.85,moderate_blur,0,56,chair,0.7644,,0,False,True,False,False,136.304,1.381,563.833,417.985
bytetrack_persist_1,video1/v01_20-16_f00352_t11.85_moderate_blur,video1,349,11.85,moderate_blur,1,56,chair,0.635,,0,False,True,False,False,0.206,6.991,122.385,402.825
bytetrack_persist_1,video1/v01_20-16_f00352_t11.85_moderate_blur,video1,349,11.85,moderate_blur,2,56,chair,0.3414,,0,False,True,False,False,264.1,2.916,533.912,274.869
bytetrack_persist_1,video1/v01_20-16_f00352_t11.85_moderate_blur,video1,349,11.85,moderate_blur,3,56,chair,0.282,,0,False,True,False,False,480.858,47.56,636.537,238.739
bytetrack_persist_1,video1/v01_20-16_f00352_t11.85_moderate_blur,video1,349,11.85,moderate_blur,4,56,chair,0.151,,0,False,True,False,False,277.601,1.828,430.449,194.027
bytetrack_persist_3,video1/v01_20-16_f00352_t11.85_moderate_blur,video1,349,11.85,moderate_blur,0,56,chair,0.7644,,0,False,True,False,False,136.304,1.381,563.833,417.985
bytetrack_persist_3,video1/v01_20-16_f00352_t11.85_moderate_blur,video1,349,11.85,moderate_blur,1,56,chair,0.635,,0,False,True,False,False,0.206,6.991,122.385,402.825
bytetrack_persist_3,video1/v01_20-16_f00352_t11.85_moderate_blur,video1,349,11.85,moderate_blur,2,56,chair,0.3414,,0,False,True,False,False,264.1,2.916,533.912,274.869
bytetrack_persist_3,video1/v01_20-16_f00352_t11.85_moderate_blur,video1,349,11.85,moderate_blur,3,56,chair,0.282,,0,False,True,False,False,480.858,47.56,636.537,238.739
bytetrack_persist_3,video1/v01_20-16_f00352_t11.85_moderate_blur,video1,349,11.85,moderate_blur,4,56,chair,0.151,,0,False,True,False,False,277.601,1.828,430.449,194.027
bytetrack_persist_5,video1/v01_20-16_f00352_t11.85_moderate_blur,video1,349,11.85,moderate_blur,0,56,chair,0.7644,,0,False,True,False,False,136.304,1.381,563.833,417.985
bytetrack_persist_5,video1/v01_20-16_f00352_t11.85_moderate_blur,video1,349,11.85,moderate_blur,1,56,chair,0.635,,0,False,True,False,False,0.206,6.991,122.385,402.825
bytetrack_persist_5,video1/v01_20-16_f00352_t11.85_moderate_blur,video1,349,11.85,moderate_blur,2,56,chair,0.3414,,0,False,True,False,False,264.1,2.916,533.912,274.869
bytetrack_persist_5,video1/v01_20-16_f00352_t11.85_moderate_blur,video1,349,11.85,moderate_blur,3,56,chair,0.282,,0,False,True,False,False,480.858,47.56,636.537,238.739
bytetrack_persist_5,video1/v01_20-16_f00352_t11.85_moderate_blur,video1,349,11.85,moderate_blur,4,56,chair,0.151,,0,False,True,False,False,277.601,1.828,430.449,194.027
botsort,video1/v01_20-16_f00352_t11.85_moderate_blur,video1,349,11.85,moderate_blur,0,56,chair,0.5939,108,0,False,True,False,False,2.229,13.364,121.983,409.56
botsort,video1/v01_20-16_f00352_t11.85_moderate_blur,video1,349,11.85,moderate_blur,1,56,chair,0.7589,107,0,False,True,False,False,135.748,0.0,570.324,409.626
botsort_persist_1,video1/v01_20-16_f00352_t11.85_moderate_blur,video1,349,11.85,moderate_blur,0,56,chair,0.7644,,0,False,True,False,False,136.304,1.381,563.833,417.985
botsort_persist_1,video1/v01_20-16_f00352_t11.85_moderate_blur,video1,349,11.85,moderate_blur,1,56,chair,0.635,,0,False,True,False,False,0.206,6.991,122.385,402.825
botsort_persist_1,video1/v01_20-16_f00352_t11.85_moderate_blur,video1,349,11.85,moderate_blur,2,56,chair,0.3414,,0,False,True,False,False,264.1,2.916,533.912,274.869
botsort_persist_1,video1/v01_20-16_f00352_t11.85_moderate_blur,video1,349,11.85,moderate_blur,3,56,chair,0.282,,0,False,True,False,False,480.858,47.56,636.537,238.739
botsort_persist_1,video1/v01_20-16_f00352_t11.85_moderate_blur,video1,349,11.85,moderate_blur,4,56,chair,0.151,,0,False,True,False,False,277.601,1.828,430.449,194.027
botsort_persist_3,video1/v01_20-16_f00352_t11.85_moderate_blur,video1,349,11.85,moderate_blur,0,56,chair,0.7644,,0,False,True,False,False,136.304,1.381,563.833,417.985
botsort_persist_3,video1/v01_20-16_f00352_t11.85_moderate_blur,video1,349,11.85,moderate_blur,1,56,chair,0.635,,0,False,True,False,False,0.206,6.991,122.385,402.825
botsort_persist_3,video1/v01_20-16_f00352_t11.85_moderate_blur,video1,349,11.85,moderate_blur,2,56,chair,0.3414,,0,False,True,False,False,264.1,2.916,533.912,274.869
botsort_persist_3,video1/v01_20-16_f00352_t11.85_moderate_blur,video1,349,11.85,moderate_blur,3,56,chair,0.282,,0,False,True,False,False,480.858,47.56,636.537,238.739
botsort_persist_3,video1/v01_20-16_f00352_t11.85_moderate_blur,video1,349,11.85,moderate_blur,4,56,chair,0.151,,0,False,True,False,False,277.601,1.828,430.449,194.027
botsort_persist_5,video1/v01_20-16_f00352_t11.85_moderate_blur,video1,349,11.85,moderate_blur,0,56,chair,0.7644,,0,False,True,False,False,136.304,1.381,563.833,417.985
botsort_persist_5,video1/v01_20-16_f00352_t11.85_moderate_blur,video1,349,11.85,moderate_blur,1,56,chair,0.635,,0,False,True,False,False,0.206,6.991,122.385,402.825
botsort_persist_5,video1/v01_20-16_f00352_t11.85_moderate_blur,video1,349,11.85,moderate_blur,2,56,chair,0.3414,,0,False,True,False,False,264.1,2.916,533.912,274.869
botsort_persist_5,video1/v01_20-16_f00352_t11.85_moderate_blur,video1,349,11.85,moderate_blur,3,56,chair,0.282,,0,False,True,False,False,480.858,47.56,636.537,238.739
botsort_persist_5,video1/v01_20-16_f00352_t11.85_moderate_blur,video1,349,11.85,moderate_blur,4,56,chair,0.151,,0,False,True,False,False,277.601,1.828,430.449,194.027
raw,video2/v02_20-18_f00037_t01.23_moderate_blur,video2,37,01.23,moderate_blur,0,56,chair,0.2438,,0,False,True,False,False,386.239,146.869,639.708,396.409
raw,video2/v02_20-18_f00037_t01.23_moderate_blur,video2,37,01.23,moderate_blur,1,56,chair,0.2057,,0,False,True,False,False,1.523,143.726,96.703,231.812
bytetrack_persist_1,video2/v02_20-18_f00037_t01.23_moderate_blur,video2,37,01.23,moderate_blur,0,56,chair,0.2438,,0,False,True,False,False,386.239,146.869,639.708,396.409
bytetrack_persist_1,video2/v02_20-18_f00037_t01.23_moderate_blur,video2,37,01.23,moderate_blur,1,56,chair,0.2057,,0,False,True,False,False,1.523,143.726,96.703,231.812
bytetrack_persist_3,video2/v02_20-18_f00037_t01.23_moderate_blur,video2,37,01.23,moderate_blur,0,56,chair,0.2438,,0,False,True,False,False,386.239,146.869,639.708,396.409
bytetrack_persist_3,video2/v02_20-18_f00037_t01.23_moderate_blur,video2,37,01.23,moderate_blur,1,56,chair,0.2057,,0,False,True,False,False,1.523,143.726,96.703,231.812
bytetrack_persist_5,video2/v02_20-18_f00037_t01.23_moderate_blur,video2,37,01.23,moderate_blur,0,56,chair,0.2438,,0,False,True,False,False,386.239,146.869,639.708,396.409
bytetrack_persist_5,video2/v02_20-18_f00037_t01.23_moderate_blur,video2,37,01.23,moderate_blur,1,56,chair,0.2057,,0,False,True,False,False,1.523,143.726,96.703,231.812
botsort_persist_1,video2/v02_20-18_f00037_t01.23_moderate_blur,video2,37,01.23,moderate_blur,0,56,chair,0.2438,,0,False,True,False,False,386.239,146.869,639.708,396.409
botsort_persist_1,video2/v02_20-18_f00037_t01.23_moderate_blur,video2,37,01.23,moderate_blur,1,56,chair,0.2057,,0,False,True,False,False,1.523,143.726,96.703,231.812
botsort_persist_3,video2/v02_20-18_f00037_t01.23_moderate_blur,video2,37,01.23,moderate_blur,0,56,chair,0.2438,,0,False,True,False,False,386.239,146.869,639.708,396.409
botsort_persist_3,video2/v02_20-18_f00037_t01.23_moderate_blur,video2,37,01.23,moderate_blur,1,56,chair,0.2057,,0,False,True,False,False,1.523,143.726,96.703,231.812
botsort_persist_5,video2/v02_20-18_f00037_t01.23_moderate_blur,video2,37,01.23,moderate_blur,0,56,chair,0.2438,,0,False,True,False,False,386.239,146.869,639.708,396.409
botsort_persist_5,video2/v02_20-18_f00037_t01.23_moderate_blur,video2,37,01.23,moderate_blur,1,56,chair,0.2057,,0,False,True,False,False,1.523,143.726,96.703,231.812
bytetrack_persist_1,video2/v02_20-18_f00151_t05.03_moderate_blur,video2,151,05.03,moderate_blur,0,56,chair,0.3711,21,1,True,True,False,False,506.334,136.704,640.0,380.203
bytetrack_persist_3,video2/v02_20-18_f00151_t05.03_moderate_blur,video2,151,05.03,moderate_blur,0,56,chair,0.3711,21,1,True,True,False,False,506.334,136.704,640.0,380.203
bytetrack_persist_5,video2/v02_20-18_f00151_t05.03_moderate_blur,video2,151,05.03,moderate_blur,0,56,chair,0.3711,21,1,True,True,False,False,506.334,136.704,640.0,380.203
botsort_persist_1,video2/v02_20-18_f00151_t05.03_moderate_blur,video2,151,05.03,moderate_blur,0,56,chair,0.3711,22,1,True,True,False,False,518.257,146.472,640.0,392.938
botsort_persist_3,video2/v02_20-18_f00151_t05.03_moderate_blur,video2,151,05.03,moderate_blur,0,56,chair,0.3711,22,1,True,True,False,False,518.257,146.472,640.0,392.938
botsort_persist_5,video2/v02_20-18_f00151_t05.03_moderate_blur,video2,151,05.03,moderate_blur,0,56,chair,0.3711,22,1,True,True,False,False,518.257,146.472,640.0,392.938
bytetrack_persist_5,video2/v02_20-18_f00264_t08.80_moderate_blur,video2,264,08.80,moderate_blur,0,56,chair,0.2183,37,5,True,False,True,True,348.533,103.613,609.187,424.136
botsort_persist_5,video2/v02_20-18_f00264_t08.80_moderate_blur,video2,264,08.80,moderate_blur,0,56,chair,0.2183,41,5,True,False,True,True,508.665,139.105,640.0,426.0
raw,video2/v02_20-18_f00340_t11.33_clear,video2,340,11.33,clear,0,56,chair,0.4917,,0,False,True,False,False,538.373,75.101,639.718,345.462
bytetrack,video2/v02_20-18_f00340_t11.33_clear,video2,340,11.33,clear,0,56,chair,0.4425,51,0,False,True,False,False,528.719,100.407,640.0,343.04
bytetrack_persist_1,video2/v02_20-18_f00340_t11.33_clear,video2,340,11.33,clear,0,56,chair,0.4917,,0,False,True,False,False,538.373,75.101,639.718,345.462
bytetrack_persist_3,video2/v02_20-18_f00340_t11.33_clear,video2,340,11.33,clear,0,56,chair,0.4917,,0,False,True,False,False,538.373,75.101,639.718,345.462
bytetrack_persist_5,video2/v02_20-18_f00340_t11.33_clear,video2,340,11.33,clear,0,56,chair,0.4917,,0,False,True,False,False,538.373,75.101,639.718,345.462
botsort,video2/v02_20-18_f00340_t11.33_clear,video2,340,11.33,clear,0,56,chair,0.4425,53,0,False,True,False,False,537.593,105.675,639.988,343.598
botsort_persist_1,video2/v02_20-18_f00340_t11.33_clear,video2,340,11.33,clear,0,56,chair,0.4917,,0,False,True,False,False,538.373,75.101,639.718,345.462
botsort_persist_3,video2/v02_20-18_f00340_t11.33_clear,video2,340,11.33,clear,0,56,chair,0.4917,,0,False,True,False,False,538.373,75.101,639.718,345.462
botsort_persist_5,video2/v02_20-18_f00340_t11.33_clear,video2,340,11.33,clear,0,56,chair,0.4917,,0,False,True,False,False,538.373,75.101,639.718,345.462
raw,video2/v02_20-18_f00718_t23.93_clear,video2,718,23.93,clear,0,56,chair,0.6877,,0,False,True,False,False,183.405,1.326,499.287,414.689
bytetrack,video2/v02_20-18_f00718_t23.93_clear,video2,718,23.93,clear,0,56,chair,0.6663,93,0,False,True,False,False,199.192,2.217,515.892,414.865
bytetrack_persist_1,video2/v02_20-18_f00718_t23.93_clear,video2,718,23.93,clear,0,56,chair,0.6877,,0,False,True,False,False,183.405,1.326,499.287,414.689
bytetrack_persist_3,video2/v02_20-18_f00718_t23.93_clear,video2,718,23.93,clear,0,56,chair,0.6877,,0,False,True,False,False,183.405,1.326,499.287,414.689
bytetrack_persist_5,video2/v02_20-18_f00718_t23.93_clear,video2,718,23.93,clear,0,56,chair,0.6877,,0,False,True,False,False,183.405,1.326,499.287,414.689
botsort,video2/v02_20-18_f00718_t23.93_clear,video2,718,23.93,clear,0,56,chair,0.6663,93,0,False,True,False,False,193.029,0.0,508.806,406.686
botsort_persist_1,video2/v02_20-18_f00718_t23.93_clear,video2,718,23.93,clear,0,56,chair,0.6877,,0,False,True,False,False,183.405,1.326,499.287,414.689
botsort_persist_3,video2/v02_20-18_f00718_t23.93_clear,video2,718,23.93,clear,0,56,chair,0.6877,,0,False,True,False,False,183.405,1.326,499.287,414.689
botsort_persist_5,video2/v02_20-18_f00718_t23.93_clear,video2,718,23.93,clear,0,56,chair,0.6877,,0,False,True,False,False,183.405,1.326,499.287,414.689
raw,video2/v02_20-18_f00794_t26.47_moderate_blur,video2,794,26.47,moderate_blur,0,56,chair,0.3634,,0,False,True,False,False,223.09,0.889,637.738,349.85
bytetrack,video2/v02_20-18_f00794_t26.47_moderate_blur,video2,794,26.47,moderate_blur,0,56,chair,0.2731,103,0,False,True,False,False,217.688,2.219,394.061,348.517
bytetrack,video2/v02_20-18_f00794_t26.47_moderate_blur,video2,794,26.47,moderate_blur,1,56,chair,0.2551,93,0,False,True,False,False,334.574,18.441,640.0,415.275
bytetrack_persist_1,video2/v02_20-18_f00794_t26.47_moderate_blur,video2,794,26.47,moderate_blur,0,56,chair,0.3634,,0,False,True,False,False,223.09,0.889,637.738,349.85
bytetrack_persist_3,video2/v02_20-18_f00794_t26.47_moderate_blur,video2,794,26.47,moderate_blur,0,56,chair,0.3634,,0,False,True,False,False,223.09,0.889,637.738,349.85
bytetrack_persist_5,video2/v02_20-18_f00794_t26.47_moderate_blur,video2,794,26.47,moderate_blur,0,56,chair,0.3634,,0,False,True,False,False,223.09,0.889,637.738,349.85
botsort,video2/v02_20-18_f00794_t26.47_moderate_blur,video2,794,26.47,moderate_blur,0,56,chair,0.2731,97,0,False,True,False,False,218.337,1.861,392.303,348.188
botsort,video2/v02_20-18_f00794_t26.47_moderate_blur,video2,794,26.47,moderate_blur,1,56,chair,0.2551,93,0,False,True,False,False,332.688,18.361,640.0,414.318
botsort_persist_1,video2/v02_20-18_f00794_t26.47_moderate_blur,video2,794,26.47,moderate_blur,0,56,chair,0.3634,,0,False,True,False,False,223.09,0.889,637.738,349.85
botsort_persist_3,video2/v02_20-18_f00794_t26.47_moderate_blur,video2,794,26.47,moderate_blur,0,56,chair,0.3634,,0,False,True,False,False,223.09,0.889,637.738,349.85
botsort_persist_5,video2/v02_20-18_f00794_t26.47_moderate_blur,video2,794,26.47,moderate_blur,0,56,chair,0.3634,,0,False,True,False,False,223.09,0.889,637.738,349.85
raw,video3/v03_20-20_f00000_t00.00_clear,video3,0,00.00,clear,0,0,person,0.9103,,0,False,True,False,False,508.211,64.639,639.705,422.242
raw,video3/v03_20-20_f00000_t00.00_clear,video3,0,00.00,clear,1,56,chair,0.5586,,0,False,True,False,False,0.592,3.37,284.409,414.796
raw,video3/v03_20-20_f00000_t00.00_clear,video3,0,00.00,clear,2,39,bottle,0.4599,,0,False,True,False,False,271.514,315.446,309.336,376.715
raw,video3/v03_20-20_f00000_t00.00_clear,video3,0,00.00,clear,3,0,person,0.1896,,0,False,True,False,False,526.342,116.103,592.958,247.304
bytetrack,video3/v03_20-20_f00000_t00.00_clear,video3,0,00.00,clear,0,0,person,0.9092,1,0,False,True,False,False,507.532,64.826,639.704,422.093
bytetrack,video3/v03_20-20_f00000_t00.00_clear,video3,0,00.00,clear,1,56,chair,0.5787,2,0,False,True,False,False,0.651,2.899,283.859,414.759
bytetrack,video3/v03_20-20_f00000_t00.00_clear,video3,0,00.00,clear,2,39,bottle,0.3981,3,0,False,True,False,False,271.64,315.51,309.403,376.74
bytetrack_persist_1,video3/v03_20-20_f00000_t00.00_clear,video3,0,00.00,clear,0,0,person,0.9103,,0,False,True,False,False,508.211,64.639,639.705,422.242
bytetrack_persist_1,video3/v03_20-20_f00000_t00.00_clear,video3,0,00.00,clear,1,56,chair,0.5586,,0,False,True,False,False,0.592,3.37,284.409,414.796
bytetrack_persist_1,video3/v03_20-20_f00000_t00.00_clear,video3,0,00.00,clear,2,39,bottle,0.4599,,0,False,True,False,False,271.514,315.446,309.336,376.715
bytetrack_persist_1,video3/v03_20-20_f00000_t00.00_clear,video3,0,00.00,clear,3,0,person,0.1896,,0,False,True,False,False,526.342,116.103,592.958,247.304
bytetrack_persist_3,video3/v03_20-20_f00000_t00.00_clear,video3,0,00.00,clear,0,0,person,0.9103,,0,False,True,False,False,508.211,64.639,639.705,422.242
bytetrack_persist_3,video3/v03_20-20_f00000_t00.00_clear,video3,0,00.00,clear,1,56,chair,0.5586,,0,False,True,False,False,0.592,3.37,284.409,414.796
bytetrack_persist_3,video3/v03_20-20_f00000_t00.00_clear,video3,0,00.00,clear,2,39,bottle,0.4599,,0,False,True,False,False,271.514,315.446,309.336,376.715
bytetrack_persist_3,video3/v03_20-20_f00000_t00.00_clear,video3,0,00.00,clear,3,0,person,0.1896,,0,False,True,False,False,526.342,116.103,592.958,247.304
bytetrack_persist_5,video3/v03_20-20_f00000_t00.00_clear,video3,0,00.00,clear,0,0,person,0.9103,,0,False,True,False,False,508.211,64.639,639.705,422.242
bytetrack_persist_5,video3/v03_20-20_f00000_t00.00_clear,video3,0,00.00,clear,1,56,chair,0.5586,,0,False,True,False,False,0.592,3.37,284.409,414.796
bytetrack_persist_5,video3/v03_20-20_f00000_t00.00_clear,video3,0,00.00,clear,2,39,bottle,0.4599,,0,False,True,False,False,271.514,315.446,309.336,376.715
bytetrack_persist_5,video3/v03_20-20_f00000_t00.00_clear,video3,0,00.00,clear,3,0,person,0.1896,,0,False,True,False,False,526.342,116.103,592.958,247.304
botsort,video3/v03_20-20_f00000_t00.00_clear,video3,0,00.00,clear,0,0,person,0.9092,1,0,False,True,False,False,507.532,64.826,639.704,422.093
botsort,video3/v03_20-20_f00000_t00.00_clear,video3,0,00.00,clear,1,56,chair,0.5787,2,0,False,True,False,False,0.651,2.899,283.859,414.759
botsort,video3/v03_20-20_f00000_t00.00_clear,video3,0,00.00,clear,2,39,bottle,0.3981,3,0,False,True,False,False,271.64,315.51,309.403,376.74
botsort_persist_1,video3/v03_20-20_f00000_t00.00_clear,video3,0,00.00,clear,0,0,person,0.9103,,0,False,True,False,False,508.211,64.639,639.705,422.242
botsort_persist_1,video3/v03_20-20_f00000_t00.00_clear,video3,0,00.00,clear,1,56,chair,0.5586,,0,False,True,False,False,0.592,3.37,284.409,414.796
botsort_persist_1,video3/v03_20-20_f00000_t00.00_clear,video3,0,00.00,clear,2,39,bottle,0.4599,,0,False,True,False,False,271.514,315.446,309.336,376.715
botsort_persist_1,video3/v03_20-20_f00000_t00.00_clear,video3,0,00.00,clear,3,0,person,0.1896,,0,False,True,False,False,526.342,116.103,592.958,247.304
botsort_persist_3,video3/v03_20-20_f00000_t00.00_clear,video3,0,00.00,clear,0,0,person,0.9103,,0,False,True,False,False,508.211,64.639,639.705,422.242
botsort_persist_3,video3/v03_20-20_f00000_t00.00_clear,video3,0,00.00,clear,1,56,chair,0.5586,,0,False,True,False,False,0.592,3.37,284.409,414.796
botsort_persist_3,video3/v03_20-20_f00000_t00.00_clear,video3,0,00.00,clear,2,39,bottle,0.4599,,0,False,True,False,False,271.514,315.446,309.336,376.715
botsort_persist_3,video3/v03_20-20_f00000_t00.00_clear,video3,0,00.00,clear,3,0,person,0.1896,,0,False,True,False,False,526.342,116.103,592.958,247.304
botsort_persist_5,video3/v03_20-20_f00000_t00.00_clear,video3,0,00.00,clear,0,0,person,0.9103,,0,False,True,False,False,508.211,64.639,639.705,422.242
botsort_persist_5,video3/v03_20-20_f00000_t00.00_clear,video3,0,00.00,clear,1,56,chair,0.5586,,0,False,True,False,False,0.592,3.37,284.409,414.796
botsort_persist_5,video3/v03_20-20_f00000_t00.00_clear,video3,0,00.00,clear,2,39,bottle,0.4599,,0,False,True,False,False,271.514,315.446,309.336,376.715
botsort_persist_5,video3/v03_20-20_f00000_t00.00_clear,video3,0,00.00,clear,3,0,person,0.1896,,0,False,True,False,False,526.342,116.103,592.958,247.304
raw,video3/v03_20-20_f00016_t00.53_clear,video3,16,00.53,clear,0,56,chair,0.2555,,0,False,True,False,False,0.609,3.104,175.917,254.432
bytetrack_persist_1,video3/v03_20-20_f00016_t00.53_clear,video3,16,00.53,clear,0,56,chair,0.2555,,0,False,True,False,False,0.609,3.104,175.917,254.432
bytetrack_persist_3,video3/v03_20-20_f00016_t00.53_clear,video3,16,00.53,clear,0,56,chair,0.2555,,0,False,True,False,False,0.609,3.104,175.917,254.432
bytetrack_persist_5,video3/v03_20-20_f00016_t00.53_clear,video3,16,00.53,clear,0,56,chair,0.2555,,0,False,True,False,False,0.609,3.104,175.917,254.432
botsort_persist_1,video3/v03_20-20_f00016_t00.53_clear,video3,16,00.53,clear,0,56,chair,0.2555,,0,False,True,False,False,0.609,3.104,175.917,254.432
botsort_persist_3,video3/v03_20-20_f00016_t00.53_clear,video3,16,00.53,clear,0,56,chair,0.2555,,0,False,True,False,False,0.609,3.104,175.917,254.432
botsort_persist_5,video3/v03_20-20_f00016_t00.53_clear,video3,16,00.53,clear,0,56,chair,0.2555,,0,False,True,False,False,0.609,3.104,175.917,254.432
raw,video3/v03_20-20_f00048_t01.60_moderate_blur,video3,48,01.60,moderate_blur,0,28,suitcase,0.1939,,0,False,False,True,False,171.924,264.842,338.885,396.893
bytetrack_persist_1,video3/v03_20-20_f00048_t01.60_moderate_blur,video3,48,01.60,moderate_blur,0,28,suitcase,0.1939,,0,False,False,True,False,171.924,264.842,338.885,396.893
bytetrack_persist_3,video3/v03_20-20_f00048_t01.60_moderate_blur,video3,48,01.60,moderate_blur,0,28,suitcase,0.1939,,0,False,False,True,False,171.924,264.842,338.885,396.893
bytetrack_persist_5,video3/v03_20-20_f00048_t01.60_moderate_blur,video3,48,01.60,moderate_blur,0,28,suitcase,0.1939,,0,False,False,True,False,171.924,264.842,338.885,396.893
botsort_persist_1,video3/v03_20-20_f00048_t01.60_moderate_blur,video3,48,01.60,moderate_blur,0,28,suitcase,0.1939,,0,False,False,True,False,171.924,264.842,338.885,396.893
botsort_persist_3,video3/v03_20-20_f00048_t01.60_moderate_blur,video3,48,01.60,moderate_blur,0,28,suitcase,0.1939,,0,False,False,True,False,171.924,264.842,338.885,396.893
botsort_persist_5,video3/v03_20-20_f00048_t01.60_moderate_blur,video3,48,01.60,moderate_blur,0,28,suitcase,0.1939,,0,False,False,True,False,171.924,264.842,338.885,396.893
raw,video3/v03_20-20_f00064_t02.13_clear,video3,64,02.13,clear,0,24,backpack,0.3142,,0,False,True,False,False,322.515,1.314,638.39,228.405
bytetrack_persist_1,video3/v03_20-20_f00064_t02.13_clear,video3,64,02.13,clear,0,24,backpack,0.3142,,0,False,True,False,False,322.515,1.314,638.39,228.405
bytetrack_persist_3,video3/v03_20-20_f00064_t02.13_clear,video3,64,02.13,clear,0,24,backpack,0.3142,,0,False,True,False,False,322.515,1.314,638.39,228.405
bytetrack_persist_5,video3/v03_20-20_f00064_t02.13_clear,video3,64,02.13,clear,0,24,backpack,0.3142,,0,False,True,False,False,322.515,1.314,638.39,228.405
botsort_persist_1,video3/v03_20-20_f00064_t02.13_clear,video3,64,02.13,clear,0,24,backpack,0.3142,,0,False,True,False,False,322.515,1.314,638.39,228.405
botsort_persist_3,video3/v03_20-20_f00064_t02.13_clear,video3,64,02.13,clear,0,24,backpack,0.3142,,0,False,True,False,False,322.515,1.314,638.39,228.405
botsort_persist_5,video3/v03_20-20_f00064_t02.13_clear,video3,64,02.13,clear,0,24,backpack,0.3142,,0,False,True,False,False,322.515,1.314,638.39,228.405
raw,video3/v03_20-20_f00097_t03.23_clear,video3,97,03.23,clear,0,0,person,0.788,,0,False,True,False,False,531.122,103.258,639.816,419.398
raw,video3/v03_20-20_f00097_t03.23_clear,video3,97,03.23,clear,1,24,backpack,0.6589,,0,False,True,False,False,100.803,163.236,212.345,299.415
raw,video3/v03_20-20_f00097_t03.23_clear,video3,97,03.23,clear,2,56,chair,0.6391,,0,False,True,False,False,0.743,2.927,203.654,416.057
raw,video3/v03_20-20_f00097_t03.23_clear,video3,97,03.23,clear,3,0,person,0.3297,,0,False,True,False,False,537.577,126.477,613.08,261.769
raw,video3/v03_20-20_f00097_t03.23_clear,video3,97,03.23,clear,4,0,person,0.2321,,0,False,True,False,False,536.754,147.967,598.974,260.88
bytetrack,video3/v03_20-20_f00097_t03.23_clear,video3,97,03.23,clear,0,56,chair,0.6832,18,0,False,True,False,False,16.049,3.009,192.238,416.407
bytetrack,video3/v03_20-20_f00097_t03.23_clear,video3,97,03.23,clear,1,0,person,0.7822,19,0,False,True,False,False,513.549,105.603,640.0,419.78
bytetrack,video3/v03_20-20_f00097_t03.23_clear,video3,97,03.23,clear,2,24,backpack,0.6539,21,0,False,True,False,False,103.003,165.065,210.403,298.591
bytetrack_persist_1,video3/v03_20-20_f00097_t03.23_clear,video3,97,03.23,clear,0,0,person,0.788,,0,False,True,False,False,531.122,103.258,639.816,419.398
bytetrack_persist_1,video3/v03_20-20_f00097_t03.23_clear,video3,97,03.23,clear,1,24,backpack,0.6589,,0,False,True,False,False,100.803,163.236,212.345,299.415
bytetrack_persist_1,video3/v03_20-20_f00097_t03.23_clear,video3,97,03.23,clear,2,56,chair,0.6391,,0,False,True,False,False,0.743,2.927,203.654,416.057
bytetrack_persist_1,video3/v03_20-20_f00097_t03.23_clear,video3,97,03.23,clear,3,0,person,0.3297,,0,False,True,False,False,537.577,126.477,613.08,261.769
bytetrack_persist_1,video3/v03_20-20_f00097_t03.23_clear,video3,97,03.23,clear,4,0,person,0.2321,,0,False,True,False,False,536.754,147.967,598.974,260.88
bytetrack_persist_3,video3/v03_20-20_f00097_t03.23_clear,video3,97,03.23,clear,0,0,person,0.788,,0,False,True,False,False,531.122,103.258,639.816,419.398
bytetrack_persist_3,video3/v03_20-20_f00097_t03.23_clear,video3,97,03.23,clear,1,24,backpack,0.6589,,0,False,True,False,False,100.803,163.236,212.345,299.415
bytetrack_persist_3,video3/v03_20-20_f00097_t03.23_clear,video3,97,03.23,clear,2,56,chair,0.6391,,0,False,True,False,False,0.743,2.927,203.654,416.057
bytetrack_persist_3,video3/v03_20-20_f00097_t03.23_clear,video3,97,03.23,clear,3,0,person,0.3297,,0,False,True,False,False,537.577,126.477,613.08,261.769
bytetrack_persist_3,video3/v03_20-20_f00097_t03.23_clear,video3,97,03.23,clear,4,0,person,0.2321,,0,False,True,False,False,536.754,147.967,598.974,260.88
bytetrack_persist_5,video3/v03_20-20_f00097_t03.23_clear,video3,97,03.23,clear,0,0,person,0.788,,0,False,True,False,False,531.122,103.258,639.816,419.398
bytetrack_persist_5,video3/v03_20-20_f00097_t03.23_clear,video3,97,03.23,clear,1,24,backpack,0.6589,,0,False,True,False,False,100.803,163.236,212.345,299.415
bytetrack_persist_5,video3/v03_20-20_f00097_t03.23_clear,video3,97,03.23,clear,2,56,chair,0.6391,,0,False,True,False,False,0.743,2.927,203.654,416.057
bytetrack_persist_5,video3/v03_20-20_f00097_t03.23_clear,video3,97,03.23,clear,3,0,person,0.3297,,0,False,True,False,False,537.577,126.477,613.08,261.769
bytetrack_persist_5,video3/v03_20-20_f00097_t03.23_clear,video3,97,03.23,clear,4,0,person,0.2321,,0,False,True,False,False,536.754,147.967,598.974,260.88
botsort,video3/v03_20-20_f00097_t03.23_clear,video3,97,03.23,clear,0,0,person,0.7822,15,0,False,True,False,False,531.664,102.806,637.841,418.016
botsort,video3/v03_20-20_f00097_t03.23_clear,video3,97,03.23,clear,1,56,chair,0.6832,16,0,False,True,False,False,0.0,0.396,205.281,414.158
botsort,video3/v03_20-20_f00097_t03.23_clear,video3,97,03.23,clear,2,24,backpack,0.6539,19,0,False,True,False,False,103.113,164.408,212.506,298.106
botsort_persist_1,video3/v03_20-20_f00097_t03.23_clear,video3,97,03.23,clear,0,0,person,0.788,,0,False,True,False,False,531.122,103.258,639.816,419.398
botsort_persist_1,video3/v03_20-20_f00097_t03.23_clear,video3,97,03.23,clear,1,24,backpack,0.6589,,0,False,True,False,False,100.803,163.236,212.345,299.415
botsort_persist_1,video3/v03_20-20_f00097_t03.23_clear,video3,97,03.23,clear,2,56,chair,0.6391,,0,False,True,False,False,0.743,2.927,203.654,416.057
botsort_persist_1,video3/v03_20-20_f00097_t03.23_clear,video3,97,03.23,clear,3,0,person,0.3297,,0,False,True,False,False,537.577,126.477,613.08,261.769
botsort_persist_1,video3/v03_20-20_f00097_t03.23_clear,video3,97,03.23,clear,4,0,person,0.2321,,0,False,True,False,False,536.754,147.967,598.974,260.88
botsort_persist_3,video3/v03_20-20_f00097_t03.23_clear,video3,97,03.23,clear,0,0,person,0.788,,0,False,True,False,False,531.122,103.258,639.816,419.398
botsort_persist_3,video3/v03_20-20_f00097_t03.23_clear,video3,97,03.23,clear,1,24,backpack,0.6589,,0,False,True,False,False,100.803,163.236,212.345,299.415
botsort_persist_3,video3/v03_20-20_f00097_t03.23_clear,video3,97,03.23,clear,2,56,chair,0.6391,,0,False,True,False,False,0.743,2.927,203.654,416.057
botsort_persist_3,video3/v03_20-20_f00097_t03.23_clear,video3,97,03.23,clear,3,0,person,0.3297,,0,False,True,False,False,537.577,126.477,613.08,261.769
botsort_persist_3,video3/v03_20-20_f00097_t03.23_clear,video3,97,03.23,clear,4,0,person,0.2321,,0,False,True,False,False,536.754,147.967,598.974,260.88
botsort_persist_5,video3/v03_20-20_f00097_t03.23_clear,video3,97,03.23,clear,0,0,person,0.788,,0,False,True,False,False,531.122,103.258,639.816,419.398
botsort_persist_5,video3/v03_20-20_f00097_t03.23_clear,video3,97,03.23,clear,1,24,backpack,0.6589,,0,False,True,False,False,100.803,163.236,212.345,299.415
botsort_persist_5,video3/v03_20-20_f00097_t03.23_clear,video3,97,03.23,clear,2,56,chair,0.6391,,0,False,True,False,False,0.743,2.927,203.654,416.057
botsort_persist_5,video3/v03_20-20_f00097_t03.23_clear,video3,97,03.23,clear,3,0,person,0.3297,,0,False,True,False,False,537.577,126.477,613.08,261.769
botsort_persist_5,video3/v03_20-20_f00097_t03.23_clear,video3,97,03.23,clear,4,0,person,0.2321,,0,False,True,False,False,536.754,147.967,598.974,260.88
bytetrack_persist_1,video3/v03_20-20_f00113_t03.77_severe_blur,video3,113,03.77,severe_blur,0,0,person,0.1922,19,1,True,True,False,False,364.175,0.0,577.545,411.802
bytetrack_persist_3,video3/v03_20-20_f00113_t03.77_severe_blur,video3,113,03.77,severe_blur,0,0,person,0.1922,19,1,True,True,False,False,364.175,0.0,577.545,411.802
bytetrack_persist_5,video3/v03_20-20_f00113_t03.77_severe_blur,video3,113,03.77,severe_blur,0,0,person,0.1922,19,1,True,True,False,False,364.175,0.0,577.545,411.802
botsort_persist_1,video3/v03_20-20_f00113_t03.77_severe_blur,video3,113,03.77,severe_blur,0,0,person,0.1922,15,1,True,True,False,False,292.688,0.0,595.89,398.087
botsort_persist_3,video3/v03_20-20_f00113_t03.77_severe_blur,video3,113,03.77,severe_blur,0,0,person,0.1922,15,1,True,True,False,False,292.688,0.0,595.89,398.087
botsort_persist_5,video3/v03_20-20_f00113_t03.77_severe_blur,video3,113,03.77,severe_blur,0,0,person,0.1922,15,1,True,True,False,False,292.688,0.0,595.89,398.087
raw,video3/v03_20-20_f00161_t05.37_moderate_blur,video3,161,05.37,moderate_blur,0,24,backpack,0.3725,,0,False,True,False,False,111.261,251.289,304.305,421.766
raw,video3/v03_20-20_f00161_t05.37_moderate_blur,video3,161,05.37,moderate_blur,1,28,suitcase,0.2931,,0,False,False,True,False,111.515,249.896,304.878,421.471
bytetrack,video3/v03_20-20_f00161_t05.37_moderate_blur,video3,161,05.37,moderate_blur,0,24,backpack,0.2321,41,0,False,True,False,False,109.369,252.797,308.625,421.716
bytetrack_persist_1,video3/v03_20-20_f00161_t05.37_moderate_blur,video3,161,05.37,moderate_blur,0,24,backpack,0.3725,,0,False,True,False,False,111.261,251.289,304.305,421.766
bytetrack_persist_1,video3/v03_20-20_f00161_t05.37_moderate_blur,video3,161,05.37,moderate_blur,1,28,suitcase,0.2931,,0,False,False,True,False,111.515,249.896,304.878,421.471
bytetrack_persist_3,video3/v03_20-20_f00161_t05.37_moderate_blur,video3,161,05.37,moderate_blur,0,24,backpack,0.3725,,0,False,True,False,False,111.261,251.289,304.305,421.766
bytetrack_persist_3,video3/v03_20-20_f00161_t05.37_moderate_blur,video3,161,05.37,moderate_blur,1,28,suitcase,0.2931,,0,False,False,True,False,111.515,249.896,304.878,421.471
bytetrack_persist_3,video3/v03_20-20_f00161_t05.37_moderate_blur,video3,161,05.37,moderate_blur,2,24,backpack,0.4799,39,2,True,False,True,True,196.319,279.589,306.546,426.0
bytetrack_persist_5,video3/v03_20-20_f00161_t05.37_moderate_blur,video3,161,05.37,moderate_blur,0,24,backpack,0.3725,,0,False,True,False,False,111.261,251.289,304.305,421.766
bytetrack_persist_5,video3/v03_20-20_f00161_t05.37_moderate_blur,video3,161,05.37,moderate_blur,1,28,suitcase,0.2931,,0,False,False,True,False,111.515,249.896,304.878,421.471
bytetrack_persist_5,video3/v03_20-20_f00161_t05.37_moderate_blur,video3,161,05.37,moderate_blur,2,24,backpack,0.4799,39,2,True,False,True,True,196.319,279.589,306.546,426.0
botsort,video3/v03_20-20_f00161_t05.37_moderate_blur,video3,161,05.37,moderate_blur,0,24,backpack,0.2321,36,0,False,True,False,False,109.954,252.442,303.486,418.618
botsort_persist_1,video3/v03_20-20_f00161_t05.37_moderate_blur,video3,161,05.37,moderate_blur,0,24,backpack,0.3725,,0,False,True,False,False,111.261,251.289,304.305,421.766
botsort_persist_1,video3/v03_20-20_f00161_t05.37_moderate_blur,video3,161,05.37,moderate_blur,1,28,suitcase,0.2931,,0,False,False,True,False,111.515,249.896,304.878,421.471
botsort_persist_3,video3/v03_20-20_f00161_t05.37_moderate_blur,video3,161,05.37,moderate_blur,0,24,backpack,0.3725,,0,False,True,False,False,111.261,251.289,304.305,421.766
botsort_persist_3,video3/v03_20-20_f00161_t05.37_moderate_blur,video3,161,05.37,moderate_blur,1,28,suitcase,0.2931,,0,False,False,True,False,111.515,249.896,304.878,421.471
botsort_persist_5,video3/v03_20-20_f00161_t05.37_moderate_blur,video3,161,05.37,moderate_blur,0,24,backpack,0.3725,,0,False,True,False,False,111.261,251.289,304.305,421.766
botsort_persist_5,video3/v03_20-20_f00161_t05.37_moderate_blur,video3,161,05.37,moderate_blur,1,28,suitcase,0.2931,,0,False,False,True,False,111.515,249.896,304.878,421.471
raw,video3/v03_20-20_f00177_t05.90_moderate_blur,video3,177,05.90,moderate_blur,0,0,person,0.3102,,0,False,True,False,False,346.984,3.732,638.862,360.216
bytetrack_persist_1,video3/v03_20-20_f00177_t05.90_moderate_blur,video3,177,05.90,moderate_blur,0,0,person,0.3102,,0,False,True,False,False,346.984,3.732,638.862,360.216
bytetrack_persist_3,video3/v03_20-20_f00177_t05.90_moderate_blur,video3,177,05.90,moderate_blur,0,0,person,0.3102,,0,False,True,False,False,346.984,3.732,638.862,360.216
bytetrack_persist_3,video3/v03_20-20_f00177_t05.90_moderate_blur,video3,177,05.90,moderate_blur,1,0,person,0.3801,37,2,True,False,True,True,439.83,43.008,578.667,406.957
bytetrack_persist_5,video3/v03_20-20_f00177_t05.90_moderate_blur,video3,177,05.90,moderate_blur,0,0,person,0.3102,,0,False,True,False,False,346.984,3.732,638.862,360.216
bytetrack_persist_5,video3/v03_20-20_f00177_t05.90_moderate_blur,video3,177,05.90,moderate_blur,1,0,person,0.3801,37,2,True,False,True,True,439.83,43.008,578.667,406.957
botsort,video3/v03_20-20_f00177_t05.90_moderate_blur,video3,177,05.90,moderate_blur,0,0,person,0.348,35,0,False,True,False,False,354.663,5.993,612.214,357.158
botsort_persist_1,video3/v03_20-20_f00177_t05.90_moderate_blur,video3,177,05.90,moderate_blur,0,0,person,0.3102,,0,False,True,False,False,346.984,3.732,638.862,360.216
botsort_persist_3,video3/v03_20-20_f00177_t05.90_moderate_blur,video3,177,05.90,moderate_blur,0,0,person,0.3102,,0,False,True,False,False,346.984,3.732,638.862,360.216
botsort_persist_5,video3/v03_20-20_f00177_t05.90_moderate_blur,video3,177,05.90,moderate_blur,0,0,person,0.3102,,0,False,True,False,False,346.984,3.732,638.862,360.216
raw,video3/v03_20-20_f00242_t08.07_severe_blur,video3,242,08.07,severe_blur,0,24,backpack,0.1515,,0,False,True,False,False,73.066,284.751,306.29,423.022
bytetrack_persist_1,video3/v03_20-20_f00242_t08.07_severe_blur,video3,242,08.07,severe_blur,0,24,backpack,0.1515,,0,False,True,False,False,73.066,284.751,306.29,423.022
bytetrack_persist_3,video3/v03_20-20_f00242_t08.07_severe_blur,video3,242,08.07,severe_blur,0,24,backpack,0.1515,,0,False,True,False,False,73.066,284.751,306.29,423.022
bytetrack_persist_5,video3/v03_20-20_f00242_t08.07_severe_blur,video3,242,08.07,severe_blur,0,24,backpack,0.1515,,0,False,True,False,False,73.066,284.751,306.29,423.022
botsort_persist_1,video3/v03_20-20_f00242_t08.07_severe_blur,video3,242,08.07,severe_blur,0,24,backpack,0.1515,,0,False,True,False,False,73.066,284.751,306.29,423.022
botsort_persist_3,video3/v03_20-20_f00242_t08.07_severe_blur,video3,242,08.07,severe_blur,0,24,backpack,0.1515,,0,False,True,False,False,73.066,284.751,306.29,423.022
botsort_persist_5,video3/v03_20-20_f00242_t08.07_severe_blur,video3,242,08.07,severe_blur,0,24,backpack,0.1515,,0,False,True,False,False,73.066,284.751,306.29,423.022
raw,video4/v04_20-21_f00000_t00.00_clear,video4,0,00.00,clear,0,0,person,0.9064,,0,False,True,False,False,225.396,1.031,346.989,175.911
raw,video4/v04_20-21_f00000_t00.00_clear,video4,0,00.00,clear,1,0,person,0.7949,,0,False,True,False,False,440.766,1.248,638.925,396.379
raw,video4/v04_20-21_f00000_t00.00_clear,video4,0,00.00,clear,2,16,dog,0.5176,,0,False,False,True,False,60.371,120.666,275.437,231.802
raw,video4/v04_20-21_f00000_t00.00_clear,video4,0,00.00,clear,3,56,chair,0.4822,,0,False,True,False,False,532.211,286.317,639.543,421.457
raw,video4/v04_20-21_f00000_t00.00_clear,video4,0,00.00,clear,4,39,bottle,0.3823,,0,False,True,False,False,2.585,89.421,31.005,146.871
raw,video4/v04_20-21_f00000_t00.00_clear,video4,0,00.00,clear,5,56,chair,0.3697,,0,False,True,False,False,351.3,12.144,492.632,185.077
raw,video4/v04_20-21_f00000_t00.00_clear,video4,0,00.00,clear,6,56,chair,0.2804,,0,False,True,False,False,492.108,123.698,639.592,417.851
raw,video4/v04_20-21_f00000_t00.00_clear,video4,0,00.00,clear,7,24,backpack,0.2496,,0,False,True,False,False,60.075,120.048,274.543,232.279
raw,video4/v04_20-21_f00000_t00.00_clear,video4,0,00.00,clear,8,56,chair,0.2337,,0,False,True,False,False,383.009,30.248,492.688,181.505
bytetrack,video4/v04_20-21_f00000_t00.00_clear,video4,0,00.00,clear,0,0,person,0.9046,1,0,False,True,False,False,225.49,1.052,346.972,176.085
bytetrack,video4/v04_20-21_f00000_t00.00_clear,video4,0,00.00,clear,1,0,person,0.7678,2,0,False,True,False,False,440.217,1.366,638.763,395.624
bytetrack,video4/v04_20-21_f00000_t00.00_clear,video4,0,00.00,clear,2,56,chair,0.5348,3,0,False,True,False,False,532.003,286.268,639.54,421.665
bytetrack,video4/v04_20-21_f00000_t00.00_clear,video4,0,00.00,clear,3,16,dog,0.5077,4,0,False,False,True,False,60.306,120.652,275.544,231.554
bytetrack,video4/v04_20-21_f00000_t00.00_clear,video4,0,00.00,clear,4,39,bottle,0.427,5,0,False,True,False,False,2.573,89.314,30.882,146.71
bytetrack,video4/v04_20-21_f00000_t00.00_clear,video4,0,00.00,clear,5,56,chair,0.3877,6,0,False,True,False,False,350.988,10.43,493.072,184.714
bytetrack,video4/v04_20-21_f00000_t00.00_clear,video4,0,00.00,clear,6,24,backpack,0.2588,7,0,False,True,False,False,60.024,119.99,274.62,231.898
bytetrack_persist_1,video4/v04_20-21_f00000_t00.00_clear,video4,0,00.00,clear,0,0,person,0.9064,,0,False,True,False,False,225.396,1.031,346.989,175.911
bytetrack_persist_1,video4/v04_20-21_f00000_t00.00_clear,video4,0,00.00,clear,1,0,person,0.7949,,0,False,True,False,False,440.766,1.248,638.925,396.379
bytetrack_persist_1,video4/v04_20-21_f00000_t00.00_clear,video4,0,00.00,clear,2,16,dog,0.5176,,0,False,False,True,False,60.371,120.666,275.437,231.802
bytetrack_persist_1,video4/v04_20-21_f00000_t00.00_clear,video4,0,00.00,clear,3,56,chair,0.4822,,0,False,True,False,False,532.211,286.317,639.543,421.457
bytetrack_persist_1,video4/v04_20-21_f00000_t00.00_clear,video4,0,00.00,clear,4,39,bottle,0.3823,,0,False,True,False,False,2.585,89.421,31.005,146.871
bytetrack_persist_1,video4/v04_20-21_f00000_t00.00_clear,video4,0,00.00,clear,5,56,chair,0.3697,,0,False,True,False,False,351.3,12.144,492.632,185.077
bytetrack_persist_1,video4/v04_20-21_f00000_t00.00_clear,video4,0,00.00,clear,6,56,chair,0.2804,,0,False,True,False,False,492.108,123.698,639.592,417.851
bytetrack_persist_1,video4/v04_20-21_f00000_t00.00_clear,video4,0,00.00,clear,7,24,backpack,0.2496,,0,False,True,False,False,60.075,120.048,274.543,232.279
bytetrack_persist_1,video4/v04_20-21_f00000_t00.00_clear,video4,0,00.00,clear,8,56,chair,0.2337,,0,False,True,False,False,383.009,30.248,492.688,181.505
bytetrack_persist_3,video4/v04_20-21_f00000_t00.00_clear,video4,0,00.00,clear,0,0,person,0.9064,,0,False,True,False,False,225.396,1.031,346.989,175.911
bytetrack_persist_3,video4/v04_20-21_f00000_t00.00_clear,video4,0,00.00,clear,1,0,person,0.7949,,0,False,True,False,False,440.766,1.248,638.925,396.379
bytetrack_persist_3,video4/v04_20-21_f00000_t00.00_clear,video4,0,00.00,clear,2,16,dog,0.5176,,0,False,False,True,False,60.371,120.666,275.437,231.802
bytetrack_persist_3,video4/v04_20-21_f00000_t00.00_clear,video4,0,00.00,clear,3,56,chair,0.4822,,0,False,True,False,False,532.211,286.317,639.543,421.457
bytetrack_persist_3,video4/v04_20-21_f00000_t00.00_clear,video4,0,00.00,clear,4,39,bottle,0.3823,,0,False,True,False,False,2.585,89.421,31.005,146.871
bytetrack_persist_3,video4/v04_20-21_f00000_t00.00_clear,video4,0,00.00,clear,5,56,chair,0.3697,,0,False,True,False,False,351.3,12.144,492.632,185.077
bytetrack_persist_3,video4/v04_20-21_f00000_t00.00_clear,video4,0,00.00,clear,6,56,chair,0.2804,,0,False,True,False,False,492.108,123.698,639.592,417.851
bytetrack_persist_3,video4/v04_20-21_f00000_t00.00_clear,video4,0,00.00,clear,7,24,backpack,0.2496,,0,False,True,False,False,60.075,120.048,274.543,232.279
bytetrack_persist_3,video4/v04_20-21_f00000_t00.00_clear,video4,0,00.00,clear,8,56,chair,0.2337,,0,False,True,False,False,383.009,30.248,492.688,181.505
bytetrack_persist_5,video4/v04_20-21_f00000_t00.00_clear,video4,0,00.00,clear,0,0,person,0.9064,,0,False,True,False,False,225.396,1.031,346.989,175.911
bytetrack_persist_5,video4/v04_20-21_f00000_t00.00_clear,video4,0,00.00,clear,1,0,person,0.7949,,0,False,True,False,False,440.766,1.248,638.925,396.379
bytetrack_persist_5,video4/v04_20-21_f00000_t00.00_clear,video4,0,00.00,clear,2,16,dog,0.5176,,0,False,False,True,False,60.371,120.666,275.437,231.802
bytetrack_persist_5,video4/v04_20-21_f00000_t00.00_clear,video4,0,00.00,clear,3,56,chair,0.4822,,0,False,True,False,False,532.211,286.317,639.543,421.457
bytetrack_persist_5,video4/v04_20-21_f00000_t00.00_clear,video4,0,00.00,clear,4,39,bottle,0.3823,,0,False,True,False,False,2.585,89.421,31.005,146.871
bytetrack_persist_5,video4/v04_20-21_f00000_t00.00_clear,video4,0,00.00,clear,5,56,chair,0.3697,,0,False,True,False,False,351.3,12.144,492.632,185.077
bytetrack_persist_5,video4/v04_20-21_f00000_t00.00_clear,video4,0,00.00,clear,6,56,chair,0.2804,,0,False,True,False,False,492.108,123.698,639.592,417.851
bytetrack_persist_5,video4/v04_20-21_f00000_t00.00_clear,video4,0,00.00,clear,7,24,backpack,0.2496,,0,False,True,False,False,60.075,120.048,274.543,232.279
bytetrack_persist_5,video4/v04_20-21_f00000_t00.00_clear,video4,0,00.00,clear,8,56,chair,0.2337,,0,False,True,False,False,383.009,30.248,492.688,181.505
botsort,video4/v04_20-21_f00000_t00.00_clear,video4,0,00.00,clear,0,0,person,0.9046,1,0,False,True,False,False,225.49,1.052,346.972,176.085
botsort,video4/v04_20-21_f00000_t00.00_clear,video4,0,00.00,clear,1,0,person,0.7678,2,0,False,True,False,False,440.217,1.366,638.763,395.624
botsort,video4/v04_20-21_f00000_t00.00_clear,video4,0,00.00,clear,2,56,chair,0.5348,3,0,False,True,False,False,532.003,286.268,639.54,421.665
botsort,video4/v04_20-21_f00000_t00.00_clear,video4,0,00.00,clear,3,16,dog,0.5077,4,0,False,False,True,False,60.306,120.652,275.544,231.554
botsort,video4/v04_20-21_f00000_t00.00_clear,video4,0,00.00,clear,4,39,bottle,0.427,5,0,False,True,False,False,2.573,89.314,30.882,146.71
botsort,video4/v04_20-21_f00000_t00.00_clear,video4,0,00.00,clear,5,56,chair,0.3877,6,0,False,True,False,False,350.988,10.43,493.072,184.714
botsort,video4/v04_20-21_f00000_t00.00_clear,video4,0,00.00,clear,6,24,backpack,0.2588,7,0,False,True,False,False,60.024,119.99,274.62,231.898
botsort_persist_1,video4/v04_20-21_f00000_t00.00_clear,video4,0,00.00,clear,0,0,person,0.9064,,0,False,True,False,False,225.396,1.031,346.989,175.911
botsort_persist_1,video4/v04_20-21_f00000_t00.00_clear,video4,0,00.00,clear,1,0,person,0.7949,,0,False,True,False,False,440.766,1.248,638.925,396.379
botsort_persist_1,video4/v04_20-21_f00000_t00.00_clear,video4,0,00.00,clear,2,16,dog,0.5176,,0,False,False,True,False,60.371,120.666,275.437,231.802
botsort_persist_1,video4/v04_20-21_f00000_t00.00_clear,video4,0,00.00,clear,3,56,chair,0.4822,,0,False,True,False,False,532.211,286.317,639.543,421.457
botsort_persist_1,video4/v04_20-21_f00000_t00.00_clear,video4,0,00.00,clear,4,39,bottle,0.3823,,0,False,True,False,False,2.585,89.421,31.005,146.871
botsort_persist_1,video4/v04_20-21_f00000_t00.00_clear,video4,0,00.00,clear,5,56,chair,0.3697,,0,False,True,False,False,351.3,12.144,492.632,185.077
botsort_persist_1,video4/v04_20-21_f00000_t00.00_clear,video4,0,00.00,clear,6,56,chair,0.2804,,0,False,True,False,False,492.108,123.698,639.592,417.851
botsort_persist_1,video4/v04_20-21_f00000_t00.00_clear,video4,0,00.00,clear,7,24,backpack,0.2496,,0,False,True,False,False,60.075,120.048,274.543,232.279
botsort_persist_1,video4/v04_20-21_f00000_t00.00_clear,video4,0,00.00,clear,8,56,chair,0.2337,,0,False,True,False,False,383.009,30.248,492.688,181.505
botsort_persist_3,video4/v04_20-21_f00000_t00.00_clear,video4,0,00.00,clear,0,0,person,0.9064,,0,False,True,False,False,225.396,1.031,346.989,175.911
botsort_persist_3,video4/v04_20-21_f00000_t00.00_clear,video4,0,00.00,clear,1,0,person,0.7949,,0,False,True,False,False,440.766,1.248,638.925,396.379
botsort_persist_3,video4/v04_20-21_f00000_t00.00_clear,video4,0,00.00,clear,2,16,dog,0.5176,,0,False,False,True,False,60.371,120.666,275.437,231.802
botsort_persist_3,video4/v04_20-21_f00000_t00.00_clear,video4,0,00.00,clear,3,56,chair,0.4822,,0,False,True,False,False,532.211,286.317,639.543,421.457
botsort_persist_3,video4/v04_20-21_f00000_t00.00_clear,video4,0,00.00,clear,4,39,bottle,0.3823,,0,False,True,False,False,2.585,89.421,31.005,146.871
botsort_persist_3,video4/v04_20-21_f00000_t00.00_clear,video4,0,00.00,clear,5,56,chair,0.3697,,0,False,True,False,False,351.3,12.144,492.632,185.077
botsort_persist_3,video4/v04_20-21_f00000_t00.00_clear,video4,0,00.00,clear,6,56,chair,0.2804,,0,False,True,False,False,492.108,123.698,639.592,417.851
botsort_persist_3,video4/v04_20-21_f00000_t00.00_clear,video4,0,00.00,clear,7,24,backpack,0.2496,,0,False,True,False,False,60.075,120.048,274.543,232.279
botsort_persist_3,video4/v04_20-21_f00000_t00.00_clear,video4,0,00.00,clear,8,56,chair,0.2337,,0,False,True,False,False,383.009,30.248,492.688,181.505
botsort_persist_5,video4/v04_20-21_f00000_t00.00_clear,video4,0,00.00,clear,0,0,person,0.9064,,0,False,True,False,False,225.396,1.031,346.989,175.911
botsort_persist_5,video4/v04_20-21_f00000_t00.00_clear,video4,0,00.00,clear,1,0,person,0.7949,,0,False,True,False,False,440.766,1.248,638.925,396.379
botsort_persist_5,video4/v04_20-21_f00000_t00.00_clear,video4,0,00.00,clear,2,16,dog,0.5176,,0,False,False,True,False,60.371,120.666,275.437,231.802
botsort_persist_5,video4/v04_20-21_f00000_t00.00_clear,video4,0,00.00,clear,3,56,chair,0.4822,,0,False,True,False,False,532.211,286.317,639.543,421.457
botsort_persist_5,video4/v04_20-21_f00000_t00.00_clear,video4,0,00.00,clear,4,39,bottle,0.3823,,0,False,True,False,False,2.585,89.421,31.005,146.871
botsort_persist_5,video4/v04_20-21_f00000_t00.00_clear,video4,0,00.00,clear,5,56,chair,0.3697,,0,False,True,False,False,351.3,12.144,492.632,185.077
botsort_persist_5,video4/v04_20-21_f00000_t00.00_clear,video4,0,00.00,clear,6,56,chair,0.2804,,0,False,True,False,False,492.108,123.698,639.592,417.851
botsort_persist_5,video4/v04_20-21_f00000_t00.00_clear,video4,0,00.00,clear,7,24,backpack,0.2496,,0,False,True,False,False,60.075,120.048,274.543,232.279
botsort_persist_5,video4/v04_20-21_f00000_t00.00_clear,video4,0,00.00,clear,8,56,chair,0.2337,,0,False,True,False,False,383.009,30.248,492.688,181.505
raw,video4/v04_20-21_f00038_t01.27_clear,video4,38,01.27,clear,0,0,person,0.8876,,0,False,True,False,False,286.508,1.63,439.149,215.453
raw,video4/v04_20-21_f00038_t01.27_clear,video4,38,01.27,clear,1,24,backpack,0.384,,0,False,True,False,False,118.721,140.866,327.088,259.508
raw,video4/v04_20-21_f00038_t01.27_clear,video4,38,01.27,clear,2,28,suitcase,0.2869,,0,False,False,True,False,478.176,149.459,639.674,419.927
raw,video4/v04_20-21_f00038_t01.27_clear,video4,38,01.27,clear,3,39,bottle,0.2586,,0,False,True,False,False,65.566,100.724,100.329,161.321
raw,video4/v04_20-21_f00038_t01.27_clear,video4,38,01.27,clear,4,24,backpack,0.1587,,0,False,True,False,False,479.522,148.436,639.678,419.56
bytetrack,video4/v04_20-21_f00038_t01.27_clear,video4,38,01.27,clear,0,0,person,0.8829,1,0,False,True,False,False,290.927,2.247,443.078,210.836
bytetrack,video4/v04_20-21_f00038_t01.27_clear,video4,38,01.27,clear,1,24,backpack,0.3999,4,0,False,True,False,False,129.613,142.672,336.479,261.215
bytetrack,video4/v04_20-21_f00038_t01.27_clear,video4,38,01.27,clear,2,28,suitcase,0.2309,13,0,False,False,True,False,487.538,100.735,630.607,418.822
bytetrack_persist_1,video4/v04_20-21_f00038_t01.27_clear,video4,38,01.27,clear,0,0,person,0.8876,,0,False,True,False,False,286.508,1.63,439.149,215.453
bytetrack_persist_1,video4/v04_20-21_f00038_t01.27_clear,video4,38,01.27,clear,1,24,backpack,0.384,,0,False,True,False,False,118.721,140.866,327.088,259.508
bytetrack_persist_1,video4/v04_20-21_f00038_t01.27_clear,video4,38,01.27,clear,2,28,suitcase,0.2869,,0,False,False,True,False,478.176,149.459,639.674,419.927
bytetrack_persist_1,video4/v04_20-21_f00038_t01.27_clear,video4,38,01.27,clear,3,39,bottle,0.2586,,0,False,True,False,False,65.566,100.724,100.329,161.321
bytetrack_persist_1,video4/v04_20-21_f00038_t01.27_clear,video4,38,01.27,clear,4,24,backpack,0.1587,,0,False,True,False,False,479.522,148.436,639.678,419.56
bytetrack_persist_3,video4/v04_20-21_f00038_t01.27_clear,video4,38,01.27,clear,0,0,person,0.8876,,0,False,True,False,False,286.508,1.63,439.149,215.453
bytetrack_persist_3,video4/v04_20-21_f00038_t01.27_clear,video4,38,01.27,clear,1,24,backpack,0.384,,0,False,True,False,False,118.721,140.866,327.088,259.508
bytetrack_persist_3,video4/v04_20-21_f00038_t01.27_clear,video4,38,01.27,clear,2,28,suitcase,0.2869,,0,False,False,True,False,478.176,149.459,639.674,419.927
bytetrack_persist_3,video4/v04_20-21_f00038_t01.27_clear,video4,38,01.27,clear,3,39,bottle,0.2586,,0,False,True,False,False,65.566,100.724,100.329,161.321
bytetrack_persist_3,video4/v04_20-21_f00038_t01.27_clear,video4,38,01.27,clear,4,24,backpack,0.1587,,0,False,True,False,False,479.522,148.436,639.678,419.56
bytetrack_persist_3,video4/v04_20-21_f00038_t01.27_clear,video4,38,01.27,clear,5,39,bottle,0.2837,28,3,True,False,True,True,96.434,111.469,127.758,172.453
bytetrack_persist_5,video4/v04_20-21_f00038_t01.27_clear,video4,38,01.27,clear,0,0,person,0.8876,,0,False,True,False,False,286.508,1.63,439.149,215.453
bytetrack_persist_5,video4/v04_20-21_f00038_t01.27_clear,video4,38,01.27,clear,1,24,backpack,0.384,,0,False,True,False,False,118.721,140.866,327.088,259.508
bytetrack_persist_5,video4/v04_20-21_f00038_t01.27_clear,video4,38,01.27,clear,2,28,suitcase,0.2869,,0,False,False,True,False,478.176,149.459,639.674,419.927
bytetrack_persist_5,video4/v04_20-21_f00038_t01.27_clear,video4,38,01.27,clear,3,39,bottle,0.2586,,0,False,True,False,False,65.566,100.724,100.329,161.321
bytetrack_persist_5,video4/v04_20-21_f00038_t01.27_clear,video4,38,01.27,clear,4,24,backpack,0.1587,,0,False,True,False,False,479.522,148.436,639.678,419.56
bytetrack_persist_5,video4/v04_20-21_f00038_t01.27_clear,video4,38,01.27,clear,5,39,bottle,0.2837,28,3,True,False,True,True,96.434,111.469,127.758,172.453
botsort,video4/v04_20-21_f00038_t01.27_clear,video4,38,01.27,clear,0,0,person,0.8829,1,0,False,True,False,False,285.719,0.0,442.202,207.962
botsort,video4/v04_20-21_f00038_t01.27_clear,video4,38,01.27,clear,1,39,bottle,0.2537,5,0,False,True,False,False,65.122,100.932,100.472,161.425
botsort,video4/v04_20-21_f00038_t01.27_clear,video4,38,01.27,clear,2,24,backpack,0.3999,4,0,False,True,False,False,132.297,141.273,327.138,259.151
botsort,video4/v04_20-21_f00038_t01.27_clear,video4,38,01.27,clear,3,28,suitcase,0.2309,13,0,False,False,True,False,475.334,97.526,638.861,415.752
botsort_persist_1,video4/v04_20-21_f00038_t01.27_clear,video4,38,01.27,clear,0,0,person,0.8876,,0,False,True,False,False,286.508,1.63,439.149,215.453
botsort_persist_1,video4/v04_20-21_f00038_t01.27_clear,video4,38,01.27,clear,1,24,backpack,0.384,,0,False,True,False,False,118.721,140.866,327.088,259.508
botsort_persist_1,video4/v04_20-21_f00038_t01.27_clear,video4,38,01.27,clear,2,28,suitcase,0.2869,,0,False,False,True,False,478.176,149.459,639.674,419.927
botsort_persist_1,video4/v04_20-21_f00038_t01.27_clear,video4,38,01.27,clear,3,39,bottle,0.2586,,0,False,True,False,False,65.566,100.724,100.329,161.321
botsort_persist_1,video4/v04_20-21_f00038_t01.27_clear,video4,38,01.27,clear,4,24,backpack,0.1587,,0,False,True,False,False,479.522,148.436,639.678,419.56
botsort_persist_3,video4/v04_20-21_f00038_t01.27_clear,video4,38,01.27,clear,0,0,person,0.8876,,0,False,True,False,False,286.508,1.63,439.149,215.453
botsort_persist_3,video4/v04_20-21_f00038_t01.27_clear,video4,38,01.27,clear,1,24,backpack,0.384,,0,False,True,False,False,118.721,140.866,327.088,259.508
botsort_persist_3,video4/v04_20-21_f00038_t01.27_clear,video4,38,01.27,clear,2,28,suitcase,0.2869,,0,False,False,True,False,478.176,149.459,639.674,419.927
botsort_persist_3,video4/v04_20-21_f00038_t01.27_clear,video4,38,01.27,clear,3,39,bottle,0.2586,,0,False,True,False,False,65.566,100.724,100.329,161.321
botsort_persist_3,video4/v04_20-21_f00038_t01.27_clear,video4,38,01.27,clear,4,24,backpack,0.1587,,0,False,True,False,False,479.522,148.436,639.678,419.56
botsort_persist_5,video4/v04_20-21_f00038_t01.27_clear,video4,38,01.27,clear,0,0,person,0.8876,,0,False,True,False,False,286.508,1.63,439.149,215.453
botsort_persist_5,video4/v04_20-21_f00038_t01.27_clear,video4,38,01.27,clear,1,24,backpack,0.384,,0,False,True,False,False,118.721,140.866,327.088,259.508
botsort_persist_5,video4/v04_20-21_f00038_t01.27_clear,video4,38,01.27,clear,2,28,suitcase,0.2869,,0,False,False,True,False,478.176,149.459,639.674,419.927
botsort_persist_5,video4/v04_20-21_f00038_t01.27_clear,video4,38,01.27,clear,3,39,bottle,0.2586,,0,False,True,False,False,65.566,100.724,100.329,161.321
botsort_persist_5,video4/v04_20-21_f00038_t01.27_clear,video4,38,01.27,clear,4,24,backpack,0.1587,,0,False,True,False,False,479.522,148.436,639.678,419.56
raw,video4/v04_20-21_f00076_t02.53_clear,video4,76,02.53,clear,0,0,person,0.8691,,0,False,True,False,False,138.107,0.928,237.668,101.486
raw,video4/v04_20-21_f00076_t02.53_clear,video4,76,02.53,clear,1,0,person,0.6728,,0,False,True,False,False,378.339,1.036,518.28,300.093
raw,video4/v04_20-21_f00076_t02.53_clear,video4,76,02.53,clear,2,56,chair,0.5363,,0,False,True,False,False,420.527,2.012,639.414,413.383
raw,video4/v04_20-21_f00076_t02.53_clear,video4,76,02.53,clear,3,24,backpack,0.3397,,0,False,True,False,False,10.577,73.814,195.856,179.749
raw,video4/v04_20-21_f00076_t02.53_clear,video4,76,02.53,clear,4,56,chair,0.2195,,0,False,True,False,False,257.985,1.738,363.235,86.647
raw,video4/v04_20-21_f00076_t02.53_clear,video4,76,02.53,clear,5,56,chair,0.1743,,0,False,True,False,False,458.411,166.019,639.758,335.415
bytetrack,video4/v04_20-21_f00076_t02.53_clear,video4,76,02.53,clear,0,0,person,0.8733,1,0,False,True,False,False,142.569,0.812,231.209,101.035
bytetrack,video4/v04_20-21_f00076_t02.53_clear,video4,76,02.53,clear,1,56,chair,0.1914,57,0,False,True,False,False,463.628,166.498,634.493,334.548
bytetrack,video4/v04_20-21_f00076_t02.53_clear,video4,76,02.53,clear,2,26,handbag,0.3237,39,0,False,False,True,False,6.152,73.321,200.222,178.858
bytetrack,video4/v04_20-21_f00076_t02.53_clear,video4,76,02.53,clear,3,56,chair,0.5232,59,0,False,True,False,False,419.987,1.762,639.587,414.138
bytetrack,video4/v04_20-21_f00076_t02.53_clear,video4,76,02.53,clear,4,0,person,0.6619,13,0,False,True,False,False,378.736,0.0,516.069,298.748
bytetrack_persist_1,video4/v04_20-21_f00076_t02.53_clear,video4,76,02.53,clear,0,0,person,0.8691,,0,False,True,False,False,138.107,0.928,237.668,101.486
bytetrack_persist_1,video4/v04_20-21_f00076_t02.53_clear,video4,76,02.53,clear,1,0,person,0.6728,,0,False,True,False,False,378.339,1.036,518.28,300.093
bytetrack_persist_1,video4/v04_20-21_f00076_t02.53_clear,video4,76,02.53,clear,2,56,chair,0.5363,,0,False,True,False,False,420.527,2.012,639.414,413.383
bytetrack_persist_1,video4/v04_20-21_f00076_t02.53_clear,video4,76,02.53,clear,3,24,backpack,0.3397,,0,False,True,False,False,10.577,73.814,195.856,179.749
bytetrack_persist_1,video4/v04_20-21_f00076_t02.53_clear,video4,76,02.53,clear,4,56,chair,0.2195,,0,False,True,False,False,257.985,1.738,363.235,86.647
bytetrack_persist_1,video4/v04_20-21_f00076_t02.53_clear,video4,76,02.53,clear,5,56,chair,0.1743,,0,False,True,False,False,458.411,166.019,639.758,335.415
bytetrack_persist_3,video4/v04_20-21_f00076_t02.53_clear,video4,76,02.53,clear,0,0,person,0.8691,,0,False,True,False,False,138.107,0.928,237.668,101.486
bytetrack_persist_3,video4/v04_20-21_f00076_t02.53_clear,video4,76,02.53,clear,1,0,person,0.6728,,0,False,True,False,False,378.339,1.036,518.28,300.093
bytetrack_persist_3,video4/v04_20-21_f00076_t02.53_clear,video4,76,02.53,clear,2,56,chair,0.5363,,0,False,True,False,False,420.527,2.012,639.414,413.383
bytetrack_persist_3,video4/v04_20-21_f00076_t02.53_clear,video4,76,02.53,clear,3,24,backpack,0.3397,,0,False,True,False,False,10.577,73.814,195.856,179.749
bytetrack_persist_3,video4/v04_20-21_f00076_t02.53_clear,video4,76,02.53,clear,4,56,chair,0.2195,,0,False,True,False,False,257.985,1.738,363.235,86.647
bytetrack_persist_3,video4/v04_20-21_f00076_t02.53_clear,video4,76,02.53,clear,5,56,chair,0.1743,,0,False,True,False,False,458.411,166.019,639.758,335.415
bytetrack_persist_5,video4/v04_20-21_f00076_t02.53_clear,video4,76,02.53,clear,0,0,person,0.8691,,0,False,True,False,False,138.107,0.928,237.668,101.486
bytetrack_persist_5,video4/v04_20-21_f00076_t02.53_clear,video4,76,02.53,clear,1,0,person,0.6728,,0,False,True,False,False,378.339,1.036,518.28,300.093
bytetrack_persist_5,video4/v04_20-21_f00076_t02.53_clear,video4,76,02.53,clear,2,56,chair,0.5363,,0,False,True,False,False,420.527,2.012,639.414,413.383
bytetrack_persist_5,video4/v04_20-21_f00076_t02.53_clear,video4,76,02.53,clear,3,24,backpack,0.3397,,0,False,True,False,False,10.577,73.814,195.856,179.749
bytetrack_persist_5,video4/v04_20-21_f00076_t02.53_clear,video4,76,02.53,clear,4,56,chair,0.2195,,0,False,True,False,False,257.985,1.738,363.235,86.647
bytetrack_persist_5,video4/v04_20-21_f00076_t02.53_clear,video4,76,02.53,clear,5,56,chair,0.1743,,0,False,True,False,False,458.411,166.019,639.758,335.415
botsort,video4/v04_20-21_f00076_t02.53_clear,video4,76,02.53,clear,0,0,person,0.8733,1,0,False,True,False,False,138.149,1.208,237.411,101.608
botsort,video4/v04_20-21_f00076_t02.53_clear,video4,76,02.53,clear,1,56,chair,0.5232,24,0,False,True,False,False,416.924,0.0,640.0,418.395
botsort,video4/v04_20-21_f00076_t02.53_clear,video4,76,02.53,clear,2,26,handbag,0.3237,4,0,False,False,True,False,12.09,73.697,196.306,179.29
botsort,video4/v04_20-21_f00076_t02.53_clear,video4,76,02.53,clear,3,0,person,0.6619,20,0,False,True,False,False,378.102,0.559,518.396,299.661
botsort_persist_1,video4/v04_20-21_f00076_t02.53_clear,video4,76,02.53,clear,0,0,person,0.8691,,0,False,True,False,False,138.107,0.928,237.668,101.486
botsort_persist_1,video4/v04_20-21_f00076_t02.53_clear,video4,76,02.53,clear,1,0,person,0.6728,,0,False,True,False,False,378.339,1.036,518.28,300.093
botsort_persist_1,video4/v04_20-21_f00076_t02.53_clear,video4,76,02.53,clear,2,56,chair,0.5363,,0,False,True,False,False,420.527,2.012,639.414,413.383
botsort_persist_1,video4/v04_20-21_f00076_t02.53_clear,video4,76,02.53,clear,3,24,backpack,0.3397,,0,False,True,False,False,10.577,73.814,195.856,179.749
botsort_persist_1,video4/v04_20-21_f00076_t02.53_clear,video4,76,02.53,clear,4,56,chair,0.2195,,0,False,True,False,False,257.985,1.738,363.235,86.647
botsort_persist_1,video4/v04_20-21_f00076_t02.53_clear,video4,76,02.53,clear,5,56,chair,0.1743,,0,False,True,False,False,458.411,166.019,639.758,335.415
botsort_persist_3,video4/v04_20-21_f00076_t02.53_clear,video4,76,02.53,clear,0,0,person,0.8691,,0,False,True,False,False,138.107,0.928,237.668,101.486
botsort_persist_3,video4/v04_20-21_f00076_t02.53_clear,video4,76,02.53,clear,1,0,person,0.6728,,0,False,True,False,False,378.339,1.036,518.28,300.093
botsort_persist_3,video4/v04_20-21_f00076_t02.53_clear,video4,76,02.53,clear,2,56,chair,0.5363,,0,False,True,False,False,420.527,2.012,639.414,413.383
botsort_persist_3,video4/v04_20-21_f00076_t02.53_clear,video4,76,02.53,clear,3,24,backpack,0.3397,,0,False,True,False,False,10.577,73.814,195.856,179.749
botsort_persist_3,video4/v04_20-21_f00076_t02.53_clear,video4,76,02.53,clear,4,56,chair,0.2195,,0,False,True,False,False,257.985,1.738,363.235,86.647
botsort_persist_3,video4/v04_20-21_f00076_t02.53_clear,video4,76,02.53,clear,5,56,chair,0.1743,,0,False,True,False,False,458.411,166.019,639.758,335.415
botsort_persist_5,video4/v04_20-21_f00076_t02.53_clear,video4,76,02.53,clear,0,0,person,0.8691,,0,False,True,False,False,138.107,0.928,237.668,101.486
botsort_persist_5,video4/v04_20-21_f00076_t02.53_clear,video4,76,02.53,clear,1,0,person,0.6728,,0,False,True,False,False,378.339,1.036,518.28,300.093
botsort_persist_5,video4/v04_20-21_f00076_t02.53_clear,video4,76,02.53,clear,2,56,chair,0.5363,,0,False,True,False,False,420.527,2.012,639.414,413.383
botsort_persist_5,video4/v04_20-21_f00076_t02.53_clear,video4,76,02.53,clear,3,24,backpack,0.3397,,0,False,True,False,False,10.577,73.814,195.856,179.749
botsort_persist_5,video4/v04_20-21_f00076_t02.53_clear,video4,76,02.53,clear,4,56,chair,0.2195,,0,False,True,False,False,257.985,1.738,363.235,86.647
botsort_persist_5,video4/v04_20-21_f00076_t02.53_clear,video4,76,02.53,clear,5,56,chair,0.1743,,0,False,True,False,False,458.411,166.019,639.758,335.415
raw,video4/v04_20-21_f00114_t03.80_moderate_blur,video4,114,03.80,moderate_blur,0,0,person,0.8773,,0,False,True,False,False,171.313,0.829,268.823,120.326
raw,video4/v04_20-21_f00114_t03.80_moderate_blur,video4,114,03.80,moderate_blur,1,56,chair,0.6716,,0,False,True,False,False,290.576,0.591,441.89,123.914
raw,video4/v04_20-21_f00114_t03.80_moderate_blur,video4,114,03.80,moderate_blur,2,28,suitcase,0.4552,,0,False,False,True,False,398.098,10.582,572.579,323.495
raw,video4/v04_20-21_f00114_t03.80_moderate_blur,video4,114,03.80,moderate_blur,3,56,chair,0.4028,,0,False,True,False,False,434.267,1.271,638.944,415.216
raw,video4/v04_20-21_f00114_t03.80_moderate_blur,video4,114,03.80,moderate_blur,4,16,dog,0.3862,,0,False,True,False,False,8.029,81.198,225.923,187.627
raw,video4/v04_20-21_f00114_t03.80_moderate_blur,video4,114,03.80,moderate_blur,5,24,backpack,0.2254,,0,False,True,False,False,7.996,80.741,225.524,187.339
bytetrack,video4/v04_20-21_f00114_t03.80_moderate_blur,video4,114,03.80,moderate_blur,0,0,person,0.878,1,0,False,True,False,False,170.721,0.806,268.328,120.22
bytetrack,video4/v04_20-21_f00114_t03.80_moderate_blur,video4,114,03.80,moderate_blur,1,16,dog,0.342,39,0,False,True,False,False,9.097,81.084,224.277,187.504
bytetrack,video4/v04_20-21_f00114_t03.80_moderate_blur,video4,114,03.80,moderate_blur,2,56,chair,0.3557,59,0,False,True,False,False,434.561,1.899,638.839,415.532
bytetrack,video4/v04_20-21_f00114_t03.80_moderate_blur,video4,114,03.80,moderate_blur,3,56,chair,0.6777,53,0,False,True,False,False,296.222,0.563,438.927,123.503
bytetrack,video4/v04_20-21_f00114_t03.80_moderate_blur,video4,114,03.80,moderate_blur,4,28,suitcase,0.4351,13,0,False,False,True,False,399.992,15.275,556.839,319.264
bytetrack_persist_1,video4/v04_20-21_f00114_t03.80_moderate_blur,video4,114,03.80,moderate_blur,0,0,person,0.8773,,0,False,True,False,False,171.313,0.829,268.823,120.326
bytetrack_persist_1,video4/v04_20-21_f00114_t03.80_moderate_blur,video4,114,03.80,moderate_blur,1,56,chair,0.6716,,0,False,True,False,False,290.576,0.591,441.89,123.914
bytetrack_persist_1,video4/v04_20-21_f00114_t03.80_moderate_blur,video4,114,03.80,moderate_blur,2,28,suitcase,0.4552,,0,False,False,True,False,398.098,10.582,572.579,323.495
bytetrack_persist_1,video4/v04_20-21_f00114_t03.80_moderate_blur,video4,114,03.80,moderate_blur,3,56,chair,0.4028,,0,False,True,False,False,434.267,1.271,638.944,415.216
bytetrack_persist_1,video4/v04_20-21_f00114_t03.80_moderate_blur,video4,114,03.80,moderate_blur,4,16,dog,0.3862,,0,False,True,False,False,8.029,81.198,225.923,187.627
bytetrack_persist_1,video4/v04_20-21_f00114_t03.80_moderate_blur,video4,114,03.80,moderate_blur,5,24,backpack,0.2254,,0,False,True,False,False,7.996,80.741,225.524,187.339
bytetrack_persist_3,video4/v04_20-21_f00114_t03.80_moderate_blur,video4,114,03.80,moderate_blur,0,0,person,0.8773,,0,False,True,False,False,171.313,0.829,268.823,120.326
bytetrack_persist_3,video4/v04_20-21_f00114_t03.80_moderate_blur,video4,114,03.80,moderate_blur,1,56,chair,0.6716,,0,False,True,False,False,290.576,0.591,441.89,123.914
bytetrack_persist_3,video4/v04_20-21_f00114_t03.80_moderate_blur,video4,114,03.80,moderate_blur,2,28,suitcase,0.4552,,0,False,False,True,False,398.098,10.582,572.579,323.495
bytetrack_persist_3,video4/v04_20-21_f00114_t03.80_moderate_blur,video4,114,03.80,moderate_blur,3,56,chair,0.4028,,0,False,True,False,False,434.267,1.271,638.944,415.216
bytetrack_persist_3,video4/v04_20-21_f00114_t03.80_moderate_blur,video4,114,03.80,moderate_blur,4,16,dog,0.3862,,0,False,True,False,False,8.029,81.198,225.923,187.627
bytetrack_persist_3,video4/v04_20-21_f00114_t03.80_moderate_blur,video4,114,03.80,moderate_blur,5,24,backpack,0.2254,,0,False,True,False,False,7.996,80.741,225.524,187.339
bytetrack_persist_5,video4/v04_20-21_f00114_t03.80_moderate_blur,video4,114,03.80,moderate_blur,0,0,person,0.8773,,0,False,True,False,False,171.313,0.829,268.823,120.326
bytetrack_persist_5,video4/v04_20-21_f00114_t03.80_moderate_blur,video4,114,03.80,moderate_blur,1,56,chair,0.6716,,0,False,True,False,False,290.576,0.591,441.89,123.914
bytetrack_persist_5,video4/v04_20-21_f00114_t03.80_moderate_blur,video4,114,03.80,moderate_blur,2,28,suitcase,0.4552,,0,False,False,True,False,398.098,10.582,572.579,323.495
bytetrack_persist_5,video4/v04_20-21_f00114_t03.80_moderate_blur,video4,114,03.80,moderate_blur,3,56,chair,0.4028,,0,False,True,False,False,434.267,1.271,638.944,415.216
bytetrack_persist_5,video4/v04_20-21_f00114_t03.80_moderate_blur,video4,114,03.80,moderate_blur,4,16,dog,0.3862,,0,False,True,False,False,8.029,81.198,225.923,187.627
bytetrack_persist_5,video4/v04_20-21_f00114_t03.80_moderate_blur,video4,114,03.80,moderate_blur,5,24,backpack,0.2254,,0,False,True,False,False,7.996,80.741,225.524,187.339
botsort,video4/v04_20-21_f00114_t03.80_moderate_blur,video4,114,03.80,moderate_blur,0,0,person,0.878,1,0,False,True,False,False,171.258,0.933,268.4,120.221
botsort,video4/v04_20-21_f00114_t03.80_moderate_blur,video4,114,03.80,moderate_blur,1,16,dog,0.342,4,0,False,True,False,False,8.159,81.119,226.033,187.43
botsort,video4/v04_20-21_f00114_t03.80_moderate_blur,video4,114,03.80,moderate_blur,2,56,chair,0.3557,24,0,False,True,False,False,434.434,2.001,638.852,415.167
botsort,video4/v04_20-21_f00114_t03.80_moderate_blur,video4,114,03.80,moderate_blur,3,56,chair,0.6777,41,0,False,True,False,False,294.236,0.729,441.261,123.552
botsort,video4/v04_20-21_f00114_t03.80_moderate_blur,video4,114,03.80,moderate_blur,4,28,suitcase,0.4351,20,0,False,False,True,False,399.497,15.394,558.466,319.019
botsort_persist_1,video4/v04_20-21_f00114_t03.80_moderate_blur,video4,114,03.80,moderate_blur,0,0,person,0.8773,,0,False,True,False,False,171.313,0.829,268.823,120.326
botsort_persist_1,video4/v04_20-21_f00114_t03.80_moderate_blur,video4,114,03.80,moderate_blur,1,56,chair,0.6716,,0,False,True,False,False,290.576,0.591,441.89,123.914
botsort_persist_1,video4/v04_20-21_f00114_t03.80_moderate_blur,video4,114,03.80,moderate_blur,2,28,suitcase,0.4552,,0,False,False,True,False,398.098,10.582,572.579,323.495
botsort_persist_1,video4/v04_20-21_f00114_t03.80_moderate_blur,video4,114,03.80,moderate_blur,3,56,chair,0.4028,,0,False,True,False,False,434.267,1.271,638.944,415.216
botsort_persist_1,video4/v04_20-21_f00114_t03.80_moderate_blur,video4,114,03.80,moderate_blur,4,16,dog,0.3862,,0,False,True,False,False,8.029,81.198,225.923,187.627
botsort_persist_1,video4/v04_20-21_f00114_t03.80_moderate_blur,video4,114,03.80,moderate_blur,5,24,backpack,0.2254,,0,False,True,False,False,7.996,80.741,225.524,187.339
botsort_persist_3,video4/v04_20-21_f00114_t03.80_moderate_blur,video4,114,03.80,moderate_blur,0,0,person,0.8773,,0,False,True,False,False,171.313,0.829,268.823,120.326
botsort_persist_3,video4/v04_20-21_f00114_t03.80_moderate_blur,video4,114,03.80,moderate_blur,1,56,chair,0.6716,,0,False,True,False,False,290.576,0.591,441.89,123.914
botsort_persist_3,video4/v04_20-21_f00114_t03.80_moderate_blur,video4,114,03.80,moderate_blur,2,28,suitcase,0.4552,,0,False,False,True,False,398.098,10.582,572.579,323.495
botsort_persist_3,video4/v04_20-21_f00114_t03.80_moderate_blur,video4,114,03.80,moderate_blur,3,56,chair,0.4028,,0,False,True,False,False,434.267,1.271,638.944,415.216
botsort_persist_3,video4/v04_20-21_f00114_t03.80_moderate_blur,video4,114,03.80,moderate_blur,4,16,dog,0.3862,,0,False,True,False,False,8.029,81.198,225.923,187.627
botsort_persist_3,video4/v04_20-21_f00114_t03.80_moderate_blur,video4,114,03.80,moderate_blur,5,24,backpack,0.2254,,0,False,True,False,False,7.996,80.741,225.524,187.339
botsort_persist_5,video4/v04_20-21_f00114_t03.80_moderate_blur,video4,114,03.80,moderate_blur,0,0,person,0.8773,,0,False,True,False,False,171.313,0.829,268.823,120.326
botsort_persist_5,video4/v04_20-21_f00114_t03.80_moderate_blur,video4,114,03.80,moderate_blur,1,56,chair,0.6716,,0,False,True,False,False,290.576,0.591,441.89,123.914
botsort_persist_5,video4/v04_20-21_f00114_t03.80_moderate_blur,video4,114,03.80,moderate_blur,2,28,suitcase,0.4552,,0,False,False,True,False,398.098,10.582,572.579,323.495
botsort_persist_5,video4/v04_20-21_f00114_t03.80_moderate_blur,video4,114,03.80,moderate_blur,3,56,chair,0.4028,,0,False,True,False,False,434.267,1.271,638.944,415.216
botsort_persist_5,video4/v04_20-21_f00114_t03.80_moderate_blur,video4,114,03.80,moderate_blur,4,16,dog,0.3862,,0,False,True,False,False,8.029,81.198,225.923,187.627
botsort_persist_5,video4/v04_20-21_f00114_t03.80_moderate_blur,video4,114,03.80,moderate_blur,5,24,backpack,0.2254,,0,False,True,False,False,7.996,80.741,225.524,187.339
raw,video4/v04_20-21_f00152_t05.07_moderate_blur,video4,152,05.07,moderate_blur,0,0,person,0.6789,,0,False,True,False,False,374.858,1.675,535.21,211.45
bytetrack,video4/v04_20-21_f00152_t05.07_moderate_blur,video4,152,05.07,moderate_blur,0,0,person,0.639,82,0,False,True,False,False,372.942,1.744,535.523,209.589
bytetrack_persist_1,video4/v04_20-21_f00152_t05.07_moderate_blur,video4,152,05.07,moderate_blur,0,0,person,0.6789,,0,False,True,False,False,374.858,1.675,535.21,211.45
bytetrack_persist_3,video4/v04_20-21_f00152_t05.07_moderate_blur,video4,152,05.07,moderate_blur,0,0,person,0.6789,,0,False,True,False,False,374.858,1.675,535.21,211.45
bytetrack_persist_5,video4/v04_20-21_f00152_t05.07_moderate_blur,video4,152,05.07,moderate_blur,0,0,person,0.6789,,0,False,True,False,False,374.858,1.675,535.21,211.45
botsort,video4/v04_20-21_f00152_t05.07_moderate_blur,video4,152,05.07,moderate_blur,0,0,person,0.639,1,0,False,True,False,False,375.21,1.869,540.636,209.506
botsort_persist_1,video4/v04_20-21_f00152_t05.07_moderate_blur,video4,152,05.07,moderate_blur,0,0,person,0.6789,,0,False,True,False,False,374.858,1.675,535.21,211.45
botsort_persist_3,video4/v04_20-21_f00152_t05.07_moderate_blur,video4,152,05.07,moderate_blur,0,0,person,0.6789,,0,False,True,False,False,374.858,1.675,535.21,211.45
botsort_persist_5,video4/v04_20-21_f00152_t05.07_moderate_blur,video4,152,05.07,moderate_blur,0,0,person,0.6789,,0,False,True,False,False,374.858,1.675,535.21,211.45
raw,video4/v04_20-21_f00266_t08.87_clear,video4,266,08.87,clear,0,0,person,0.7919,,0,False,True,False,False,302.979,1.601,462.656,217.965
raw,video4/v04_20-21_f00266_t08.87_clear,video4,266,08.87,clear,1,16,dog,0.5333,,0,False,False,True,False,75.637,186.859,371.448,355.774
raw,video4/v04_20-21_f00266_t08.87_clear,video4,266,08.87,clear,2,56,chair,0.3636,,0,False,True,False,False,463.455,2.809,639.541,248.519
raw,video4/v04_20-21_f00266_t08.87_clear,video4,266,08.87,clear,3,39,bottle,0.1555,,0,False,True,False,False,10.037,137.954,45.435,219.183
bytetrack,video4/v04_20-21_f00266_t08.87_clear,video4,266,08.87,clear,0,0,person,0.7638,107,0,False,True,False,False,299.952,1.475,475.37,220.954
bytetrack_persist_1,video4/v04_20-21_f00266_t08.87_clear,video4,266,08.87,clear,0,0,person,0.7919,,0,False,True,False,False,302.979,1.601,462.656,217.965
bytetrack_persist_1,video4/v04_20-21_f00266_t08.87_clear,video4,266,08.87,clear,1,16,dog,0.5333,,0,False,False,True,False,75.637,186.859,371.448,355.774
bytetrack_persist_1,video4/v04_20-21_f00266_t08.87_clear,video4,266,08.87,clear,2,56,chair,0.3636,,0,False,True,False,False,463.455,2.809,639.541,248.519
bytetrack_persist_1,video4/v04_20-21_f00266_t08.87_clear,video4,266,08.87,clear,3,39,bottle,0.1555,,0,False,True,False,False,10.037,137.954,45.435,219.183
bytetrack_persist_1,video4/v04_20-21_f00266_t08.87_clear,video4,266,08.87,clear,4,24,backpack,0.2805,109,1,True,True,False,False,100.816,192.065,380.355,359.521
bytetrack_persist_3,video4/v04_20-21_f00266_t08.87_clear,video4,266,08.87,clear,0,0,person,0.7919,,0,False,True,False,False,302.979,1.601,462.656,217.965
bytetrack_persist_3,video4/v04_20-21_f00266_t08.87_clear,video4,266,08.87,clear,1,16,dog,0.5333,,0,False,False,True,False,75.637,186.859,371.448,355.774
bytetrack_persist_3,video4/v04_20-21_f00266_t08.87_clear,video4,266,08.87,clear,2,56,chair,0.3636,,0,False,True,False,False,463.455,2.809,639.541,248.519
bytetrack_persist_3,video4/v04_20-21_f00266_t08.87_clear,video4,266,08.87,clear,3,39,bottle,0.1555,,0,False,True,False,False,10.037,137.954,45.435,219.183
bytetrack_persist_3,video4/v04_20-21_f00266_t08.87_clear,video4,266,08.87,clear,4,56,chair,0.3535,110,3,True,False,True,True,415.659,0.0,572.441,218.263
bytetrack_persist_3,video4/v04_20-21_f00266_t08.87_clear,video4,266,08.87,clear,5,24,backpack,0.2805,109,1,True,True,False,False,100.816,192.065,380.355,359.521
bytetrack_persist_5,video4/v04_20-21_f00266_t08.87_clear,video4,266,08.87,clear,0,0,person,0.7919,,0,False,True,False,False,302.979,1.601,462.656,217.965
bytetrack_persist_5,video4/v04_20-21_f00266_t08.87_clear,video4,266,08.87,clear,1,16,dog,0.5333,,0,False,False,True,False,75.637,186.859,371.448,355.774
bytetrack_persist_5,video4/v04_20-21_f00266_t08.87_clear,video4,266,08.87,clear,2,56,chair,0.3636,,0,False,True,False,False,463.455,2.809,639.541,248.519
bytetrack_persist_5,video4/v04_20-21_f00266_t08.87_clear,video4,266,08.87,clear,3,39,bottle,0.1555,,0,False,True,False,False,10.037,137.954,45.435,219.183
bytetrack_persist_5,video4/v04_20-21_f00266_t08.87_clear,video4,266,08.87,clear,4,56,chair,0.3535,110,3,True,False,True,True,415.659,0.0,572.441,218.263
bytetrack_persist_5,video4/v04_20-21_f00266_t08.87_clear,video4,266,08.87,clear,5,24,backpack,0.2805,109,1,True,True,False,False,100.816,192.065,380.355,359.521
botsort,video4/v04_20-21_f00266_t08.87_clear,video4,266,08.87,clear,0,0,person,0.7638,77,0,False,True,False,False,302.347,0.0,464.701,217.674
botsort,video4/v04_20-21_f00266_t08.87_clear,video4,266,08.87,clear,1,39,bottle,0.2051,78,0,False,True,False,False,9.19,137.924,48.983,218.561
botsort,video4/v04_20-21_f00266_t08.87_clear,video4,266,08.87,clear,2,16,dog,0.5774,79,0,False,False,True,False,75.775,187.563,372.966,355.518
botsort_persist_1,video4/v04_20-21_f00266_t08.87_clear,video4,266,08.87,clear,0,0,person,0.7919,,0,False,True,False,False,302.979,1.601,462.656,217.965
botsort_persist_1,video4/v04_20-21_f00266_t08.87_clear,video4,266,08.87,clear,1,16,dog,0.5333,,0,False,False,True,False,75.637,186.859,371.448,355.774
botsort_persist_1,video4/v04_20-21_f00266_t08.87_clear,video4,266,08.87,clear,2,56,chair,0.3636,,0,False,True,False,False,463.455,2.809,639.541,248.519
botsort_persist_1,video4/v04_20-21_f00266_t08.87_clear,video4,266,08.87,clear,3,39,bottle,0.1555,,0,False,True,False,False,10.037,137.954,45.435,219.183
botsort_persist_3,video4/v04_20-21_f00266_t08.87_clear,video4,266,08.87,clear,0,0,person,0.7919,,0,False,True,False,False,302.979,1.601,462.656,217.965
botsort_persist_3,video4/v04_20-21_f00266_t08.87_clear,video4,266,08.87,clear,1,16,dog,0.5333,,0,False,False,True,False,75.637,186.859,371.448,355.774
botsort_persist_3,video4/v04_20-21_f00266_t08.87_clear,video4,266,08.87,clear,2,56,chair,0.3636,,0,False,True,False,False,463.455,2.809,639.541,248.519
botsort_persist_3,video4/v04_20-21_f00266_t08.87_clear,video4,266,08.87,clear,3,39,bottle,0.1555,,0,False,True,False,False,10.037,137.954,45.435,219.183
botsort_persist_3,video4/v04_20-21_f00266_t08.87_clear,video4,266,08.87,clear,4,56,chair,0.3535,80,3,True,False,True,True,402.162,0.0,534.801,190.451
botsort_persist_5,video4/v04_20-21_f00266_t08.87_clear,video4,266,08.87,clear,0,0,person,0.7919,,0,False,True,False,False,302.979,1.601,462.656,217.965
botsort_persist_5,video4/v04_20-21_f00266_t08.87_clear,video4,266,08.87,clear,1,16,dog,0.5333,,0,False,False,True,False,75.637,186.859,371.448,355.774
botsort_persist_5,video4/v04_20-21_f00266_t08.87_clear,video4,266,08.87,clear,2,56,chair,0.3636,,0,False,True,False,False,463.455,2.809,639.541,248.519
botsort_persist_5,video4/v04_20-21_f00266_t08.87_clear,video4,266,08.87,clear,3,39,bottle,0.1555,,0,False,True,False,False,10.037,137.954,45.435,219.183
botsort_persist_5,video4/v04_20-21_f00266_t08.87_clear,video4,266,08.87,clear,4,56,chair,0.3535,80,3,True,False,True,True,402.162,0.0,534.801,190.451
raw,video4/v04_20-21_f00342_t11.40_severe_blur,video4,342,11.40,severe_blur,0,0,person,0.6693,,0,False,True,False,False,301.862,1.971,545.806,322.26
raw,video4/v04_20-21_f00342_t11.40_severe_blur,video4,342,11.40,severe_blur,1,0,person,0.2736,,0,False,True,False,False,302.565,2.981,466.063,323.998
raw,video4/v04_20-21_f00342_t11.40_severe_blur,video4,342,11.40,severe_blur,2,28,suitcase,0.2572,,0,False,False,True,False,42.201,303.073,387.06,420.253
raw,video4/v04_20-21_f00342_t11.40_severe_blur,video4,342,11.40,severe_blur,3,24,backpack,0.1897,,0,False,True,False,False,58.268,302.446,387.27,421.053
bytetrack,video4/v04_20-21_f00342_t11.40_severe_blur,video4,342,11.40,severe_blur,0,0,person,0.5873,130,0,False,True,False,False,287.019,2.197,567.401,316.783
bytetrack_persist_1,video4/v04_20-21_f00342_t11.40_severe_blur,video4,342,11.40,severe_blur,0,0,person,0.6693,,0,False,True,False,False,301.862,1.971,545.806,322.26
bytetrack_persist_1,video4/v04_20-21_f00342_t11.40_severe_blur,video4,342,11.40,severe_blur,1,0,person,0.2736,,0,False,True,False,False,302.565,2.981,466.063,323.998
bytetrack_persist_1,video4/v04_20-21_f00342_t11.40_severe_blur,video4,342,11.40,severe_blur,2,28,suitcase,0.2572,,0,False,False,True,False,42.201,303.073,387.06,420.253
bytetrack_persist_1,video4/v04_20-21_f00342_t11.40_severe_blur,video4,342,11.40,severe_blur,3,24,backpack,0.1897,,0,False,True,False,False,58.268,302.446,387.27,421.053
bytetrack_persist_3,video4/v04_20-21_f00342_t11.40_severe_blur,video4,342,11.40,severe_blur,0,0,person,0.6693,,0,False,True,False,False,301.862,1.971,545.806,322.26
bytetrack_persist_3,video4/v04_20-21_f00342_t11.40_severe_blur,video4,342,11.40,severe_blur,1,0,person,0.2736,,0,False,True,False,False,302.565,2.981,466.063,323.998
bytetrack_persist_3,video4/v04_20-21_f00342_t11.40_severe_blur,video4,342,11.40,severe_blur,2,28,suitcase,0.2572,,0,False,False,True,False,42.201,303.073,387.06,420.253
bytetrack_persist_3,video4/v04_20-21_f00342_t11.40_severe_blur,video4,342,11.40,severe_blur,3,24,backpack,0.1897,,0,False,True,False,False,58.268,302.446,387.27,421.053
bytetrack_persist_5,video4/v04_20-21_f00342_t11.40_severe_blur,video4,342,11.40,severe_blur,0,0,person,0.6693,,0,False,True,False,False,301.862,1.971,545.806,322.26
bytetrack_persist_5,video4/v04_20-21_f00342_t11.40_severe_blur,video4,342,11.40,severe_blur,1,0,person,0.2736,,0,False,True,False,False,302.565,2.981,466.063,323.998
bytetrack_persist_5,video4/v04_20-21_f00342_t11.40_severe_blur,video4,342,11.40,severe_blur,2,28,suitcase,0.2572,,0,False,False,True,False,42.201,303.073,387.06,420.253
bytetrack_persist_5,video4/v04_20-21_f00342_t11.40_severe_blur,video4,342,11.40,severe_blur,3,24,backpack,0.1897,,0,False,True,False,False,58.268,302.446,387.27,421.053
botsort,video4/v04_20-21_f00342_t11.40_severe_blur,video4,342,11.40,severe_blur,0,0,person,0.5873,99,0,False,True,False,False,305.92,1.087,547.013,316.923
botsort,video4/v04_20-21_f00342_t11.40_severe_blur,video4,342,11.40,severe_blur,1,0,person,0.3944,104,0,False,True,False,False,301.695,3.305,467.316,323.424
botsort_persist_1,video4/v04_20-21_f00342_t11.40_severe_blur,video4,342,11.40,severe_blur,0,0,person,0.6693,,0,False,True,False,False,301.862,1.971,545.806,322.26
botsort_persist_1,video4/v04_20-21_f00342_t11.40_severe_blur,video4,342,11.40,severe_blur,1,0,person,0.2736,,0,False,True,False,False,302.565,2.981,466.063,323.998
botsort_persist_1,video4/v04_20-21_f00342_t11.40_severe_blur,video4,342,11.40,severe_blur,2,28,suitcase,0.2572,,0,False,False,True,False,42.201,303.073,387.06,420.253
botsort_persist_1,video4/v04_20-21_f00342_t11.40_severe_blur,video4,342,11.40,severe_blur,3,24,backpack,0.1897,,0,False,True,False,False,58.268,302.446,387.27,421.053
botsort_persist_3,video4/v04_20-21_f00342_t11.40_severe_blur,video4,342,11.40,severe_blur,0,0,person,0.6693,,0,False,True,False,False,301.862,1.971,545.806,322.26
botsort_persist_3,video4/v04_20-21_f00342_t11.40_severe_blur,video4,342,11.40,severe_blur,1,0,person,0.2736,,0,False,True,False,False,302.565,2.981,466.063,323.998
botsort_persist_3,video4/v04_20-21_f00342_t11.40_severe_blur,video4,342,11.40,severe_blur,2,28,suitcase,0.2572,,0,False,False,True,False,42.201,303.073,387.06,420.253
botsort_persist_3,video4/v04_20-21_f00342_t11.40_severe_blur,video4,342,11.40,severe_blur,3,24,backpack,0.1897,,0,False,True,False,False,58.268,302.446,387.27,421.053
botsort_persist_5,video4/v04_20-21_f00342_t11.40_severe_blur,video4,342,11.40,severe_blur,0,0,person,0.6693,,0,False,True,False,False,301.862,1.971,545.806,322.26
botsort_persist_5,video4/v04_20-21_f00342_t11.40_severe_blur,video4,342,11.40,severe_blur,1,0,person,0.2736,,0,False,True,False,False,302.565,2.981,466.063,323.998
botsort_persist_5,video4/v04_20-21_f00342_t11.40_severe_blur,video4,342,11.40,severe_blur,2,28,suitcase,0.2572,,0,False,False,True,False,42.201,303.073,387.06,420.253
botsort_persist_5,video4/v04_20-21_f00342_t11.40_severe_blur,video4,342,11.40,severe_blur,3,24,backpack,0.1897,,0,False,True,False,False,58.268,302.446,387.27,421.053
raw,video4/v04_20-21_f00380_t12.67_moderate_blur,video4,380,12.67,moderate_blur,0,0,person,0.8038,,0,False,True,False,False,537.467,5.075,639.664,392.002
raw,video4/v04_20-21_f00380_t12.67_moderate_blur,video4,380,12.67,moderate_blur,1,0,person,0.3933,,0,False,False,True,False,0.178,68.838,69.912,275.15
bytetrack,video4/v04_20-21_f00380_t12.67_moderate_blur,video4,380,12.67,moderate_blur,0,0,person,0.8108,130,0,False,True,False,False,485.853,5.842,640.0,395.189
bytetrack,video4/v04_20-21_f00380_t12.67_moderate_blur,video4,380,12.67,moderate_blur,1,0,person,0.4259,143,0,False,False,True,False,2.979,68.415,65.795,274.126
bytetrack_persist_1,video4/v04_20-21_f00380_t12.67_moderate_blur,video4,380,12.67,moderate_blur,0,0,person,0.8038,,0,False,True,False,False,537.467,5.075,639.664,392.002
bytetrack_persist_1,video4/v04_20-21_f00380_t12.67_moderate_blur,video4,380,12.67,moderate_blur,1,0,person,0.3933,,0,False,False,True,False,0.178,68.838,69.912,275.15
bytetrack_persist_3,video4/v04_20-21_f00380_t12.67_moderate_blur,video4,380,12.67,moderate_blur,0,0,person,0.8038,,0,False,True,False,False,537.467,5.075,639.664,392.002
bytetrack_persist_3,video4/v04_20-21_f00380_t12.67_moderate_blur,video4,380,12.67,moderate_blur,1,0,person,0.3933,,0,False,False,True,False,0.178,68.838,69.912,275.15
bytetrack_persist_5,video4/v04_20-21_f00380_t12.67_moderate_blur,video4,380,12.67,moderate_blur,0,0,person,0.8038,,0,False,True,False,False,537.467,5.075,639.664,392.002
bytetrack_persist_5,video4/v04_20-21_f00380_t12.67_moderate_blur,video4,380,12.67,moderate_blur,1,0,person,0.3933,,0,False,False,True,False,0.178,68.838,69.912,275.15
botsort,video4/v04_20-21_f00380_t12.67_moderate_blur,video4,380,12.67,moderate_blur,0,0,person,0.8108,99,0,False,True,False,False,536.072,3.503,638.889,392.767
botsort,video4/v04_20-21_f00380_t12.67_moderate_blur,video4,380,12.67,moderate_blur,1,0,person,0.4259,114,0,False,False,True,False,1.428,68.798,70.164,274.565
botsort_persist_1,video4/v04_20-21_f00380_t12.67_moderate_blur,video4,380,12.67,moderate_blur,0,0,person,0.8038,,0,False,True,False,False,537.467,5.075,639.664,392.002
botsort_persist_1,video4/v04_20-21_f00380_t12.67_moderate_blur,video4,380,12.67,moderate_blur,1,0,person,0.3933,,0,False,False,True,False,0.178,68.838,69.912,275.15
botsort_persist_3,video4/v04_20-21_f00380_t12.67_moderate_blur,video4,380,12.67,moderate_blur,0,0,person,0.8038,,0,False,True,False,False,537.467,5.075,639.664,392.002
botsort_persist_3,video4/v04_20-21_f00380_t12.67_moderate_blur,video4,380,12.67,moderate_blur,1,0,person,0.3933,,0,False,False,True,False,0.178,68.838,69.912,275.15
botsort_persist_5,video4/v04_20-21_f00380_t12.67_moderate_blur,video4,380,12.67,moderate_blur,0,0,person,0.8038,,0,False,True,False,False,537.467,5.075,639.664,392.002
botsort_persist_5,video4/v04_20-21_f00380_t12.67_moderate_blur,video4,380,12.67,moderate_blur,1,0,person,0.3933,,0,False,False,True,False,0.178,68.838,69.912,275.15
raw,video4/v04_20-21_f00418_t13.93_moderate_blur,video4,418,13.93,moderate_blur,0,0,person,0.9268,,0,False,True,False,False,205.374,1.083,432.112,333.116
raw,video4/v04_20-21_f00418_t13.93_moderate_blur,video4,418,13.93,moderate_blur,1,56,chair,0.6313,,0,False,True,False,False,382.42,1.779,637.964,271.652
raw,video4/v04_20-21_f00418_t13.93_moderate_blur,video4,418,13.93,moderate_blur,2,56,chair,0.2661,,0,False,True,False,False,474.491,1.489,639.654,265.584
raw,video4/v04_20-21_f00418_t13.93_moderate_blur,video4,418,13.93,moderate_blur,3,56,chair,0.2032,,0,False,True,False,False,383.785,1.828,556.514,268.263
bytetrack,video4/v04_20-21_f00418_t13.93_moderate_blur,video4,418,13.93,moderate_blur,0,0,person,0.9274,130,0,False,True,False,False,200.209,1.085,427.032,333.679
bytetrack,video4/v04_20-21_f00418_t13.93_moderate_blur,video4,418,13.93,moderate_blur,1,56,chair,0.3507,150,0,False,True,False,False,479.711,1.925,632.433,267.283
bytetrack,video4/v04_20-21_f00418_t13.93_moderate_blur,video4,418,13.93,moderate_blur,2,56,chair,0.4816,147,0,False,True,False,False,414.626,1.87,568.431,271.408
bytetrack_persist_1,video4/v04_20-21_f00418_t13.93_moderate_blur,video4,418,13.93,moderate_blur,0,0,person,0.9268,,0,False,True,False,False,205.374,1.083,432.112,333.116
bytetrack_persist_1,video4/v04_20-21_f00418_t13.93_moderate_blur,video4,418,13.93,moderate_blur,1,56,chair,0.6313,,0,False,True,False,False,382.42,1.779,637.964,271.652
bytetrack_persist_1,video4/v04_20-21_f00418_t13.93_moderate_blur,video4,418,13.93,moderate_blur,2,56,chair,0.2661,,0,False,True,False,False,474.491,1.489,639.654,265.584
bytetrack_persist_1,video4/v04_20-21_f00418_t13.93_moderate_blur,video4,418,13.93,moderate_blur,3,56,chair,0.2032,,0,False,True,False,False,383.785,1.828,556.514,268.263
bytetrack_persist_3,video4/v04_20-21_f00418_t13.93_moderate_blur,video4,418,13.93,moderate_blur,0,0,person,0.9268,,0,False,True,False,False,205.374,1.083,432.112,333.116
bytetrack_persist_3,video4/v04_20-21_f00418_t13.93_moderate_blur,video4,418,13.93,moderate_blur,1,56,chair,0.6313,,0,False,True,False,False,382.42,1.779,637.964,271.652
bytetrack_persist_3,video4/v04_20-21_f00418_t13.93_moderate_blur,video4,418,13.93,moderate_blur,2,56,chair,0.2661,,0,False,True,False,False,474.491,1.489,639.654,265.584
bytetrack_persist_3,video4/v04_20-21_f00418_t13.93_moderate_blur,video4,418,13.93,moderate_blur,3,56,chair,0.2032,,0,False,True,False,False,383.785,1.828,556.514,268.263
bytetrack_persist_5,video4/v04_20-21_f00418_t13.93_moderate_blur,video4,418,13.93,moderate_blur,0,0,person,0.9268,,0,False,True,False,False,205.374,1.083,432.112,333.116
bytetrack_persist_5,video4/v04_20-21_f00418_t13.93_moderate_blur,video4,418,13.93,moderate_blur,1,56,chair,0.6313,,0,False,True,False,False,382.42,1.779,637.964,271.652
bytetrack_persist_5,video4/v04_20-21_f00418_t13.93_moderate_blur,video4,418,13.93,moderate_blur,2,56,chair,0.2661,,0,False,True,False,False,474.491,1.489,639.654,265.584
bytetrack_persist_5,video4/v04_20-21_f00418_t13.93_moderate_blur,video4,418,13.93,moderate_blur,3,56,chair,0.2032,,0,False,True,False,False,383.785,1.828,556.514,268.263
botsort,video4/v04_20-21_f00418_t13.93_moderate_blur,video4,418,13.93,moderate_blur,0,0,person,0.9274,99,0,False,True,False,False,203.882,0.384,434.539,332.374
botsort,video4/v04_20-21_f00418_t13.93_moderate_blur,video4,418,13.93,moderate_blur,1,56,chair,0.4816,117,0,False,True,False,False,378.504,0.0,616.472,270.013
botsort,video4/v04_20-21_f00418_t13.93_moderate_blur,video4,418,13.93,moderate_blur,2,56,chair,0.3507,118,0,False,True,False,False,472.919,0.178,640.0,265.689
botsort_persist_1,video4/v04_20-21_f00418_t13.93_moderate_blur,video4,418,13.93,moderate_blur,0,0,person,0.9268,,0,False,True,False,False,205.374,1.083,432.112,333.116
botsort_persist_1,video4/v04_20-21_f00418_t13.93_moderate_blur,video4,418,13.93,moderate_blur,1,56,chair,0.6313,,0,False,True,False,False,382.42,1.779,637.964,271.652
botsort_persist_1,video4/v04_20-21_f00418_t13.93_moderate_blur,video4,418,13.93,moderate_blur,2,56,chair,0.2661,,0,False,True,False,False,474.491,1.489,639.654,265.584
botsort_persist_1,video4/v04_20-21_f00418_t13.93_moderate_blur,video4,418,13.93,moderate_blur,3,56,chair,0.2032,,0,False,True,False,False,383.785,1.828,556.514,268.263
botsort_persist_3,video4/v04_20-21_f00418_t13.93_moderate_blur,video4,418,13.93,moderate_blur,0,0,person,0.9268,,0,False,True,False,False,205.374,1.083,432.112,333.116
botsort_persist_3,video4/v04_20-21_f00418_t13.93_moderate_blur,video4,418,13.93,moderate_blur,1,56,chair,0.6313,,0,False,True,False,False,382.42,1.779,637.964,271.652
botsort_persist_3,video4/v04_20-21_f00418_t13.93_moderate_blur,video4,418,13.93,moderate_blur,2,56,chair,0.2661,,0,False,True,False,False,474.491,1.489,639.654,265.584
botsort_persist_3,video4/v04_20-21_f00418_t13.93_moderate_blur,video4,418,13.93,moderate_blur,3,56,chair,0.2032,,0,False,True,False,False,383.785,1.828,556.514,268.263
botsort_persist_5,video4/v04_20-21_f00418_t13.93_moderate_blur,video4,418,13.93,moderate_blur,0,0,person,0.9268,,0,False,True,False,False,205.374,1.083,432.112,333.116
botsort_persist_5,video4/v04_20-21_f00418_t13.93_moderate_blur,video4,418,13.93,moderate_blur,1,56,chair,0.6313,,0,False,True,False,False,382.42,1.779,637.964,271.652
botsort_persist_5,video4/v04_20-21_f00418_t13.93_moderate_blur,video4,418,13.93,moderate_blur,2,56,chair,0.2661,,0,False,True,False,False,474.491,1.489,639.654,265.584
botsort_persist_5,video4/v04_20-21_f00418_t13.93_moderate_blur,video4,418,13.93,moderate_blur,3,56,chair,0.2032,,0,False,True,False,False,383.785,1.828,556.514,268.263
raw,video5/v05_20-23_f00181_t06.03_moderate_blur,video5,181,06.03,moderate_blur,0,56,chair,0.4655,,0,False,True,False,False,73.613,1.891,377.586,314.947
bytetrack,video5/v05_20-23_f00181_t06.03_moderate_blur,video5,181,06.03,moderate_blur,0,56,chair,0.506,13,0,False,True,False,False,70.13,2.942,375.719,315.568
bytetrack_persist_1,video5/v05_20-23_f00181_t06.03_moderate_blur,video5,181,06.03,moderate_blur,0,56,chair,0.4655,,0,False,True,False,False,73.613,1.891,377.586,314.947
bytetrack_persist_3,video5/v05_20-23_f00181_t06.03_moderate_blur,video5,181,06.03,moderate_blur,0,56,chair,0.4655,,0,False,True,False,False,73.613,1.891,377.586,314.947
bytetrack_persist_5,video5/v05_20-23_f00181_t06.03_moderate_blur,video5,181,06.03,moderate_blur,0,56,chair,0.4655,,0,False,True,False,False,73.613,1.891,377.586,314.947
botsort,video5/v05_20-23_f00181_t06.03_moderate_blur,video5,181,06.03,moderate_blur,0,56,chair,0.506,13,0,False,True,False,False,72.624,2.751,373.667,315.407
botsort_persist_1,video5/v05_20-23_f00181_t06.03_moderate_blur,video5,181,06.03,moderate_blur,0,56,chair,0.4655,,0,False,True,False,False,73.613,1.891,377.586,314.947
botsort_persist_3,video5/v05_20-23_f00181_t06.03_moderate_blur,video5,181,06.03,moderate_blur,0,56,chair,0.4655,,0,False,True,False,False,73.613,1.891,377.586,314.947
botsort_persist_5,video5/v05_20-23_f00181_t06.03_moderate_blur,video5,181,06.03,moderate_blur,0,56,chair,0.4655,,0,False,True,False,False,73.613,1.891,377.586,314.947
raw,video5/v05_20-23_f00295_t09.83_clear,video5,295,09.83,clear,0,28,suitcase,0.2342,,0,False,False,True,False,13.56,35.394,135.342,178.753
bytetrack_persist_1,video5/v05_20-23_f00295_t09.83_clear,video5,295,09.83,clear,0,28,suitcase,0.2342,,0,False,False,True,False,13.56,35.394,135.342,178.753
bytetrack_persist_3,video5/v05_20-23_f00295_t09.83_clear,video5,295,09.83,clear,0,28,suitcase,0.2342,,0,False,False,True,False,13.56,35.394,135.342,178.753
bytetrack_persist_5,video5/v05_20-23_f00295_t09.83_clear,video5,295,09.83,clear,0,28,suitcase,0.2342,,0,False,False,True,False,13.56,35.394,135.342,178.753
botsort_persist_1,video5/v05_20-23_f00295_t09.83_clear,video5,295,09.83,clear,0,28,suitcase,0.2342,,0,False,False,True,False,13.56,35.394,135.342,178.753
botsort_persist_3,video5/v05_20-23_f00295_t09.83_clear,video5,295,09.83,clear,0,28,suitcase,0.2342,,0,False,False,True,False,13.56,35.394,135.342,178.753
botsort_persist_5,video5/v05_20-23_f00295_t09.83_clear,video5,295,09.83,clear,0,28,suitcase,0.2342,,0,False,False,True,False,13.56,35.394,135.342,178.753
raw,video5/v05_20-23_f00318_t10.60_moderate_blur,video5,318,10.60,moderate_blur,0,56,chair,0.4293,,0,False,True,False,False,1.374,221.651,520.799,418.073
raw,video5/v05_20-23_f00318_t10.60_moderate_blur,video5,318,10.60,moderate_blur,1,56,chair,0.3675,,0,False,True,False,False,454.607,7.465,639.21,307.699
bytetrack,video5/v05_20-23_f00318_t10.60_moderate_blur,video5,318,10.60,moderate_blur,0,56,chair,0.5047,20,0,False,True,False,False,23.214,220.493,499.28,418.05
bytetrack,video5/v05_20-23_f00318_t10.60_moderate_blur,video5,318,10.60,moderate_blur,1,56,chair,0.344,23,0,False,True,False,False,444.87,6.667,640.0,304.937
bytetrack_persist_1,video5/v05_20-23_f00318_t10.60_moderate_blur,video5,318,10.60,moderate_blur,0,56,chair,0.4293,,0,False,True,False,False,1.374,221.651,520.799,418.073
bytetrack_persist_1,video5/v05_20-23_f00318_t10.60_moderate_blur,video5,318,10.60,moderate_blur,1,56,chair,0.3675,,0,False,True,False,False,454.607,7.465,639.21,307.699
bytetrack_persist_3,video5/v05_20-23_f00318_t10.60_moderate_blur,video5,318,10.60,moderate_blur,0,56,chair,0.4293,,0,False,True,False,False,1.374,221.651,520.799,418.073
bytetrack_persist_3,video5/v05_20-23_f00318_t10.60_moderate_blur,video5,318,10.60,moderate_blur,1,56,chair,0.3675,,0,False,True,False,False,454.607,7.465,639.21,307.699
bytetrack_persist_5,video5/v05_20-23_f00318_t10.60_moderate_blur,video5,318,10.60,moderate_blur,0,56,chair,0.4293,,0,False,True,False,False,1.374,221.651,520.799,418.073
bytetrack_persist_5,video5/v05_20-23_f00318_t10.60_moderate_blur,video5,318,10.60,moderate_blur,1,56,chair,0.3675,,0,False,True,False,False,454.607,7.465,639.21,307.699
botsort,video5/v05_20-23_f00318_t10.60_moderate_blur,video5,318,10.60,moderate_blur,0,56,chair,0.5047,20,0,False,True,False,False,3.69,220.93,522.691,421.304
botsort,video5/v05_20-23_f00318_t10.60_moderate_blur,video5,318,10.60,moderate_blur,1,56,chair,0.344,18,0,False,True,False,False,456.669,9.316,640.0,308.325
botsort_persist_1,video5/v05_20-23_f00318_t10.60_moderate_blur,video5,318,10.60,moderate_blur,0,56,chair,0.4293,,0,False,True,False,False,1.374,221.651,520.799,418.073
botsort_persist_1,video5/v05_20-23_f00318_t10.60_moderate_blur,video5,318,10.60,moderate_blur,1,56,chair,0.3675,,0,False,True,False,False,454.607,7.465,639.21,307.699
botsort_persist_3,video5/v05_20-23_f00318_t10.60_moderate_blur,video5,318,10.60,moderate_blur,0,56,chair,0.4293,,0,False,True,False,False,1.374,221.651,520.799,418.073
botsort_persist_3,video5/v05_20-23_f00318_t10.60_moderate_blur,video5,318,10.60,moderate_blur,1,56,chair,0.3675,,0,False,True,False,False,454.607,7.465,639.21,307.699
botsort_persist_5,video5/v05_20-23_f00318_t10.60_moderate_blur,video5,318,10.60,moderate_blur,0,56,chair,0.4293,,0,False,True,False,False,1.374,221.651,520.799,418.073
botsort_persist_5,video5/v05_20-23_f00318_t10.60_moderate_blur,video5,318,10.60,moderate_blur,1,56,chair,0.3675,,0,False,True,False,False,454.607,7.465,639.21,307.699
raw,video6/v06_20-24_f00000_t00.00_clear,video6,0,00.00,clear,0,0,person,0.8283,,0,False,True,False,False,507.344,2.568,639.619,225.094
bytetrack,video6/v06_20-24_f00000_t00.00_clear,video6,0,00.00,clear,0,0,person,0.8301,1,0,False,True,False,False,507.151,2.596,639.561,225.122
bytetrack_persist_1,video6/v06_20-24_f00000_t00.00_clear,video6,0,00.00,clear,0,0,person,0.8283,,0,False,True,False,False,507.344,2.568,639.619,225.094
bytetrack_persist_3,video6/v06_20-24_f00000_t00.00_clear,video6,0,00.00,clear,0,0,person,0.8283,,0,False,True,False,False,507.344,2.568,639.619,225.094
bytetrack_persist_5,video6/v06_20-24_f00000_t00.00_clear,video6,0,00.00,clear,0,0,person,0.8283,,0,False,True,False,False,507.344,2.568,639.619,225.094
botsort,video6/v06_20-24_f00000_t00.00_clear,video6,0,00.00,clear,0,0,person,0.8301,1,0,False,True,False,False,507.151,2.596,639.561,225.122
botsort_persist_1,video6/v06_20-24_f00000_t00.00_clear,video6,0,00.00,clear,0,0,person,0.8283,,0,False,True,False,False,507.344,2.568,639.619,225.094
botsort_persist_3,video6/v06_20-24_f00000_t00.00_clear,video6,0,00.00,clear,0,0,person,0.8283,,0,False,True,False,False,507.344,2.568,639.619,225.094
botsort_persist_5,video6/v06_20-24_f00000_t00.00_clear,video6,0,00.00,clear,0,0,person,0.8283,,0,False,True,False,False,507.344,2.568,639.619,225.094
raw,video6/v06_20-24_f00030_t01.00_clear,video6,30,01.00,clear,0,0,person,0.7771,,0,False,True,False,False,338.19,2.477,471.424,204.798
raw,video6/v06_20-24_f00030_t01.00_clear,video6,30,01.00,clear,1,39,bottle,0.3554,,0,False,False,True,False,466.704,0.787,589.508,121.383
bytetrack,video6/v06_20-24_f00030_t01.00_clear,video6,30,01.00,clear,0,0,person,0.6545,1,0,False,True,False,False,343.595,2.116,475.471,203.87
bytetrack_persist_1,video6/v06_20-24_f00030_t01.00_clear,video6,30,01.00,clear,0,0,person,0.7771,,0,False,True,False,False,338.19,2.477,471.424,204.798
bytetrack_persist_1,video6/v06_20-24_f00030_t01.00_clear,video6,30,01.00,clear,1,39,bottle,0.3554,,0,False,False,True,False,466.704,0.787,589.508,121.383
bytetrack_persist_3,video6/v06_20-24_f00030_t01.00_clear,video6,30,01.00,clear,0,0,person,0.7771,,0,False,True,False,False,338.19,2.477,471.424,204.798
bytetrack_persist_3,video6/v06_20-24_f00030_t01.00_clear,video6,30,01.00,clear,1,39,bottle,0.3554,,0,False,False,True,False,466.704,0.787,589.508,121.383
bytetrack_persist_5,video6/v06_20-24_f00030_t01.00_clear,video6,30,01.00,clear,0,0,person,0.7771,,0,False,True,False,False,338.19,2.477,471.424,204.798
bytetrack_persist_5,video6/v06_20-24_f00030_t01.00_clear,video6,30,01.00,clear,1,39,bottle,0.3554,,0,False,False,True,False,466.704,0.787,589.508,121.383
botsort,video6/v06_20-24_f00030_t01.00_clear,video6,30,01.00,clear,0,0,person,0.6545,1,0,False,True,False,False,338.38,2.514,472.578,204.468
botsort,video6/v06_20-24_f00030_t01.00_clear,video6,30,01.00,clear,1,39,bottle,0.4037,3,0,False,False,True,False,464.69,0.763,590.315,122.232
botsort_persist_1,video6/v06_20-24_f00030_t01.00_clear,video6,30,01.00,clear,0,0,person,0.7771,,0,False,True,False,False,338.19,2.477,471.424,204.798
botsort_persist_1,video6/v06_20-24_f00030_t01.00_clear,video6,30,01.00,clear,1,39,bottle,0.3554,,0,False,False,True,False,466.704,0.787,589.508,121.383
botsort_persist_3,video6/v06_20-24_f00030_t01.00_clear,video6,30,01.00,clear,0,0,person,0.7771,,0,False,True,False,False,338.19,2.477,471.424,204.798
botsort_persist_3,video6/v06_20-24_f00030_t01.00_clear,video6,30,01.00,clear,1,39,bottle,0.3554,,0,False,False,True,False,466.704,0.787,589.508,121.383
botsort_persist_5,video6/v06_20-24_f00030_t01.00_clear,video6,30,01.00,clear,0,0,person,0.7771,,0,False,True,False,False,338.19,2.477,471.424,204.798
botsort_persist_5,video6/v06_20-24_f00030_t01.00_clear,video6,30,01.00,clear,1,39,bottle,0.3554,,0,False,False,True,False,466.704,0.787,589.508,121.383
raw,video6/v06_20-24_f00123_t04.10_moderate_blur,video6,123,04.10,moderate_blur,0,0,person,0.7565,,0,False,True,False,False,19.159,1.613,263.197,269.194
raw,video6/v06_20-24_f00123_t04.10_moderate_blur,video6,123,04.10,moderate_blur,1,0,person,0.2491,,0,False,True,False,False,18.874,1.074,399.159,267.485
bytetrack,video6/v06_20-24_f00123_t04.10_moderate_blur,video6,123,04.10,moderate_blur,0,0,person,0.7174,9,0,False,True,False,False,32.899,2.011,238.031,264.093
bytetrack_persist_1,video6/v06_20-24_f00123_t04.10_moderate_blur,video6,123,04.10,moderate_blur,0,0,person,0.7565,,0,False,True,False,False,19.159,1.613,263.197,269.194
bytetrack_persist_1,video6/v06_20-24_f00123_t04.10_moderate_blur,video6,123,04.10,moderate_blur,1,0,person,0.2491,,0,False,True,False,False,18.874,1.074,399.159,267.485
bytetrack_persist_3,video6/v06_20-24_f00123_t04.10_moderate_blur,video6,123,04.10,moderate_blur,0,0,person,0.7565,,0,False,True,False,False,19.159,1.613,263.197,269.194
bytetrack_persist_3,video6/v06_20-24_f00123_t04.10_moderate_blur,video6,123,04.10,moderate_blur,1,0,person,0.2491,,0,False,True,False,False,18.874,1.074,399.159,267.485
bytetrack_persist_5,video6/v06_20-24_f00123_t04.10_moderate_blur,video6,123,04.10,moderate_blur,0,0,person,0.7565,,0,False,True,False,False,19.159,1.613,263.197,269.194
bytetrack_persist_5,video6/v06_20-24_f00123_t04.10_moderate_blur,video6,123,04.10,moderate_blur,1,0,person,0.2491,,0,False,True,False,False,18.874,1.074,399.159,267.485
bytetrack_persist_5,video6/v06_20-24_f00123_t04.10_moderate_blur,video6,123,04.10,moderate_blur,2,39,bottle,0.246,17,5,True,False,True,True,309.68,1.677,523.226,187.772
botsort,video6/v06_20-24_f00123_t04.10_moderate_blur,video6,123,04.10,moderate_blur,0,0,person,0.7174,17,0,False,True,False,False,22.993,4.188,259.851,267.084
botsort_persist_1,video6/v06_20-24_f00123_t04.10_moderate_blur,video6,123,04.10,moderate_blur,0,0,person,0.7565,,0,False,True,False,False,19.159,1.613,263.197,269.194
botsort_persist_1,video6/v06_20-24_f00123_t04.10_moderate_blur,video6,123,04.10,moderate_blur,1,0,person,0.2491,,0,False,True,False,False,18.874,1.074,399.159,267.485
botsort_persist_3,video6/v06_20-24_f00123_t04.10_moderate_blur,video6,123,04.10,moderate_blur,0,0,person,0.7565,,0,False,True,False,False,19.159,1.613,263.197,269.194
botsort_persist_3,video6/v06_20-24_f00123_t04.10_moderate_blur,video6,123,04.10,moderate_blur,1,0,person,0.2491,,0,False,True,False,False,18.874,1.074,399.159,267.485
botsort_persist_5,video6/v06_20-24_f00123_t04.10_moderate_blur,video6,123,04.10,moderate_blur,0,0,person,0.7565,,0,False,True,False,False,19.159,1.613,263.197,269.194
botsort_persist_5,video6/v06_20-24_f00123_t04.10_moderate_blur,video6,123,04.10,moderate_blur,1,0,person,0.2491,,0,False,True,False,False,18.874,1.074,399.159,267.485
botsort_persist_5,video6/v06_20-24_f00123_t04.10_moderate_blur,video6,123,04.10,moderate_blur,2,39,bottle,0.246,18,5,True,False,True,True,381.66,18.754,587.47,203.04
raw,video6/v06_20-24_f00154_t05.13_moderate_blur,video6,154,05.13,moderate_blur,0,0,person,0.3181,,0,False,True,False,False,31.03,3.111,224.432,205.084
raw,video6/v06_20-24_f00154_t05.13_moderate_blur,video6,154,05.13,moderate_blur,1,0,person,0.243,,0,False,True,False,False,295.161,1.683,411.565,147.749
raw,video6/v06_20-24_f00154_t05.13_moderate_blur,video6,154,05.13,moderate_blur,2,0,person,0.1942,,0,False,True,False,False,18.948,0.0,406.956,203.27
bytetrack,video6/v06_20-24_f00154_t05.13_moderate_blur,video6,154,05.13,moderate_blur,0,0,person,0.2784,31,0,False,True,False,False,25.851,3.056,237.888,203.991
bytetrack_persist_1,video6/v06_20-24_f00154_t05.13_moderate_blur,video6,154,05.13,moderate_blur,0,0,person,0.3181,,0,False,True,False,False,31.03,3.111,224.432,205.084
bytetrack_persist_1,video6/v06_20-24_f00154_t05.13_moderate_blur,video6,154,05.13,moderate_blur,1,0,person,0.243,,0,False,True,False,False,295.161,1.683,411.565,147.749
bytetrack_persist_1,video6/v06_20-24_f00154_t05.13_moderate_blur,video6,154,05.13,moderate_blur,2,0,person,0.1942,,0,False,True,False,False,18.948,0.0,406.956,203.27
bytetrack_persist_3,video6/v06_20-24_f00154_t05.13_moderate_blur,video6,154,05.13,moderate_blur,0,0,person,0.3181,,0,False,True,False,False,31.03,3.111,224.432,205.084
bytetrack_persist_3,video6/v06_20-24_f00154_t05.13_moderate_blur,video6,154,05.13,moderate_blur,1,0,person,0.243,,0,False,True,False,False,295.161,1.683,411.565,147.749
bytetrack_persist_3,video6/v06_20-24_f00154_t05.13_moderate_blur,video6,154,05.13,moderate_blur,2,0,person,0.1942,,0,False,True,False,False,18.948,0.0,406.956,203.27
bytetrack_persist_3,video6/v06_20-24_f00154_t05.13_moderate_blur,video6,154,05.13,moderate_blur,3,0,person,0.4691,16,3,True,False,True,True,377.62,0.0,500.208,137.795
bytetrack_persist_5,video6/v06_20-24_f00154_t05.13_moderate_blur,video6,154,05.13,moderate_blur,0,0,person,0.3181,,0,False,True,False,False,31.03,3.111,224.432,205.084
bytetrack_persist_5,video6/v06_20-24_f00154_t05.13_moderate_blur,video6,154,05.13,moderate_blur,1,0,person,0.243,,0,False,True,False,False,295.161,1.683,411.565,147.749
bytetrack_persist_5,video6/v06_20-24_f00154_t05.13_moderate_blur,video6,154,05.13,moderate_blur,2,0,person,0.1942,,0,False,True,False,False,18.948,0.0,406.956,203.27
bytetrack_persist_5,video6/v06_20-24_f00154_t05.13_moderate_blur,video6,154,05.13,moderate_blur,3,0,person,0.1678,26,5,True,False,True,True,145.461,0.0,260.625,49.367
bytetrack_persist_5,video6/v06_20-24_f00154_t05.13_moderate_blur,video6,154,05.13,moderate_blur,4,0,person,0.4691,16,3,True,False,True,True,377.62,0.0,500.208,137.795
botsort,video6/v06_20-24_f00154_t05.13_moderate_blur,video6,154,05.13,moderate_blur,0,0,person,0.2784,26,0,False,True,False,False,32.435,4.669,219.013,205.256
botsort_persist_1,video6/v06_20-24_f00154_t05.13_moderate_blur,video6,154,05.13,moderate_blur,0,0,person,0.3181,,0,False,True,False,False,31.03,3.111,224.432,205.084
botsort_persist_1,video6/v06_20-24_f00154_t05.13_moderate_blur,video6,154,05.13,moderate_blur,1,0,person,0.243,,0,False,True,False,False,295.161,1.683,411.565,147.749
botsort_persist_1,video6/v06_20-24_f00154_t05.13_moderate_blur,video6,154,05.13,moderate_blur,2,0,person,0.1942,,0,False,True,False,False,18.948,0.0,406.956,203.27
botsort_persist_3,video6/v06_20-24_f00154_t05.13_moderate_blur,video6,154,05.13,moderate_blur,0,0,person,0.3181,,0,False,True,False,False,31.03,3.111,224.432,205.084
botsort_persist_3,video6/v06_20-24_f00154_t05.13_moderate_blur,video6,154,05.13,moderate_blur,1,0,person,0.243,,0,False,True,False,False,295.161,1.683,411.565,147.749
botsort_persist_3,video6/v06_20-24_f00154_t05.13_moderate_blur,video6,154,05.13,moderate_blur,2,0,person,0.1942,,0,False,True,False,False,18.948,0.0,406.956,203.27
botsort_persist_5,video6/v06_20-24_f00154_t05.13_moderate_blur,video6,154,05.13,moderate_blur,0,0,person,0.3181,,0,False,True,False,False,31.03,3.111,224.432,205.084
botsort_persist_5,video6/v06_20-24_f00154_t05.13_moderate_blur,video6,154,05.13,moderate_blur,1,0,person,0.243,,0,False,True,False,False,295.161,1.683,411.565,147.749
botsort_persist_5,video6/v06_20-24_f00154_t05.13_moderate_blur,video6,154,05.13,moderate_blur,2,0,person,0.1942,,0,False,True,False,False,18.948,0.0,406.956,203.27
botsort_persist_5,video6/v06_20-24_f00154_t05.13_moderate_blur,video6,154,05.13,moderate_blur,3,0,person,0.1678,23,5,True,False,True,True,93.095,14.533,174.953,68.387
raw,video6/v06_20-24_f00184_t06.13_severe_blur,video6,184,06.13,severe_blur,0,0,person,0.6011,,0,False,True,False,False,0.588,1.667,120.019,237.569
bytetrack,video6/v06_20-24_f00184_t06.13_severe_blur,video6,184,06.13,severe_blur,0,0,person,0.4176,38,0,False,True,False,False,23.042,0.207,94.654,237.637
bytetrack_persist_1,video6/v06_20-24_f00184_t06.13_severe_blur,video6,184,06.13,severe_blur,0,0,person,0.6011,,0,False,True,False,False,0.588,1.667,120.019,237.569
bytetrack_persist_3,video6/v06_20-24_f00184_t06.13_severe_blur,video6,184,06.13,severe_blur,0,0,person,0.6011,,0,False,True,False,False,0.588,1.667,120.019,237.569
bytetrack_persist_5,video6/v06_20-24_f00184_t06.13_severe_blur,video6,184,06.13,severe_blur,0,0,person,0.6011,,0,False,True,False,False,0.588,1.667,120.019,237.569
botsort,video6/v06_20-24_f00184_t06.13_severe_blur,video6,184,06.13,severe_blur,0,0,person,0.4176,30,0,False,True,False,False,6.906,1.831,121.116,238.377
botsort_persist_1,video6/v06_20-24_f00184_t06.13_severe_blur,video6,184,06.13,severe_blur,0,0,person,0.6011,,0,False,True,False,False,0.588,1.667,120.019,237.569
botsort_persist_3,video6/v06_20-24_f00184_t06.13_severe_blur,video6,184,06.13,severe_blur,0,0,person,0.6011,,0,False,True,False,False,0.588,1.667,120.019,237.569
botsort_persist_5,video6/v06_20-24_f00184_t06.13_severe_blur,video6,184,06.13,severe_blur,0,0,person,0.6011,,0,False,True,False,False,0.588,1.667,120.019,237.569
raw,video6/v06_20-24_f00215_t07.17_severe_blur,video6,215,07.17,severe_blur,0,0,person,0.4897,,0,False,True,False,False,342.077,1.964,639.511,339.825
bytetrack,video6/v06_20-24_f00215_t07.17_severe_blur,video6,215,07.17,severe_blur,0,0,person,0.184,40,0,False,True,False,False,0.0,5.869,244.92,400.376
bytetrack_persist_1,video6/v06_20-24_f00215_t07.17_severe_blur,video6,215,07.17,severe_blur,0,0,person,0.4897,,0,False,True,False,False,342.077,1.964,639.511,339.825
bytetrack_persist_3,video6/v06_20-24_f00215_t07.17_severe_blur,video6,215,07.17,severe_blur,0,0,person,0.4897,,0,False,True,False,False,342.077,1.964,639.511,339.825
bytetrack_persist_5,video6/v06_20-24_f00215_t07.17_severe_blur,video6,215,07.17,severe_blur,0,0,person,0.4897,,0,False,True,False,False,342.077,1.964,639.511,339.825
bytetrack_persist_5,video6/v06_20-24_f00215_t07.17_severe_blur,video6,215,07.17,severe_blur,1,0,person,0.2882,43,5,True,False,True,True,605.477,2.599,638.709,241.855
botsort,video6/v06_20-24_f00215_t07.17_severe_blur,video6,215,07.17,severe_blur,0,0,person,0.184,31,0,False,True,False,False,0.0,8.506,199.153,402.426
botsort_persist_1,video6/v06_20-24_f00215_t07.17_severe_blur,video6,215,07.17,severe_blur,0,0,person,0.4897,,0,False,True,False,False,342.077,1.964,639.511,339.825
botsort_persist_3,video6/v06_20-24_f00215_t07.17_severe_blur,video6,215,07.17,severe_blur,0,0,person,0.4897,,0,False,True,False,False,342.077,1.964,639.511,339.825
botsort_persist_5,video6/v06_20-24_f00215_t07.17_severe_blur,video6,215,07.17,severe_blur,0,0,person,0.4897,,0,False,True,False,False,342.077,1.964,639.511,339.825
botsort_persist_5,video6/v06_20-24_f00215_t07.17_severe_blur,video6,215,07.17,severe_blur,1,0,person,0.2882,34,5,True,False,True,True,555.245,10.147,589.535,262.465
raw,video6/v06_20-24_f00277_t09.23_moderate_blur,video6,277,09.23,moderate_blur,0,56,chair,0.2738,,0,False,True,False,False,175.39,1.612,457.734,283.842
raw,video6/v06_20-24_f00277_t09.23_moderate_blur,video6,277,09.23,moderate_blur,1,56,chair,0.1851,,0,False,True,False,False,0.317,24.093,85.825,95.848
raw,video6/v06_20-24_f00277_t09.23_moderate_blur,video6,277,09.23,moderate_blur,2,56,chair,0.1769,,0,False,True,False,False,0.304,19.843,89.277,311.012
bytetrack,video6/v06_20-24_f00277_t09.23_moderate_blur,video6,277,09.23,moderate_blur,0,56,chair,0.2027,45,0,False,True,False,False,171.393,1.475,463.182,288.983
bytetrack,video6/v06_20-24_f00277_t09.23_moderate_blur,video6,277,09.23,moderate_blur,1,56,chair,0.2065,46,0,False,True,False,False,0.0,15.669,125.546,308.774
bytetrack_persist_1,video6/v06_20-24_f00277_t09.23_moderate_blur,video6,277,09.23,moderate_blur,0,56,chair,0.2738,,0,False,True,False,False,175.39,1.612,457.734,283.842
bytetrack_persist_1,video6/v06_20-24_f00277_t09.23_moderate_blur,video6,277,09.23,moderate_blur,1,56,chair,0.1851,,0,False,True,False,False,0.317,24.093,85.825,95.848
bytetrack_persist_1,video6/v06_20-24_f00277_t09.23_moderate_blur,video6,277,09.23,moderate_blur,2,56,chair,0.1769,,0,False,True,False,False,0.304,19.843,89.277,311.012
bytetrack_persist_3,video6/v06_20-24_f00277_t09.23_moderate_blur,video6,277,09.23,moderate_blur,0,56,chair,0.2738,,0,False,True,False,False,175.39,1.612,457.734,283.842
bytetrack_persist_3,video6/v06_20-24_f00277_t09.23_moderate_blur,video6,277,09.23,moderate_blur,1,56,chair,0.1851,,0,False,True,False,False,0.317,24.093,85.825,95.848
bytetrack_persist_3,video6/v06_20-24_f00277_t09.23_moderate_blur,video6,277,09.23,moderate_blur,2,56,chair,0.1769,,0,False,True,False,False,0.304,19.843,89.277,311.012
bytetrack_persist_5,video6/v06_20-24_f00277_t09.23_moderate_blur,video6,277,09.23,moderate_blur,0,56,chair,0.2738,,0,False,True,False,False,175.39,1.612,457.734,283.842
bytetrack_persist_5,video6/v06_20-24_f00277_t09.23_moderate_blur,video6,277,09.23,moderate_blur,1,56,chair,0.1851,,0,False,True,False,False,0.317,24.093,85.825,95.848
bytetrack_persist_5,video6/v06_20-24_f00277_t09.23_moderate_blur,video6,277,09.23,moderate_blur,2,56,chair,0.1769,,0,False,True,False,False,0.304,19.843,89.277,311.012
botsort,video6/v06_20-24_f00277_t09.23_moderate_blur,video6,277,09.23,moderate_blur,0,56,chair,0.2027,36,0,False,True,False,False,175.559,1.789,457.563,289.054
botsort,video6/v06_20-24_f00277_t09.23_moderate_blur,video6,277,09.23,moderate_blur,1,56,chair,0.2065,37,0,False,True,False,False,0.253,15.923,108.792,308.977
botsort_persist_1,video6/v06_20-24_f00277_t09.23_moderate_blur,video6,277,09.23,moderate_blur,0,56,chair,0.2738,,0,False,True,False,False,175.39,1.612,457.734,283.842
botsort_persist_1,video6/v06_20-24_f00277_t09.23_moderate_blur,video6,277,09.23,moderate_blur,1,56,chair,0.1851,,0,False,True,False,False,0.317,24.093,85.825,95.848
botsort_persist_1,video6/v06_20-24_f00277_t09.23_moderate_blur,video6,277,09.23,moderate_blur,2,56,chair,0.1769,,0,False,True,False,False,0.304,19.843,89.277,311.012
botsort_persist_3,video6/v06_20-24_f00277_t09.23_moderate_blur,video6,277,09.23,moderate_blur,0,56,chair,0.2738,,0,False,True,False,False,175.39,1.612,457.734,283.842
botsort_persist_3,video6/v06_20-24_f00277_t09.23_moderate_blur,video6,277,09.23,moderate_blur,1,56,chair,0.1851,,0,False,True,False,False,0.317,24.093,85.825,95.848
botsort_persist_3,video6/v06_20-24_f00277_t09.23_moderate_blur,video6,277,09.23,moderate_blur,2,56,chair,0.1769,,0,False,True,False,False,0.304,19.843,89.277,311.012
botsort_persist_5,video6/v06_20-24_f00277_t09.23_moderate_blur,video6,277,09.23,moderate_blur,0,56,chair,0.2738,,0,False,True,False,False,175.39,1.612,457.734,283.842
botsort_persist_5,video6/v06_20-24_f00277_t09.23_moderate_blur,video6,277,09.23,moderate_blur,1,56,chair,0.1851,,0,False,True,False,False,0.317,24.093,85.825,95.848
botsort_persist_5,video6/v06_20-24_f00277_t09.23_moderate_blur,video6,277,09.23,moderate_blur,2,56,chair,0.1769,,0,False,True,False,False,0.304,19.843,89.277,311.012
bytetrack_persist_3,video6/v06_20-24_f00431_t14.37_moderate_blur,video6,431,14.37,moderate_blur,0,0,person,0.3622,54,3,True,False,True,True,122.657,7.998,267.151,149.838
bytetrack_persist_5,video6/v06_20-24_f00431_t14.37_moderate_blur,video6,431,14.37,moderate_blur,0,0,person,0.3622,54,3,True,False,True,True,122.657,7.998,267.151,149.838
botsort_persist_3,video6/v06_20-24_f00431_t14.37_moderate_blur,video6,431,14.37,moderate_blur,0,0,person,0.3622,45,3,True,True,False,False,0.0,20.55,226.871,160.084
botsort_persist_5,video6/v06_20-24_f00431_t14.37_moderate_blur,video6,431,14.37,moderate_blur,0,0,person,0.3622,45,3,True,True,False,False,0.0,20.55,226.871,160.084
bytetrack_persist_3,video6/v06_20-24_f00616_t20.53_moderate_blur,video6,616,20.53,moderate_blur,0,0,person,0.4715,70,2,True,False,True,True,282.268,2.042,640.0,419.571
bytetrack_persist_5,video6/v06_20-24_f00616_t20.53_moderate_blur,video6,616,20.53,moderate_blur,0,0,person,0.4715,70,2,True,False,True,True,282.268,2.042,640.0,419.571
botsort_persist_3,video6/v06_20-24_f00616_t20.53_moderate_blur,video6,616,20.53,moderate_blur,0,0,person,0.4715,58,2,True,False,True,True,293.299,0.0,626.071,405.241
botsort_persist_5,video6/v06_20-24_f00616_t20.53_moderate_blur,video6,616,20.53,moderate_blur,0,0,person,0.4715,58,2,True,False,True,True,293.299,0.0,626.071,405.241
raw,video7/v07_20-25_f00000_t00.00_clear,video7,0,00.00,clear,0,0,person,0.1519,,0,False,False,True,False,331.064,6.507,635.779,359.765
bytetrack_persist_1,video7/v07_20-25_f00000_t00.00_clear,video7,0,00.00,clear,0,0,person,0.1519,,0,False,False,True,False,331.064,6.507,635.779,359.765
bytetrack_persist_3,video7/v07_20-25_f00000_t00.00_clear,video7,0,00.00,clear,0,0,person,0.1519,,0,False,False,True,False,331.064,6.507,635.779,359.765
bytetrack_persist_5,video7/v07_20-25_f00000_t00.00_clear,video7,0,00.00,clear,0,0,person,0.1519,,0,False,False,True,False,331.064,6.507,635.779,359.765
botsort_persist_1,video7/v07_20-25_f00000_t00.00_clear,video7,0,00.00,clear,0,0,person,0.1519,,0,False,False,True,False,331.064,6.507,635.779,359.765
botsort_persist_3,video7/v07_20-25_f00000_t00.00_clear,video7,0,00.00,clear,0,0,person,0.1519,,0,False,False,True,False,331.064,6.507,635.779,359.765
botsort_persist_5,video7/v07_20-25_f00000_t00.00_clear,video7,0,00.00,clear,0,0,person,0.1519,,0,False,False,True,False,331.064,6.507,635.779,359.765
raw,video7/v07_20-25_f00059_t01.97_clear,video7,59,01.97,clear,0,56,chair,0.3537,,0,False,True,False,False,87.269,0.0,427.666,376.829
bytetrack_persist_1,video7/v07_20-25_f00059_t01.97_clear,video7,59,01.97,clear,0,56,chair,0.3537,,0,False,True,False,False,87.269,0.0,427.666,376.829
bytetrack_persist_3,video7/v07_20-25_f00059_t01.97_clear,video7,59,01.97,clear,0,56,chair,0.3537,,0,False,True,False,False,87.269,0.0,427.666,376.829
bytetrack_persist_5,video7/v07_20-25_f00059_t01.97_clear,video7,59,01.97,clear,0,56,chair,0.3537,,0,False,True,False,False,87.269,0.0,427.666,376.829
botsort_persist_1,video7/v07_20-25_f00059_t01.97_clear,video7,59,01.97,clear,0,56,chair,0.3537,,0,False,True,False,False,87.269,0.0,427.666,376.829
botsort_persist_3,video7/v07_20-25_f00059_t01.97_clear,video7,59,01.97,clear,0,56,chair,0.3537,,0,False,True,False,False,87.269,0.0,427.666,376.829
botsort_persist_5,video7/v07_20-25_f00059_t01.97_clear,video7,59,01.97,clear,0,56,chair,0.3537,,0,False,True,False,False,87.269,0.0,427.666,376.829
raw,video7/v07_20-25_f00223_t07.43_moderate_blur,video7,223,07.43,moderate_blur,0,0,person,0.2693,,0,False,False,True,False,1.713,2.035,423.023,415.293
bytetrack_persist_1,video7/v07_20-25_f00223_t07.43_moderate_blur,video7,223,07.43,moderate_blur,0,0,person,0.2693,,0,False,False,True,False,1.713,2.035,423.023,415.293
bytetrack_persist_3,video7/v07_20-25_f00223_t07.43_moderate_blur,video7,223,07.43,moderate_blur,0,0,person,0.2693,,0,False,False,True,False,1.713,2.035,423.023,415.293
bytetrack_persist_5,video7/v07_20-25_f00223_t07.43_moderate_blur,video7,223,07.43,moderate_blur,0,0,person,0.2693,,0,False,False,True,False,1.713,2.035,423.023,415.293
botsort_persist_1,video7/v07_20-25_f00223_t07.43_moderate_blur,video7,223,07.43,moderate_blur,0,0,person,0.2693,,0,False,False,True,False,1.713,2.035,423.023,415.293
botsort_persist_3,video7/v07_20-25_f00223_t07.43_moderate_blur,video7,223,07.43,moderate_blur,0,0,person,0.2693,,0,False,False,True,False,1.713,2.035,423.023,415.293
botsort_persist_5,video7/v07_20-25_f00223_t07.43_moderate_blur,video7,223,07.43,moderate_blur,0,0,person,0.2693,,0,False,False,True,False,1.713,2.035,423.023,415.293
