method,gt_instance_id,frame_id,gt_index,video,target_frame,metadata_frame,timestamp,quality_group,class_id,class,raw_detected,tracked_detected,raw_confidence,tracked_confidence,track_id,missed_frames_before_target,persisted_at_target,outcome
bytetrack,video1/v01_20-16_f00054_t01.82_clear/gt000,video1/v01_20-16_f00054_t01.82_clear,0,video1,49,00054,01.82,clear,56,chair,False,False,,,,,False,still_missed
bytetrack_persist_1,video1/v01_20-16_f00054_t01.82_clear/gt000,video1/v01_20-16_f00054_t01.82_clear,0,video1,49,00054,01.82,clear,56,chair,False,False,,,,,False,still_missed
bytetrack_persist_3,video1/v01_20-16_f00054_t01.82_clear/gt000,video1/v01_20-16_f00054_t01.82_clear,0,video1,49,00054,01.82,clear,56,chair,False,False,,,,,False,still_missed
bytetrack_persist_5,video1/v01_20-16_f00054_t01.82_clear/gt000,video1/v01_20-16_f00054_t01.82_clear,0,video1,49,00054,01.82,clear,56,chair,False,False,,,,,False,still_missed
botsort,video1/v01_20-16_f00054_t01.82_clear/gt000,video1/v01_20-16_f00054_t01.82_clear,0,video1,49,00054,01.82,clear,56,chair,False,False,,,,,False,still_missed
botsort_persist_1,video1/v01_20-16_f00054_t01.82_clear/gt000,video1/v01_20-16_f00054_t01.82_clear,0,video1,49,00054,01.82,clear,56,chair,False,False,,,,,False,still_missed
botsort_persist_3,video1/v01_20-16_f00054_t01.82_clear/gt000,video1/v01_20-16_f00054_t01.82_clear,0,video1,49,00054,01.82,clear,56,chair,False,False,,,,,False,still_missed
botsort_persist_5,video1/v01_20-16_f00054_t01.82_clear/gt000,video1/v01_20-16_f00054_t01.82_clear,0,video1,49,00054,01.82,clear,56,chair,False,False,,,,,False,still_missed
bytetrack,video1/v01_20-16_f00081_t02.73_clear/gt000,video1/v01_20-16_f00081_t02.73_clear,0,video1,76,00081,02.73,clear,56,chair,False,False,,,,,False,still_missed
bytetrack,video1/v01_20-16_f00081_t02.73_clear/gt001,video1/v01_20-16_f00081_t02.73_clear,1,video1,76,00081,02.73,clear,56,chair,False,False,,,,,False,still_missed
bytetrack,video1/v01_20-16_f00081_t02.73_clear/gt002,video1/v01_20-16_f00081_t02.73_clear,2,video1,76,00081,02.73,clear,56,chair,False,False,,,,,False,still_missed
bytetrack_persist_1,video1/v01_20-16_f00081_t02.73_clear/gt000,video1/v01_20-16_f00081_t02.73_clear,0,video1,76,00081,02.73,clear,56,chair,False,True,,0.2263,8,1,True,rescued
bytetrack_persist_1,video1/v01_20-16_f00081_t02.73_clear/gt001,video1/v01_20-16_f00081_t02.73_clear,1,video1,76,00081,02.73,clear,56,chair,False,False,,,,,False,still_missed
bytetrack_persist_1,video1/v01_20-16_f00081_t02.73_clear/gt002,video1/v01_20-16_f00081_t02.73_clear,2,video1,76,00081,02.73,clear,56,chair,False,False,,,,,False,still_missed
bytetrack_persist_3,video1/v01_20-16_f00081_t02.73_clear/gt000,video1/v01_20-16_f00081_t02.73_clear,0,video1,76,00081,02.73,clear,56,chair,False,True,,0.2263,8,1,True,rescued
bytetrack_persist_3,video1/v01_20-16_f00081_t02.73_clear/gt001,video1/v01_20-16_f00081_t02.73_clear,1,video1,76,00081,02.73,clear,56,chair,False,False,,,,,False,still_missed
bytetrack_persist_3,video1/v01_20-16_f00081_t02.73_clear/gt002,video1/v01_20-16_f00081_t02.73_clear,2,video1,76,00081,02.73,clear,56,chair,False,False,,,,,False,still_missed
bytetrack_persist_5,video1/v01_20-16_f00081_t02.73_clear/gt000,video1/v01_20-16_f00081_t02.73_clear,0,video1,76,00081,02.73,clear,56,chair,False,True,,0.2263,8,1,True,rescued
bytetrack_persist_5,video1/v01_20-16_f00081_t02.73_clear/gt001,video1/v01_20-16_f00081_t02.73_clear,1,video1,76,00081,02.73,clear,56,chair,False,False,,,,,False,still_missed
bytetrack_persist_5,video1/v01_20-16_f00081_t02.73_clear/gt002,video1/v01_20-16_f00081_t02.73_clear,2,video1,76,00081,02.73,clear,56,chair,False,False,,,,,False,still_missed
botsort,video1/v01_20-16_f00081_t02.73_clear/gt000,video1/v01_20-16_f00081_t02.73_clear,0,video1,76,00081,02.73,clear,56,chair,False,False,,,,,False,still_missed
botsort,video1/v01_20-16_f00081_t02.73_clear/gt001,video1/v01_20-16_f00081_t02.73_clear,1,video1,76,00081,02.73,clear,56,chair,False,False,,,,,False,still_missed
botsort,video1/v01_20-16_f00081_t02.73_clear/gt002,video1/v01_20-16_f00081_t02.73_clear,2,video1,76,00081,02.73,clear,56,chair,False,False,,,,,False,still_missed
botsort_persist_1,video1/v01_20-16_f00081_t02.73_clear/gt000,video1/v01_20-16_f00081_t02.73_clear,0,video1,76,00081,02.73,clear,56,chair,False,True,,0.2263,7,1,True,rescued
botsort_persist_1,video1/v01_20-16_f00081_t02.73_clear/gt001,video1/v01_20-16_f00081_t02.73_clear,1,video1,76,00081,02.73,clear,56,chair,False,False,,,,,False,still_missed
botsort_persist_1,video1/v01_20-16_f00081_t02.73_clear/gt002,video1/v01_20-16_f00081_t02.73_clear,2,video1,76,00081,02.73,clear,56,chair,False,False,,,,,False,still_missed
botsort_persist_3,video1/v01_20-16_f00081_t02.73_clear/gt000,video1/v01_20-16_f00081_t02.73_clear,0,video1,76,00081,02.73,clear,56,chair,False,True,,0.2263,7,1,True,rescued
botsort_persist_3,video1/v01_20-16_f00081_t02.73_clear/gt001,video1/v01_20-16_f00081_t02.73_clear,1,video1,76,00081,02.73,clear,56,chair,False,False,,,,,False,still_missed
botsort_persist_3,video1/v01_20-16_f00081_t02.73_clear/gt002,video1/v01_20-16_f00081_t02.73_clear,2,video1,76,00081,02.73,clear,56,chair,False,False,,,,,False,still_missed
botsort_persist_5,video1/v01_20-16_f00081_t02.73_clear/gt000,video1/v01_20-16_f00081_t02.73_clear,0,video1,76,00081,02.73,clear,56,chair,False,True,,0.2263,7,1,True,rescued
botsort_persist_5,video1/v01_20-16_f00081_t02.73_clear/gt001,video1/v01_20-16_f00081_t02.73_clear,1,video1,76,00081,02.73,clear,56,chair,False,False,,,,,False,still_missed
botsort_persist_5,video1/v01_20-16_f00081_t02.73_clear/gt002,video1/v01_20-16_f00081_t02.73_clear,2,video1,76,00081,02.73,clear,56,chair,False,False,,,,,False,still_missed
bytetrack,video1/v01_20-16_f00108_t03.63_moderate_blur/gt000,video1/v01_20-16_f00108_t03.63_moderate_blur,0,video1,103,00108,03.63,moderate_blur,56,chair,False,False,,,,,False,still_missed
bytetrack,video1/v01_20-16_f00108_t03.63_moderate_blur/gt001,video1/v01_20-16_f00108_t03.63_moderate_blur,1,video1,103,00108,03.63,moderate_blur,56,chair,False,False,,,,,False,still_missed
bytetrack,video1/v01_20-16_f00108_t03.63_moderate_blur/gt002,video1/v01_20-16_f00108_t03.63_moderate_blur,2,video1,103,00108,03.63,moderate_blur,56,chair,False,False,,,,,False,still_missed
bytetrack,video1/v01_20-16_f00108_t03.63_moderate_blur/gt003,video1/v01_20-16_f00108_t03.63_moderate_blur,3,video1,103,00108,03.63,moderate_blur,60,dining table,False,False,,,,,False,still_missed
bytetrack_persist_1,video1/v01_20-16_f00108_t03.63_moderate_blur/gt000,video1/v01_20-16_f00108_t03.63_moderate_blur,0,video1,103,00108,03.63,moderate_blur,56,chair,False,False,,,,,False,still_missed
bytetrack_persist_1,video1/v01_20-16_f00108_t03.63_moderate_blur/gt001,video1/v01_20-16_f00108_t03.63_moderate_blur,1,video1,103,00108,03.63,moderate_blur,56,chair,False,False,,,,,False,still_missed
bytetrack_persist_1,video1/v01_20-16_f00108_t03.63_moderate_blur/gt002,video1/v01_20-16_f00108_t03.63_moderate_blur,2,video1,103,00108,03.63,moderate_blur,56,chair,False,False,,,,,False,still_missed
bytetrack_persist_1,video1/v01_20-16_f00108_t03.63_moderate_blur/gt003,video1/v01_20-16_f00108_t03.63_moderate_blur,3,video1,103,00108,03.63,moderate_blur,60,dining table,False,False,,,,,False,still_missed
bytetrack_persist_3,video1/v01_20-16_f00108_t03.63_moderate_blur/gt000,video1/v01_20-16_f00108_t03.63_moderate_blur,0,video1,103,00108,03.63,moderate_blur,56,chair,False,False,,,,,False,still_missed
bytetrack_persist_3,video1/v01_20-16_f00108_t03.63_moderate_blur/gt001,video1/v01_20-16_f00108_t03.63_moderate_blur,1,video1,103,00108,03.63,moderate_blur,56,chair,False,False,,,,,False,still_missed
bytetrack_persist_3,video1/v01_20-16_f00108_t03.63_moderate_blur/gt002,video1/v01_20-16_f00108_t03.63_moderate_blur,2,video1,103,00108,03.63,moderate_blur,56,chair,False,False,,,,,False,still_missed
bytetrack_persist_3,video1/v01_20-16_f00108_t03.63_moderate_blur/gt003,video1/v01_20-16_f00108_t03.63_moderate_blur,3,video1,103,00108,03.63,moderate_blur,60,dining table,False,False,,,,,False,still_missed
bytetrack_persist_5,video1/v01_20-16_f00108_t03.63_moderate_blur/gt000,video1/v01_20-16_f00108_t03.63_moderate_blur,0,video1,103,00108,03.63,moderate_blur,56,chair,False,False,,,,,False,still_missed
bytetrack_persist_5,video1/v01_20-16_f00108_t03.63_moderate_blur/gt001,video1/v01_20-16_f00108_t03.63_moderate_blur,1,video1,103,00108,03.63,moderate_blur,56,chair,False,False,,,,,False,still_missed
bytetrack_persist_5,video1/v01_20-16_f00108_t03.63_moderate_blur/gt002,video1/v01_20-16_f00108_t03.63_moderate_blur,2,video1,103,00108,03.63,moderate_blur,56,chair,False,False,,,,,False,still_missed
bytetrack_persist_5,video1/v01_20-16_f00108_t03.63_moderate_blur/gt003,video1/v01_20-16_f00108_t03.63_moderate_blur,3,video1,103,00108,03.63,moderate_blur,60,dining table,False,False,,,,,False,still_missed
botsort,video1/v01_20-16_f00108_t03.63_moderate_blur/gt000,video1/v01_20-16_f00108_t03.63_moderate_blur,0,video1,103,00108,03.63,moderate_blur,56,chair,False,False,,,,,False,still_missed
botsort,video1/v01_20-16_f00108_t03.63_moderate_blur/gt001,video1/v01_20-16_f00108_t03.63_moderate_blur,1,video1,103,00108,03.63,moderate_blur,56,chair,False,False,,,,,False,still_missed
botsort,video1/v01_20-16_f00108_t03.63_moderate_blur/gt002,video1/v01_20-16_f00108_t03.63_moderate_blur,2,video1,103,00108,03.63,moderate_blur,56,chair,False,False,,,,,False,still_missed
botsort,video1/v01_20-16_f00108_t03.63_moderate_blur/gt003,video1/v01_20-16_f00108_t03.63_moderate_blur,3,video1,103,00108,03.63,moderate_blur,60,dining table,False,False,,,,,False,still_missed
botsort_persist_1,video1/v01_20-16_f00108_t03.63_moderate_blur/gt000,video1/v01_20-16_f00108_t03.63_moderate_blur,0,video1,103,00108,03.63,moderate_blur,56,chair,False,False,,,,,False,still_missed
botsort_persist_1,video1/v01_20-16_f00108_t03.63_moderate_blur/gt001,video1/v01_20-16_f00108_t03.63_moderate_blur,1,video1,103,00108,03.63,moderate_blur,56,chair,False,False,,,,,False,still_missed
botsort_persist_1,video1/v01_20-16_f00108_t03.63_moderate_blur/gt002,video1/v01_20-16_f00108_t03.63_moderate_blur,2,video1,103,00108,03.63,moderate_blur,56,chair,False,False,,,,,False,still_missed
botsort_persist_1,video1/v01_20-16_f00108_t03.63_moderate_blur/gt003,video1/v01_20-16_f00108_t03.63_moderate_blur,3,video1,103,00108,03.63,moderate_blur,60,dining table,False,False,,,,,False,still_missed
botsort_persist_3,video1/v01_20-16_f00108_t03.63_moderate_blur/gt000,video1/v01_20-16_f00108_t03.63_moderate_blur,0,video1,103,00108,03.63,moderate_blur,56,chair,False,False,,,,,False,still_missed
botsort_persist_3,video1/v01_20-16_f00108_t03.63_moderate_blur/gt001,video1/v01_20-16_f00108_t03.63_moderate_blur,1,video1,103,00108,03.63,moderate_blur,56,chair,False,False,,,,,False,still_missed
botsort_persist_3,video1/v01_20-16_f00108_t03.63_moderate_blur/gt002,video1/v01_20-16_f00108_t03.63_moderate_blur,2,video1,103,00108,03.63,moderate_blur,56,chair,False,False,,,,,False,still_missed
botsort_persist_3,video1/v01_20-16_f00108_t03.63_moderate_blur/gt003,video1/v01_20-16_f00108_t03.63_moderate_blur,3,video1,103,00108,03.63,moderate_blur,60,dining table,False,False,,,,,False,still_missed
botsort_persist_5,video1/v01_20-16_f00108_t03.63_moderate_blur/gt000,video1/v01_20-16_f00108_t03.63_moderate_blur,0,video1,103,00108,03.63,moderate_blur,56,chair,False,False,,,,,False,still_missed
botsort_persist_5,video1/v01_20-16_f00108_t03.63_moderate_blur/gt001,video1/v01_20-16_f00108_t03.63_moderate_blur,1,video1,103,00108,03.63,moderate_blur,56,chair,False,False,,,,,False,still_missed
botsort_persist_5,video1/v01_20-16_f00108_t03.63_moderate_blur/gt002,video1/v01_20-16_f00108_t03.63_moderate_blur,2,video1,103,00108,03.63,moderate_blur,56,chair,False,False,,,,,False,still_missed
botsort_persist_5,video1/v01_20-16_f00108_t03.63_moderate_blur/gt003,video1/v01_20-16_f00108_t03.63_moderate_blur,3,video1,103,00108,03.63,moderate_blur,60,dining table,False,False,,,,,False,still_missed
bytetrack,video1/v01_20-16_f00162_t05.45_moderate_blur/gt000,video1/v01_20-16_f00162_t05.45_moderate_blur,0,video1,158,00162,05.45,moderate_blur,56,chair,True,True,0.2313,0.5354,17,0,False,both_detected
bytetrack,video1/v01_20-16_f00162_t05.45_moderate_blur/gt001,video1/v01_20-16_f00162_t05.45_moderate_blur,1,video1,158,00162,05.45,moderate_blur,56,chair,False,False,,,,,False,still_missed
bytetrack,video1/v01_20-16_f00162_t05.45_moderate_blur/gt002,video1/v01_20-16_f00162_t05.45_moderate_blur,2,video1,158,00162,05.45,moderate_blur,56,chair,False,False,,,,,False,still_missed
bytetrack,video1/v01_20-16_f00162_t05.45_moderate_blur/gt003,video1/v01_20-16_f00162_t05.45_moderate_blur,3,video1,158,00162,05.45,moderate_blur,56,chair,False,False,,,,,False,still_missed
bytetrack,video1/v01_20-16_f00162_t05.45_moderate_blur/gt004,video1/v01_20-16_f00162_t05.45_moderate_blur,4,video1,158,00162,05.45,moderate_blur,56,chair,False,False,,,,,False,still_missed
bytetrack,video1/v01_20-16_f00162_t05.45_moderate_blur/gt005,video1/v01_20-16_f00162_t05.45_moderate_blur,5,video1,158,00162,05.45,moderate_blur,60,dining table,False,False,,,,,False,still_missed
bytetrack,video1/v01_20-16_f00162_t05.45_moderate_blur/gt006,video1/v01_20-16_f00162_t05.45_moderate_blur,6,video1,158,00162,05.45,moderate_blur,56,chair,False,False,,,,,False,still_missed
bytetrack,video1/v01_20-16_f00162_t05.45_moderate_blur/gt007,video1/v01_20-16_f00162_t05.45_moderate_blur,7,video1,158,00162,05.45,moderate_blur,56,chair,False,False,,,,,False,still_missed
bytetrack_persist_1,video1/v01_20-16_f00162_t05.45_moderate_blur/gt000,video1/v01_20-16_f00162_t05.45_moderate_blur,0,video1,158,00162,05.45,moderate_blur,56,chair,True,True,0.2313,0.2313,,0,False,both_detected
bytetrack_persist_1,video1/v01_20-16_f00162_t05.45_moderate_blur/gt001,video1/v01_20-16_f00162_t05.45_moderate_blur,1,video1,158,00162,05.45,moderate_blur,56,chair,False,False,,,,,False,still_missed
bytetrack_persist_1,video1/v01_20-16_f00162_t05.45_moderate_blur/gt002,video1/v01_20-16_f00162_t05.45_moderate_blur,2,video1,158,00162,05.45,moderate_blur,56,chair,False,False,,,,,False,still_missed
bytetrack_persist_1,video1/v01_20-16_f00162_t05.45_moderate_blur/gt003,video1/v01_20-16_f00162_t05.45_moderate_blur,3,video1,158,00162,05.45,moderate_blur,56,chair,False,False,,,,,False,still_missed
bytetrack_persist_1,video1/v01_20-16_f00162_t05.45_moderate_blur/gt004,video1/v01_20-16_f00162_t05.45_moderate_blur,4,video1,158,00162,05.45,moderate_blur,56,chair,False,False,,,,,False,still_missed
bytetrack_persist_1,video1/v01_20-16_f00162_t05.45_moderate_blur/gt005,video1/v01_20-16_f00162_t05.45_moderate_blur,5,video1,158,00162,05.45,moderate_blur,60,dining table,False,False,,,,,False,still_missed
bytetrack_persist_1,video1/v01_20-16_f00162_t05.45_moderate_blur/gt006,video1/v01_20-16_f00162_t05.45_moderate_blur,6,video1,158,00162,05.45,moderate_blur,56,chair,False,False,,,,,False,still_missed
bytetrack_persist_1,video1/v01_20-16_f00162_t05.45_moderate_blur/gt007,video1/v01_20-16_f00162_t05.45_moderate_blur,7,video1,158,00162,05.45,moderate_blur,56,chair,False,False,,,,,False,still_missed
bytetrack_persist_3,video1/v01_20-16_f00162_t05.45_moderate_blur/gt000,video1/v01_20-16_f00162_t05.45_moderate_blur,0,video1,158,00162,05.45,moderate_blur,56,chair,True,True,0.2313,0.2313,,0,False,both_detected
bytetrack_persist_3,video1/v01_20-16_f00162_t05.45_moderate_blur/gt001,video1/v01_20-16_f00162_t05.45_moderate_blur,1,video1,158,00162,05.45,moderate_blur,56,chair,False,False,,,,,False,still_missed
bytetrack_persist_3,video1/v01_20-16_f00162_t05.45_moderate_blur/gt002,video1/v01_20-16_f00162_t05.45_moderate_blur,2,video1,158,00162,05.45,moderate_blur,56,chair,False,True,,0.2189,16,3,True,rescued
bytetrack_persist_3,video1/v01_20-16_f00162_t05.45_moderate_blur/gt003,video1/v01_20-16_f00162_t05.45_moderate_blur,3,video1,158,00162,05.45,moderate_blur,56,chair,False,True,,0.3209,13,3,True,rescued
bytetrack_persist_3,video1/v01_20-16_f00162_t05.45_moderate_blur/gt004,video1/v01_20-16_f00162_t05.45_moderate_blur,4,video1,158,00162,05.45,moderate_blur,56,chair,False,False,,,,,False,still_missed
bytetrack_persist_3,video1/v01_20-16_f00162_t05.45_moderate_blur/gt005,video1/v01_20-16_f00162_t05.45_moderate_blur,5,video1,158,00162,05.45,moderate_blur,60,dining table,False,False,,,,,False,still_missed
bytetrack_persist_3,video1/v01_20-16_f00162_t05.45_moderate_blur/gt006,video1/v01_20-16_f00162_t05.45_moderate_blur,6,video1,158,00162,05.45,moderate_blur,56,chair,False,False,,,,,False,still_missed
bytetrack_persist_3,video1/v01_20-16_f00162_t05.45_moderate_blur/gt007,video1/v01_20-16_f00162_t05.45_moderate_blur,7,video1,158,00162,05.45,moderate_blur,56,chair,False,False,,,,,False,still_missed
bytetrack_persist_5,video1/v01_20-16_f00162_t05.45_moderate_blur/gt000,video1/v01_20-16_f00162_t05.45_moderate_blur,0,video1,158,00162,05.45,moderate_blur,56,chair,True,True,0.2313,0.2313,,0,False,both_detected
bytetrack_persist_5,video1/v01_20-16_f00162_t05.45_moderate_blur/gt001,video1/v01_20-16_f00162_t05.45_moderate_blur,1,video1,158,00162,05.45,moderate_blur,56,chair,False,False,,,,,False,still_missed
bytetrack_persist_5,video1/v01_20-16_f00162_t05.45_moderate_blur/gt002,video1/v01_20-16_f00162_t05.45_moderate_blur,2,video1,158,00162,05.45,moderate_blur,56,chair,False,True,,0.2189,16,3,True,rescued
bytetrack_persist_5,video1/v01_20-16_f00162_t05.45_moderate_blur/gt003,video1/v01_20-16_f00162_t05.45_moderate_blur,3,video1,158,00162,05.45,moderate_blur,56,chair,False,True,,0.3209,13,3,True,rescued
bytetrack_persist_5,video1/v01_20-16_f00162_t05.45_moderate_blur/gt004,video1/v01_20-16_f00162_t05.45_moderate_blur,4,video1,158,00162,05.45,moderate_blur,56,chair,False,False,,,,,False,still_missed
bytetrack_persist_5,video1/v01_20-16_f00162_t05.45_moderate_blur/gt005,video1/v01_20-16_f00162_t05.45_moderate_blur,5,video1,158,00162,05.45,moderate_blur,60,dining table,False,False,,,,,False,still_missed
bytetrack_persist_5,video1/v01_20-16_f00162_t05.45_moderate_blur/gt006,video1/v01_20-16_f00162_t05.45_moderate_blur,6,video1,158,00162,05.45,moderate_blur,56,chair,False,False,,,,,False,still_missed
bytetrack_persist_5,video1/v01_20-16_f00162_t05.45_moderate_blur/gt007,video1/v01_20-16_f00162_t05.45_moderate_blur,7,video1,158,00162,05.45,moderate_blur,56,chair,False,False,,,,,False,still_missed
botsort,video1/v01_20-16_f00162_t05.45_moderate_blur/gt000,video1/v01_20-16_f00162_t05.45_moderate_blur,0,video1,158,00162,05.45,moderate_blur,56,chair,True,True,0.2313,0.5354,16,0,False,both_detected
botsort,video1/v01_20-16_f00162_t05.45_moderate_blur/gt001,video1/v01_20-16_f00162_t05.45_moderate_blur,1,video1,158,00162,05.45,moderate_blur,56,chair,False,False,,,,,False,still_missed
botsort,video1/v01_20-16_f00162_t05.45_moderate_blur/gt002,video1/v01_20-16_f00162_t05.45_moderate_blur,2,video1,158,00162,05.45,moderate_blur,56,chair,False,False,,,,,False,still_missed
botsort,video1/v01_20-16_f00162_t05.45_moderate_blur/gt003,video1/v01_20-16_f00162_t05.45_moderate_blur,3,video1,158,00162,05.45,moderate_blur,56,chair,False,False,,,,,False,still_missed
botsort,video1/v01_20-16_f00162_t05.45_moderate_blur/gt004,video1/v01_20-16_f00162_t05.45_moderate_blur,4,video1,158,00162,05.45,moderate_blur,56,chair,False,False,,,,,False,still_missed
botsort,video1/v01_20-16_f00162_t05.45_moderate_blur/gt005,video1/v01_20-16_f00162_t05.45_moderate_blur,5,video1,158,00162,05.45,moderate_blur,60,dining table,False,False,,,,,False,still_missed
botsort,video1/v01_20-16_f00162_t05.45_moderate_blur/gt006,video1/v01_20-16_f00162_t05.45_moderate_blur,6,video1,158,00162,05.45,moderate_blur,56,chair,False,False,,,,,False,still_missed
botsort,video1/v01_20-16_f00162_t05.45_moderate_blur/gt007,video1/v01_20-16_f00162_t05.45_moderate_blur,7,video1,158,00162,05.45,moderate_blur,56,chair,False,False,,,,,False,still_missed
botsort_persist_1,video1/v01_20-16_f00162_t05.45_moderate_blur/gt000,video1/v01_20-16_f00162_t05.45_moderate_blur,0,video1,158,00162,05.45,moderate_blur,56,chair,True,True,0.2313,0.2313,,0,False,both_detected
botsort_persist_1,video1/v01_20-16_f00162_t05.45_moderate_blur/gt001,video1/v01_20-16_f00162_t05.45_moderate_blur,1,video1,158,00162,05.45,moderate_blur,56,chair,False,False,,,,,False,still_missed
botsort_persist_1,video1/v01_20-16_f00162_t05.45_moderate_blur/gt002,video1/v01_20-16_f00162_t05.45_moderate_blur,2,video1,158,00162,05.45,moderate_blur,56,chair,False,False,,,,,False,still_missed
botsort_persist_1,video1/v01_20-16_f00162_t05.45_moderate_blur/gt003,video1/v01_20-16_f00162_t05.45_moderate_blur,3,video1,158,00162,05.45,moderate_blur,56,chair,False,False,,,,,False,still_missed
botsort_persist_1,video1/v01_20-16_f00162_t05.45_moderate_blur/gt004,video1/v01_20-16_f00162_t05.45_moderate_blur,4,video1,158,00162,05.45,moderate_blur,56,chair,False,False,,,,,False,still_missed
botsort_persist_1,video1/v01_20-16_f00162_t05.45_moderate_blur/gt005,video1/v01_20-16_f00162_t05.45_moderate_blur,5,video1,158,00162,05.45,moderate_blur,60,dining table,False,False,,,,,False,still_missed
botsort_persist_1,video1/v01_20-16_f00162_t05.45_moderate_blur/gt006,video1/v01_20-16_f00162_t05.45_moderate_blur,6,video1,158,00162,05.45,moderate_blur,56,chair,False,False,,,,,False,still_missed
botsort_persist_1,video1/v01_20-16_f00162_t05.45_moderate_blur/gt007,video1/v01_20-16_f00162_t05.45_moderate_blur,7,video1,158,00162,05.45,moderate_blur,56,chair,False,False,,,,,False,still_missed
botsort_persist_3,video1/v01_20-16_f00162_t05.45_moderate_blur/gt000,video1/v01_20-16_f00162_t05.45_moderate_blur,0,video1,158,00162,05.45,moderate_blur,56,chair,True,True,0.2313,0.2313,,0,False,both_detected
botsort_persist_3,video1/v01_20-16_f00162_t05.45_moderate_blur/gt001,video1/v01_20-16_f00162_t05.45_moderate_blur,1,video1,158,00162,05.45,moderate_blur,56,chair,False,False,,,,,False,still_missed
botsort_persist_3,video1/v01_20-16_f00162_t05.45_moderate_blur/gt002,video1/v01_20-16_f00162_t05.45_moderate_blur,2,video1,158,00162,05.45,moderate_blur,56,chair,False,False,,,,,False,still_missed
botsort_persist_3,video1/v01_20-16_f00162_t05.45_moderate_blur/gt003,video1/v01_20-16_f00162_t05.45_moderate_blur,3,video1,158,00162,05.45,moderate_blur,56,chair,False,False,,,,,False,still_missed
botsort_persist_3,video1/v01_20-16_f00162_t05.45_moderate_blur/gt004,video1/v01_20-16_f00162_t05.45_moderate_blur,4,video1,158,00162,05.45,moderate_blur,56,chair,False,False,,,,,False,still_missed
botsort_persist_3,video1/v01_20-16_f00162_t05.45_moderate_blur/gt005,video1/v01_20-16_f00162_t05.45_moderate_blur,5,video1,158,00162,05.45,moderate_blur,60,dining table,False,False,,,,,False,still_missed
botsort_persist_3,video1/v01_20-16_f00162_t05.45_moderate_blur/gt006,video1/v01_20-16_f00162_t05.45_moderate_blur,6,video1,158,00162,05.45,moderate_blur,56,chair,False,False,,,,,False,still_missed
botsort_persist_3,video1/v01_20-16_f00162_t05.45_moderate_blur/gt007,video1/v01_20-16_f00162_t05.45_moderate_blur,7,video1,158,00162,05.45,moderate_blur,56,chair,False,False,,,,,False,still_missed
botsort_persist_5,video1/v01_20-16_f00162_t05.45_moderate_blur/gt000,video1/v01_20-16_f00162_t05.45_moderate_blur,0,video1,158,00162,05.45,moderate_blur,56,chair,True,True,0.2313,0.2313,,0,False,both_detected
botsort_persist_5,video1/v01_20-16_f00162_t05.45_moderate_blur/gt001,video1/v01_20-16_f00162_t05.45_moderate_blur,1,video1,158,00162,05.45,moderate_blur,56,chair,False,False,,,,,False,still_missed
botsort_persist_5,video1/v01_20-16_f00162_t05.45_moderate_blur/gt002,video1/v01_20-16_f00162_t05.45_moderate_blur,2,video1,158,00162,05.45,moderate_blur,56,chair,False,False,,,,,False,still_missed
botsort_persist_5,video1/v01_20-16_f00162_t05.45_moderate_blur/gt003,video1/v01_20-16_f00162_t05.45_moderate_blur,3,video1,158,00162,05.45,moderate_blur,56,chair,False,False,,,,,False,still_missed
botsort_persist_5,video1/v01_20-16_f00162_t05.45_moderate_blur/gt004,video1/v01_20-16_f00162_t05.45_moderate_blur,4,video1,158,00162,05.45,moderate_blur,56,chair,False,False,,,,,False,still_missed
botsort_persist_5,video1/v01_20-16_f00162_t05.45_moderate_blur/gt005,video1/v01_20-16_f00162_t05.45_moderate_blur,5,video1,158,00162,05.45,moderate_blur,60,dining table,False,False,,,,,False,still_missed
botsort_persist_5,video1/v01_20-16_f00162_t05.45_moderate_blur/gt006,video1/v01_20-16_f00162_t05.45_moderate_blur,6,video1,158,00162,05.45,moderate_blur,56,chair,False,False,,,,,False,still_missed
botsort_persist_5,video1/v01_20-16_f00162_t05.45_moderate_blur/gt007,video1/v01_20-16_f00162_t05.45_moderate_blur,7,video1,158,00162,05.45,moderate_blur,56,chair,False,False,,,,,False,still_missed
bytetrack,video1/v01_20-16_f00189_t06.36_clear/gt000,video1/v01_20-16_f00189_t06.36_clear,0,video1,185,00189,06.36,clear,56,chair,True,True,0.8143,0.3815,13,0,False,both_detected
bytetrack,video1/v01_20-16_f00189_t06.36_clear/gt001,video1/v01_20-16_f00189_t06.36_clear,1,video1,185,00189,06.36,clear,56,chair,True,True,0.6588,0.304,17,0,False,both_detected
bytetrack,video1/v01_20-16_f00189_t06.36_clear/gt002,video1/v01_20-16_f00189_t06.36_clear,2,video1,185,00189,06.36,clear,56,chair,True,True,0.5805,0.4142,27,0,False,both_detected
bytetrack,video1/v01_20-16_f00189_t06.36_clear/gt003,video1/v01_20-16_f00189_t06.36_clear,3,video1,185,00189,06.36,clear,56,chair,True,False,0.3457,,,,False,lost
bytetrack,video1/v01_20-16_f00189_t06.36_clear/gt004,video1/v01_20-16_f00189_t06.36_clear,4,video1,185,00189,06.36,clear,56,chair,True,True,0.2972,0.4647,34,0,False,both_detected
bytetrack,video1/v01_20-16_f00189_t06.36_clear/gt005,video1/v01_20-16_f00189_t06.36_clear,5,video1,185,00189,06.36,clear,56,chair,True,False,0.2576,,,,False,lost
bytetrack,video1/v01_20-16_f00189_t06.36_clear/gt006,video1/v01_20-16_f00189_t06.36_clear,6,video1,185,00189,06.36,clear,56,chair,True,False,0.2566,,,,False,lost
bytetrack,video1/v01_20-16_f00189_t06.36_clear/gt007,video1/v01_20-16_f00189_t06.36_clear,7,video1,185,00189,06.36,clear,56,chair,True,False,0.214,,,,False,lost
bytetrack,video1/v01_20-16_f00189_t06.36_clear/gt008,video1/v01_20-16_f00189_t06.36_clear,8,video1,185,00189,06.36,clear,56,chair,True,False,0.1838,,,,False,lost
bytetrack,video1/v01_20-16_f00189_t06.36_clear/gt009,video1/v01_20-16_f00189_t06.36_clear,9,video1,185,00189,06.36,clear,56,chair,False,False,,,,,False,still_missed
bytetrack,video1/v01_20-16_f00189_t06.36_clear/gt010,video1/v01_20-16_f00189_t06.36_clear,10,video1,185,00189,06.36,clear,56,chair,False,False,,,,,False,still_missed
bytetrack,video1/v01_20-16_f00189_t06.36_clear/gt011,video1/v01_20-16_f00189_t06.36_clear,11,video1,185,00189,06.36,clear,60,dining table,False,False,,,,,False,still_missed
bytetrack,video1/v01_20-16_f00189_t06.36_clear/gt012,video1/v01_20-16_f00189_t06.36_clear,12,video1,185,00189,06.36,clear,56,chair,False,False,,,,,False,still_missed
bytetrack,video1/v01_20-16_f00189_t06.36_clear/gt013,video1/v01_20-16_f00189_t06.36_clear,13,video1,185,00189,06.36,clear,56,chair,False,False,,,,,False,still_missed
bytetrack,video1/v01_20-16_f00189_t06.36_clear/gt014,video1/v01_20-16_f00189_t06.36_clear,14,video1,185,00189,06.36,clear,56,chair,False,False,,,,,False,still_missed
bytetrack,video1/v01_20-16_f00189_t06.36_clear/gt015,video1/v01_20-16_f00189_t06.36_clear,15,video1,185,00189,06.36,clear,56,chair,False,False,,,,,False,still_missed
bytetrack,video1/v01_20-16_f00189_t06.36_clear/gt016,video1/v01_20-16_f00189_t06.36_clear,16,video1,185,00189,06.36,clear,56,chair,False,False,,,,,False,still_missed
bytetrack_persist_1,video1/v01_20-16_f00189_t06.36_clear/gt000,video1/v01_20-16_f00189_t06.36_clear,0,video1,185,00189,06.36,clear,56,chair,True,True,0.8143,0.8143,,0,False,both_detected
bytetrack_persist_1,video1/v01_20-16_f00189_t06.36_clear/gt001,video1/v01_20-16_f00189_t06.36_clear,1,video1,185,00189,06.36,clear,56,chair,True,True,0.6588,0.6588,,0,False,both_detected
bytetrack_persist_1,video1/v01_20-16_f00189_t06.36_clear/gt002,video1/v01_20-16_f00189_t06.36_clear,2,video1,185,00189,06.36,clear,56,chair,True,True,0.5805,0.5805,,0,False,both_detected
bytetrack_persist_1,video1/v01_20-16_f00189_t06.36_clear/gt003,video1/v01_20-16_f00189_t06.36_clear,3,video1,185,00189,06.36,clear,56,chair,True,True,0.3457,0.3457,,0,False,both_detected
bytetrack_persist_1,video1/v01_20-16_f00189_t06.36_clear/gt004,video1/v01_20-16_f00189_t06.36_clear,4,video1,185,00189,06.36,clear,56,chair,True,True,0.2972,0.2972,,0,False,both_detected
bytetrack_persist_1,video1/v01_20-16_f00189_t06.36_clear/gt005,video1/v01_20-16_f00189_t06.36_clear,5,video1,185,00189,06.36,clear,56,chair,True,True,0.2576,0.2576,,0,False,both_detected
bytetrack_persist_1,video1/v01_20-16_f00189_t06.36_clear/gt006,video1/v01_20-16_f00189_t06.36_clear,6,video1,185,00189,06.36,clear,56,chair,True,True,0.2566,0.2566,,0,False,both_detected
bytetrack_persist_1,video1/v01_20-16_f00189_t06.36_clear/gt007,video1/v01_20-16_f00189_t06.36_clear,7,video1,185,00189,06.36,clear,56,chair,True,True,0.214,0.214,,0,False,both_detected
bytetrack_persist_1,video1/v01_20-16_f00189_t06.36_clear/gt008,video1/v01_20-16_f00189_t06.36_clear,8,video1,185,00189,06.36,clear,56,chair,True,True,0.1838,0.1838,,0,False,both_detected
bytetrack_persist_1,video1/v01_20-16_f00189_t06.36_clear/gt009,video1/v01_20-16_f00189_t06.36_clear,9,video1,185,00189,06.36,clear,56,chair,False,False,,,,,False,still_missed
bytetrack_persist_1,video1/v01_20-16_f00189_t06.36_clear/gt010,video1/v01_20-16_f00189_t06.36_clear,10,video1,185,00189,06.36,clear,56,chair,False,False,,,,,False,still_missed
bytetrack_persist_1,video1/v01_20-16_f00189_t06.36_clear/gt011,video1/v01_20-16_f00189_t06.36_clear,11,video1,185,00189,06.36,clear,60,dining table,False,False,,,,,False,still_missed
bytetrack_persist_1,video1/v01_20-16_f00189_t06.36_clear/gt012,video1/v01_20-16_f00189_t06.36_clear,12,video1,185,00189,06.36,clear,56,chair,False,False,,,,,False,still_missed
bytetrack_persist_1,video1/v01_20-16_f00189_t06.36_clear/gt013,video1/v01_20-16_f00189_t06.36_clear,13,video1,185,00189,06.36,clear,56,chair,False,False,,,,,False,still_missed
bytetrack_persist_1,video1/v01_20-16_f00189_t06.36_clear/gt014,video1/v01_20-16_f00189_t06.36_clear,14,video1,185,00189,06.36,clear,56,chair,False,False,,,,,False,still_missed
bytetrack_persist_1,video1/v01_20-16_f00189_t06.36_clear/gt015,video1/v01_20-16_f00189_t06.36_clear,15,video1,185,00189,06.36,clear,56,chair,False,False,,,,,False,still_missed
bytetrack_persist_1,video1/v01_20-16_f00189_t06.36_clear/gt016,video1/v01_20-16_f00189_t06.36_clear,16,video1,185,00189,06.36,clear,56,chair,False,False,,,,,False,still_missed
bytetrack_persist_3,video1/v01_20-16_f00189_t06.36_clear/gt000,video1/v01_20-16_f00189_t06.36_clear,0,video1,185,00189,06.36,clear,56,chair,True,True,0.8143,0.8143,,0,False,both_detected
bytetrack_persist_3,video1/v01_20-16_f00189_t06.36_clear/gt001,video1/v01_20-16_f00189_t06.36_clear,1,video1,185,00189,06.36,clear,56,chair,True,True,0.6588,0.6588,,0,False,both_detected
bytetrack_persist_3,video1/v01_20-16_f00189_t06.36_clear/gt002,video1/v01_20-16_f00189_t06.36_clear,2,video1,185,00189,06.36,clear,56,chair,True,True,0.5805,0.5805,,0,False,both_detected
bytetrack_persist_3,video1/v01_20-16_f00189_t06.36_clear/gt003,video1/v01_20-16_f00189_t06.36_clear,3,video1,185,00189,06.36,clear,56,chair,True,True,0.3457,0.3457,,0,False,both_detected
bytetrack_persist_3,video1/v01_20-16_f00189_t06.36_clear/gt004,video1/v01_20-16_f00189_t06.36_clear,4,video1,185,00189,06.36,clear,56,chair,True,True,0.2972,0.2972,,0,False,both_detected
bytetrack_persist_3,video1/v01_20-16_f00189_t06.36_clear/gt005,video1/v01_20-16_f00189_t06.36_clear,5,video1,185,00189,06.36,clear,56,chair,True,True,0.2576,0.2576,,0,False,both_detected
bytetrack_persist_3,video1/v01_20-16_f00189_t06.36_clear/gt006,video1/v01_20-16_f00189_t06.36_clear,6,video1,185,00189,06.36,clear,56,chair,True,True,0.2566,0.2566,,0,False,both_detected
bytetrack_persist_3,video1/v01_20-16_f00189_t06.36_clear/gt007,video1/v01_20-16_f00189_t06.36_clear,7,video1,185,00189,06.36,clear,56,chair,True,True,0.214,0.214,,0,False,both_detected
bytetrack_persist_3,video1/v01_20-16_f00189_t06.36_clear/gt008,video1/v01_20-16_f00189_t06.36_clear,8,video1,185,00189,06.36,clear,56,chair,True,True,0.1838,0.1838,,0,False,both_detected
bytetrack_persist_3,video1/v01_20-16_f00189_t06.36_clear/gt009,video1/v01_20-16_f00189_t06.36_clear,9,video1,185,00189,06.36,clear,56,chair,False,False,,,,,False,still_missed
bytetrack_persist_3,video1/v01_20-16_f00189_t06.36_clear/gt010,video1/v01_20-16_f00189_t06.36_clear,10,video1,185,00189,06.36,clear,56,chair,False,False,,,,,False,still_missed
bytetrack_persist_3,video1/v01_20-16_f00189_t06.36_clear/gt011,video1/v01_20-16_f00189_t06.36_clear,11,video1,185,00189,06.36,clear,60,dining table,False,False,,,,,False,still_missed
bytetrack_persist_3,video1/v01_20-16_f00189_t06.36_clear/gt012,video1/v01_20-16_f00189_t06.36_clear,12,video1,185,00189,06.36,clear,56,chair,False,False,,,,,False,still_missed
bytetrack_persist_3,video1/v01_20-16_f00189_t06.36_clear/gt013,video1/v01_20-16_f00189_t06.36_clear,13,video1,185,00189,06.36,clear,56,chair,False,False,,,,,False,still_missed
bytetrack_persist_3,video1/v01_20-16_f00189_t06.36_clear/gt014,video1/v01_20-16_f00189_t06.36_clear,14,video1,185,00189,06.36,clear,56,chair,False,False,,,,,False,still_missed
bytetrack_persist_3,video1/v01_20-16_f00189_t06.36_clear/gt015,video1/v01_20-16_f00189_t06.36_clear,15,video1,185,00189,06.36,clear,56,chair,False,False,,,,,False,still_missed
bytetrack_persist_3,video1/v01_20-16_f00189_t06.36_clear/gt016,video1/v01_20-16_f00189_t06.36_clear,16,video1,185,00189,06.36,clear,56,chair,False,False,,,,,False,still_missed
bytetrack_persist_5,video1/v01_20-16_f00189_t06.36_clear/gt000,video1/v01_20-16_f00189_t06.36_clear,0,video1,185,00189,06.36,clear,56,chair,True,True,0.8143,0.8143,,0,False,both_detected
bytetrack_persist_5,video1/v01_20-16_f00189_t06.36_clear/gt001,video1/v01_20-16_f00189_t06.36_clear,1,video1,185,00189,06.36,clear,56,chair,True,True,0.6588,0.6588,,0,False,both_detected
bytetrack_persist_5,video1/v01_20-16_f00189_t06.36_clear/gt002,video1/v01_20-16_f00189_t06.36_clear,2,video1,185,00189,06.36,clear,56,chair,True,True,0.5805,0.5805,,0,False,both_detected
bytetrack_persist_5,video1/v01_20-16_f00189_t06.36_clear/gt003,video1/v01_20-16_f00189_t06.36_clear,3,video1,185,00189,06.36,clear,56,chair,True,True,0.3457,0.3457,,0,False,both_detected
bytetrack_persist_5,video1/v01_20-16_f00189_t06.36_clear/gt004,video1/v01_20-16_f00189_t06.36_clear,4,video1,185,00189,06.36,clear,56,chair,True,True,0.2972,0.2972,,0,False,both_detected
bytetrack_persist_5,video1/v01_20-16_f00189_t06.36_clear/gt005,video1/v01_20-16_f00189_t06.36_clear,5,video1,185,00189,06.36,clear,56,chair,True,True,0.2576,0.2576,,0,False,both_detected
bytetrack_persist_5,video1/v01_20-16_f00189_t06.36_clear/gt006,video1/v01_20-16_f00189_t06.36_clear,6,video1,185,00189,06.36,clear,56,chair,True,True,0.2566,0.2566,,0,False,both_detected
bytetrack_persist_5,video1/v01_20-16_f00189_t06.36_clear/gt007,video1/v01_20-16_f00189_t06.36_clear,7,video1,185,00189,06.36,clear,56,chair,True,True,0.214,0.214,,0,False,both_detected
bytetrack_persist_5,video1/v01_20-16_f00189_t06.36_clear/gt008,video1/v01_20-16_f00189_t06.36_clear,8,video1,185,00189,06.36,clear,56,chair,True,True,0.1838,0.1838,,0,False,both_detected
bytetrack_persist_5,video1/v01_20-16_f00189_t06.36_clear/gt009,video1/v01_20-16_f00189_t06.36_clear,9,video1,185,00189,06.36,clear,56,chair,False,False,,,,,False,still_missed
bytetrack_persist_5,video1/v01_20-16_f00189_t06.36_clear/gt010,video1/v01_20-16_f00189_t06.36_clear,10,video1,185,00189,06.36,clear,56,chair,False,False,,,,,False,still_missed
bytetrack_persist_5,video1/v01_20-16_f00189_t06.36_clear/gt011,video1/v01_20-16_f00189_t06.36_clear,11,video1,185,00189,06.36,clear,60,dining table,False,False,,,,,False,still_missed
bytetrack_persist_5,video1/v01_20-16_f00189_t06.36_clear/gt012,video1/v01_20-16_f00189_t06.36_clear,12,video1,185,00189,06.36,clear,56,chair,False,False,,,,,False,still_missed
bytetrack_persist_5,video1/v01_20-16_f00189_t06.36_clear/gt013,video1/v01_20-16_f00189_t06.36_clear,13,video1,185,00189,06.36,clear,56,chair,False,False,,,,,False,still_missed
bytetrack_persist_5,video1/v01_20-16_f00189_t06.36_clear/gt014,video1/v01_20-16_f00189_t06.36_clear,14,video1,185,00189,06.36,clear,56,chair,False,False,,,,,False,still_missed
bytetrack_persist_5,video1/v01_20-16_f00189_t06.36_clear/gt015,video1/v01_20-16_f00189_t06.36_clear,15,video1,185,00189,06.36,clear,56,chair,False,False,,,,,False,still_missed
bytetrack_persist_5,video1/v01_20-16_f00189_t06.36_clear/gt016,video1/v01_20-16_f00189_t06.36_clear,16,video1,185,00189,06.36,clear,56,chair,False,False,,,,,False,still_missed
botsort,video1/v01_20-16_f00189_t06.36_clear/gt000,video1/v01_20-16_f00189_t06.36_clear,0,video1,185,00189,06.36,clear,56,chair,True,True,0.8143,0.3815,20,0,False,both_detected
botsort,video1/v01_20-16_f00189_t06.36_clear/gt001,video1/v01_20-16_f00189_t06.36_clear,1,video1,185,00189,06.36,clear,56,chair,True,True,0.6588,0.304,16,0,False,both_detected
botsort,video1/v01_20-16_f00189_t06.36_clear/gt002,video1/v01_20-16_f00189_t06.36_clear,2,video1,185,00189,06.36,clear,56,chair,True,True,0.5805,0.4142,26,0,False,both_detected
botsort,video1/v01_20-16_f00189_t06.36_clear/gt003,video1/v01_20-16_f00189_t06.36_clear,3,video1,185,00189,06.36,clear,56,chair,True,False,0.3457,,,,False,lost
botsort,video1/v01_20-16_f00189_t06.36_clear/gt004,video1/v01_20-16_f00189_t06.36_clear,4,video1,185,00189,06.36,clear,56,chair,True,True,0.2972,0.4647,17,0,False,both_detected
botsort,video1/v01_20-16_f00189_t06.36_clear/gt005,video1/v01_20-16_f00189_t06.36_clear,5,video1,185,00189,06.36,clear,56,chair,True,False,0.2576,,,,False,lost
botsort,video1/v01_20-16_f00189_t06.36_clear/gt006,video1/v01_20-16_f00189_t06.36_clear,6,video1,185,00189,06.36,clear,56,chair,True,False,0.2566,,,,False,lost
botsort,video1/v01_20-16_f00189_t06.36_clear/gt007,video1/v01_20-16_f00189_t06.36_clear,7,video1,185,00189,06.36,clear,56,chair,True,False,0.214,,,,False,lost
botsort,video1/v01_20-16_f00189_t06.36_clear/gt008,video1/v01_20-16_f00189_t06.36_clear,8,video1,185,00189,06.36,clear,56,chair,True,False,0.1838,,,,False,lost
botsort,video1/v01_20-16_f00189_t06.36_clear/gt009,video1/v01_20-16_f00189_t06.36_clear,9,video1,185,00189,06.36,clear,56,chair,False,False,,,,,False,still_missed
botsort,video1/v01_20-16_f00189_t06.36_clear/gt010,video1/v01_20-16_f00189_t06.36_clear,10,video1,185,00189,06.36,clear,56,chair,False,False,,,,,False,still_missed
botsort,video1/v01_20-16_f00189_t06.36_clear/gt011,video1/v01_20-16_f00189_t06.36_clear,11,video1,185,00189,06.36,clear,60,dining table,False,False,,,,,False,still_missed
botsort,video1/v01_20-16_f00189_t06.36_clear/gt012,video1/v01_20-16_f00189_t06.36_clear,12,video1,185,00189,06.36,clear,56,chair,False,False,,,,,False,still_missed
botsort,video1/v01_20-16_f00189_t06.36_clear/gt013,video1/v01_20-16_f00189_t06.36_clear,13,video1,185,00189,06.36,clear,56,chair,False,False,,,,,False,still_missed
botsort,video1/v01_20-16_f00189_t06.36_clear/gt014,video1/v01_20-16_f00189_t06.36_clear,14,video1,185,00189,06.36,clear,56,chair,False,False,,,,,False,still_missed
botsort,video1/v01_20-16_f00189_t06.36_clear/gt015,video1/v01_20-16_f00189_t06.36_clear,15,video1,185,00189,06.36,clear,56,chair,False,False,,,,,False,still_missed
botsort,video1/v01_20-16_f00189_t06.36_clear/gt016,video1/v01_20-16_f00189_t06.36_clear,16,video1,185,00189,06.36,clear,56,chair,False,False,,,,,False,still_missed
botsort_persist_1,video1/v01_20-16_f00189_t06.36_clear/gt000,video1/v01_20-16_f00189_t06.36_clear,0,video1,185,00189,06.36,clear,56,chair,True,True,0.8143,0.8143,,0,False,both_detected
botsort_persist_1,video1/v01_20-16_f00189_t06.36_clear/gt001,video1/v01_20-16_f00189_t06.36_clear,1,video1,185,00189,06.36,clear,56,chair,True,True,0.6588,0.6588,,0,False,both_detected
botsort_persist_1,video1/v01_20-16_f00189_t06.36_clear/gt002,video1/v01_20-16_f00189_t06.36_clear,2,video1,185,00189,06.36,clear,56,chair,True,True,0.5805,0.5805,,0,False,both_detected
botsort_persist_1,video1/v01_20-16_f00189_t06.36_clear/gt003,video1/v01_20-16_f00189_t06.36_clear,3,video1,185,00189,06.36,clear,56,chair,True,True,0.3457,0.3457,,0,False,both_detected
botsort_persist_1,video1/v01_20-16_f00189_t06.36_clear/gt004,video1/v01_20-16_f00189_t06.36_clear,4,video1,185,00189,06.36,clear,56,chair,True,True,0.2972,0.2972,,0,False,both_detected
botsort_persist_1,video1/v01_20-16_f00189_t06.36_clear/gt005,video1/v01_20-16_f00189_t06.36_clear,5,video1,185,00189,06.36,clear,56,chair,True,True,0.2576,0.2576,,0,False,both_detected
botsort_persist_1,video1/v01_20-16_f00189_t06.36_clear/gt006,video1/v01_20-16_f00189_t06.36_clear,6,video1,185,00189,06.36,clear,56,chair,True,True,0.2566,0.2566,,0,False,both_detected
botsort_persist_1,video1/v01_20-16_f00189_t06.36_clear/gt007,video1/v01_20-16_f00189_t06.36_clear,7,video1,185,00189,06.36,clear,56,chair,True,True,0.214,0.214,,0,False,both_detected
botsort_persist_1,video1/v01_20-16_f00189_t06.36_clear/gt008,video1/v01_20-16_f00189_t06.36_clear,8,video1,185,00189,06.36,clear,56,chair,True,True,0.1838,0.1838,,0,False,both_detected
botsort_persist_1,video1/v01_20-16_f00189_t06.36_clear/gt009,video1/v01_20-16_f00189_t06.36_clear,9,video1,185,00189,06.36,clear,56,chair,False,False,,,,,False,still_missed
botsort_persist_1,video1/v01_20-16_f00189_t06.36_clear/gt010,video1/v01_20-16_f00189_t06.36_clear,10,video1,185,00189,06.36,clear,56,chair,False,False,,,,,False,still_missed
botsort_persist_1,video1/v01_20-16_f00189_t06.36_clear/gt011,video1/v01_20-16_f00189_t06.36_clear,11,video1,185,00189,06.36,clear,60,dining table,False,False,,,,,False,still_missed
botsort_persist_1,video1/v01_20-16_f00189_t06.36_clear/gt012,video1/v01_20-16_f00189_t06.36_clear,12,video1,185,00189,06.36,clear,56,chair,False,False,,,,,False,still_missed
botsort_persist_1,video1/v01_20-16_f00189_t06.36_clear/gt013,video1/v01_20-16_f00189_t06.36_clear,13,video1,185,00189,06.36,clear,56,chair,False,False,,,,,False,still_missed
botsort_persist_1,video1/v01_20-16_f00189_t06.36_clear/gt014,video1/v01_20-16_f00189_t06.36_clear,14,video1,185,00189,06.36,clear,56,chair,False,False,,,,,False,still_missed
botsort_persist_1,video1/v01_20-16_f00189_t06.36_clear/gt015,video1/v01_20-16_f00189_t06.36_clear,15,video1,185,00189,06.36,clear,56,chair,False,False,,,,,False,still_missed
botsort_persist_1,video1/v01_20-16_f00189_t06.36_clear/gt016,video1/v01_20-16_f00189_t06.36_clear,16,video1,185,00189,06.36,clear,56,chair,False,False,,,,,False,still_missed
botsort_persist_3,video1/v01_20-16_f00189_t06.36_clear/gt000,video1/v01_20-16_f00189_t06.36_clear,0,video1,185,00189,06.36,clear,56,chair,True,True,0.8143,0.8143,,0,False,both_detected
botsort_persist_3,video1/v01_20-16_f00189_t06.36_clear/gt001,video1/v01_20-16_f00189_t06.36_clear,1,video1,185,00189,06.36,clear,56,chair,True,True,0.6588,0.6588,,0,False,both_detected
botsort_persist_3,video1/v01_20-16_f00189_t06.36_clear/gt002,video1/v01_20-16_f00189_t06.36_clear,2,video1,185,00189,06.36,clear,56,chair,True,True,0.5805,0.5805,,0,False,both_detected
botsort_persist_3,video1/v01_20-16_f00189_t06.36_clear/gt003,video1/v01_20-16_f00189_t06.36_clear,3,video1,185,00189,06.36,clear,56,chair,True,True,0.3457,0.3457,,0,False,both_detected
botsort_persist_3,video1/v01_20-16_f00189_t06.36_clear/gt004,video1/v01_20-16_f00189_t06.36_clear,4,video1,185,00189,06.36,clear,56,chair,True,True,0.2972,0.2972,,0,False,both_detected
botsort_persist_3,video1/v01_20-16_f00189_t06.36_clear/gt005,video1/v01_20-16_f00189_t06.36_clear,5,video1,185,00189,06.36,clear,56,chair,True,True,0.2576,0.2576,,0,False,both_detected
botsort_persist_3,video1/v01_20-16_f00189_t06.36_clear/gt006,video1/v01_20-16_f00189_t06.36_clear,6,video1,185,00189,06.36,clear,56,chair,True,True,0.2566,0.2566,,0,False,both_detected
botsort_persist_3,video1/v01_20-16_f00189_t06.36_clear/gt007,video1/v01_20-16_f00189_t06.36_clear,7,video1,185,00189,06.36,clear,56,chair,True,True,0.214,0.214,,0,False,both_detected
botsort_persist_3,video1/v01_20-16_f00189_t06.36_clear/gt008,video1/v01_20-16_f00189_t06.36_clear,8,video1,185,00189,06.36,clear,56,chair,True,True,0.1838,0.1838,,0,False,both_detected
botsort_persist_3,video1/v01_20-16_f00189_t06.36_clear/gt009,video1/v01_20-16_f00189_t06.36_clear,9,video1,185,00189,06.36,clear,56,chair,False,False,,,,,False,still_missed
botsort_persist_3,video1/v01_20-16_f00189_t06.36_clear/gt010,video1/v01_20-16_f00189_t06.36_clear,10,video1,185,00189,06.36,clear,56,chair,False,False,,,,,False,still_missed
botsort_persist_3,video1/v01_20-16_f00189_t06.36_clear/gt011,video1/v01_20-16_f00189_t06.36_clear,11,video1,185,00189,06.36,clear,60,dining table,False,False,,,,,False,still_missed
botsort_persist_3,video1/v01_20-16_f00189_t06.36_clear/gt012,video1/v01_20-16_f00189_t06.36_clear,12,video1,185,00189,06.36,clear,56,chair,False,False,,,,,False,still_missed
botsort_persist_3,video1/v01_20-16_f00189_t06.36_clear/gt013,video1/v01_20-16_f00189_t06.36_clear,13,video1,185,00189,06.36,clear,56,chair,False,False,,,,,False,still_missed
botsort_persist_3,video1/v01_20-16_f00189_t06.36_clear/gt014,video1/v01_20-16_f00189_t06.36_clear,14,video1,185,00189,06.36,clear,56,chair,False,False,,,,,False,still_missed
botsort_persist_3,video1/v01_20-16_f00189_t06.36_clear/gt015,video1/v01_20-16_f00189_t06.36_clear,15,video1,185,00189,06.36,clear,56,chair,False,False,,,,,False,still_missed
botsort_persist_3,video1/v01_20-16_f00189_t06.36_clear/gt016,video1/v01_20-16_f00189_t06.36_clear,16,video1,185,00189,06.36,clear,56,chair,False,False,,,,,False,still_missed
botsort_persist_5,video1/v01_20-16_f00189_t06.36_clear/gt000,video1/v01_20-16_f00189_t06.36_clear,0,video1,185,00189,06.36,clear,56,chair,True,True,0.8143,0.8143,,0,False,both_detected
botsort_persist_5,video1/v01_20-16_f00189_t06.36_clear/gt001,video1/v01_20-16_f00189_t06.36_clear,1,video1,185,00189,06.36,clear,56,chair,True,True,0.6588,0.6588,,0,False,both_detected
botsort_persist_5,video1/v01_20-16_f00189_t06.36_clear/gt002,video1/v01_20-16_f00189_t06.36_clear,2,video1,185,00189,06.36,clear,56,chair,True,True,0.5805,0.5805,,0,False,both_detected
botsort_persist_5,video1/v01_20-16_f00189_t06.36_clear/gt003,video1/v01_20-16_f00189_t06.36_clear,3,video1,185,00189,06.36,clear,56,chair,True,True,0.3457,0.3457,,0,False,both_detected
botsort_persist_5,video1/v01_20-16_f00189_t06.36_clear/gt004,video1/v01_20-16_f00189_t06.36_clear,4,video1,185,00189,06.36,clear,56,chair,True,True,0.2972,0.2972,,0,False,both_detected
botsort_persist_5,video1/v01_20-16_f00189_t06.36_clear/gt005,video1/v01_20-16_f00189_t06.36_clear,5,video1,185,00189,06.36,clear,56,chair,True,True,0.2576,0.2576,,0,False,both_detected
botsort_persist_5,video1/v01_20-16_f00189_t06.36_clear/gt006,video1/v01_20-16_f00189_t06.36_clear,6,video1,185,00189,06.36,clear,56,chair,True,True,0.2566,0.2566,,0,False,both_detected
botsort_persist_5,video1/v01_20-16_f00189_t06.36_clear/gt007,video1/v01_20-16_f00189_t06.36_clear,7,video1,185,00189,06.36,clear,56,chair,True,True,0.214,0.214,,0,False,both_detected
botsort_persist_5,video1/v01_20-16_f00189_t06.36_clear/gt008,video1/v01_20-16_f00189_t06.36_clear,8,video1,185,00189,06.36,clear,56,chair,True,True,0.1838,0.1838,,0,False,both_detected
botsort_persist_5,video1/v01_20-16_f00189_t06.36_clear/gt009,video1/v01_20-16_f00189_t06.36_clear,9,video1,185,00189,06.36,clear,56,chair,False,False,,,,,False,still_missed
botsort_persist_5,video1/v01_20-16_f00189_t06.36_clear/gt010,video1/v01_20-16_f00189_t06.36_clear,10,video1,185,00189,06.36,clear,56,chair,False,False,,,,,False,still_missed
botsort_persist_5,video1/v01_20-16_f00189_t06.36_clear/gt011,video1/v01_20-16_f00189_t06.36_clear,11,video1,185,00189,06.36,clear,60,dining table,False,False,,,,,False,still_missed
botsort_persist_5,video1/v01_20-16_f00189_t06.36_clear/gt012,video1/v01_20-16_f00189_t06.36_clear,12,video1,185,00189,06.36,clear,56,chair,False,False,,,,,False,still_missed
botsort_persist_5,video1/v01_20-16_f00189_t06.36_clear/gt013,video1/v01_20-16_f00189_t06.36_clear,13,video1,185,00189,06.36,clear,56,chair,False,False,,,,,False,still_missed
botsort_persist_5,video1/v01_20-16_f00189_t06.36_clear/gt014,video1/v01_20-16_f00189_t06.36_clear,14,video1,185,00189,06.36,clear,56,chair,False,False,,,,,False,still_missed
botsort_persist_5,video1/v01_20-16_f00189_t06.36_clear/gt015,video1/v01_20-16_f00189_t06.36_clear,15,video1,185,00189,06.36,clear,56,chair,False,False,,,,,False,still_missed
botsort_persist_5,video1/v01_20-16_f00189_t06.36_clear/gt016,video1/v01_20-16_f00189_t06.36_clear,16,video1,185,00189,06.36,clear,56,chair,False,False,,,,,False,still_missed
bytetrack,video1/v01_20-16_f00270_t09.09_moderate_blur/gt000,video1/v01_20-16_f00270_t09.09_moderate_blur,0,video1,267,00270,09.09,moderate_blur,56,chair,True,True,0.6182,0.3783,73,0,False,both_detected
bytetrack,video1/v01_20-16_f00270_t09.09_moderate_blur/gt001,video1/v01_20-16_f00270_t09.09_moderate_blur,1,video1,267,00270,09.09,moderate_blur,56,chair,True,False,0.5294,,,,False,lost
bytetrack,video1/v01_20-16_f00270_t09.09_moderate_blur/gt002,video1/v01_20-16_f00270_t09.09_moderate_blur,2,video1,267,00270,09.09,moderate_blur,56,chair,True,False,0.4264,,,,False,lost
bytetrack,video1/v01_20-16_f00270_t09.09_moderate_blur/gt003,video1/v01_20-16_f00270_t09.09_moderate_blur,3,video1,267,00270,09.09,moderate_blur,56,chair,True,False,0.1944,,,,False,lost
bytetrack,video1/v01_20-16_f00270_t09.09_moderate_blur/gt004,video1/v01_20-16_f00270_t09.09_moderate_blur,4,video1,267,00270,09.09,moderate_blur,56,chair,False,False,,,,,False,still_missed
bytetrack,video1/v01_20-16_f00270_t09.09_moderate_blur/gt005,video1/v01_20-16_f00270_t09.09_moderate_blur,5,video1,267,00270,09.09,moderate_blur,56,chair,False,False,,,,,False,still_missed
bytetrack,video1/v01_20-16_f00270_t09.09_moderate_blur/gt006,video1/v01_20-16_f00270_t09.09_moderate_blur,6,video1,267,00270,09.09,moderate_blur,56,chair,False,False,,,,,False,still_missed
bytetrack_persist_1,video1/v01_20-16_f00270_t09.09_moderate_blur/gt000,video1/v01_20-16_f00270_t09.09_moderate_blur,0,video1,267,00270,09.09,moderate_blur,56,chair,True,True,0.6182,0.6182,,0,False,both_detected
bytetrack_persist_1,video1/v01_20-16_f00270_t09.09_moderate_blur/gt001,video1/v01_20-16_f00270_t09.09_moderate_blur,1,video1,267,00270,09.09,moderate_blur,56,chair,True,True,0.5294,0.5294,,0,False,both_detected
bytetrack_persist_1,video1/v01_20-16_f00270_t09.09_moderate_blur/gt002,video1/v01_20-16_f00270_t09.09_moderate_blur,2,video1,267,00270,09.09,moderate_blur,56,chair,True,True,0.4264,0.4264,,0,False,both_detected
bytetrack_persist_1,video1/v01_20-16_f00270_t09.09_moderate_blur/gt003,video1/v01_20-16_f00270_t09.09_moderate_blur,3,video1,267,00270,09.09,moderate_blur,56,chair,True,True,0.1944,0.1944,,0,False,both_detected
bytetrack_persist_1,video1/v01_20-16_f00270_t09.09_moderate_blur/gt004,video1/v01_20-16_f00270_t09.09_moderate_blur,4,video1,267,00270,09.09,moderate_blur,56,chair,False,False,,,,,False,still_missed
bytetrack_persist_1,video1/v01_20-16_f00270_t09.09_moderate_blur/gt005,video1/v01_20-16_f00270_t09.09_moderate_blur,5,video1,267,00270,09.09,moderate_blur,56,chair,False,False,,,,,False,still_missed
bytetrack_persist_1,video1/v01_20-16_f00270_t09.09_moderate_blur/gt006,video1/v01_20-16_f00270_t09.09_moderate_blur,6,video1,267,00270,09.09,moderate_blur,56,chair,False,False,,,,,False,still_missed
bytetrack_persist_3,video1/v01_20-16_f00270_t09.09_moderate_blur/gt000,video1/v01_20-16_f00270_t09.09_moderate_blur,0,video1,267,00270,09.09,moderate_blur,56,chair,True,True,0.6182,0.6182,,0,False,both_detected
bytetrack_persist_3,video1/v01_20-16_f00270_t09.09_moderate_blur/gt001,video1/v01_20-16_f00270_t09.09_moderate_blur,1,video1,267,00270,09.09,moderate_blur,56,chair,True,True,0.5294,0.5294,,0,False,both_detected
bytetrack_persist_3,video1/v01_20-16_f00270_t09.09_moderate_blur/gt002,video1/v01_20-16_f00270_t09.09_moderate_blur,2,video1,267,00270,09.09,moderate_blur,56,chair,True,True,0.4264,0.4264,,0,False,both_detected
bytetrack_persist_3,video1/v01_20-16_f00270_t09.09_moderate_blur/gt003,video1/v01_20-16_f00270_t09.09_moderate_blur,3,video1,267,00270,09.09,moderate_blur,56,chair,True,True,0.1944,0.1944,,0,False,both_detected
bytetrack_persist_3,video1/v01_20-16_f00270_t09.09_moderate_blur/gt004,video1/v01_20-16_f00270_t09.09_moderate_blur,4,video1,267,00270,09.09,moderate_blur,56,chair,False,False,,,,,False,still_missed
bytetrack_persist_3,video1/v01_20-16_f00270_t09.09_moderate_blur/gt005,video1/v01_20-16_f00270_t09.09_moderate_blur,5,video1,267,00270,09.09,moderate_blur,56,chair,False,False,,,,,False,still_missed
bytetrack_persist_3,video1/v01_20-16_f00270_t09.09_moderate_blur/gt006,video1/v01_20-16_f00270_t09.09_moderate_blur,6,video1,267,00270,09.09,moderate_blur,56,chair,False,False,,,,,False,still_missed
bytetrack_persist_5,video1/v01_20-16_f00270_t09.09_moderate_blur/gt000,video1/v01_20-16_f00270_t09.09_moderate_blur,0,video1,267,00270,09.09,moderate_blur,56,chair,True,True,0.6182,0.6182,,0,False,both_detected
bytetrack_persist_5,video1/v01_20-16_f00270_t09.09_moderate_blur/gt001,video1/v01_20-16_f00270_t09.09_moderate_blur,1,video1,267,00270,09.09,moderate_blur,56,chair,True,True,0.5294,0.5294,,0,False,both_detected
bytetrack_persist_5,video1/v01_20-16_f00270_t09.09_moderate_blur/gt002,video1/v01_20-16_f00270_t09.09_moderate_blur,2,video1,267,00270,09.09,moderate_blur,56,chair,True,True,0.4264,0.4264,,0,False,both_detected
bytetrack_persist_5,video1/v01_20-16_f00270_t09.09_moderate_blur/gt003,video1/v01_20-16_f00270_t09.09_moderate_blur,3,video1,267,00270,09.09,moderate_blur,56,chair,True,True,0.1944,0.1944,,0,False,both_detected
bytetrack_persist_5,video1/v01_20-16_f00270_t09.09_moderate_blur/gt004,video1/v01_20-16_f00270_t09.09_moderate_blur,4,video1,267,00270,09.09,moderate_blur,56,chair,False,False,,,,,False,still_missed
bytetrack_persist_5,video1/v01_20-16_f00270_t09.09_moderate_blur/gt005,video1/v01_20-16_f00270_t09.09_moderate_blur,5,video1,267,00270,09.09,moderate_blur,56,chair,False,False,,,,,False,still_missed
bytetrack_persist_5,video1/v01_20-16_f00270_t09.09_moderate_blur/gt006,video1/v01_20-16_f00270_t09.09_moderate_blur,6,video1,267,00270,09.09,moderate_blur,56,chair,False,False,,,,,False,still_missed
botsort,video1/v01_20-16_f00270_t09.09_moderate_blur/gt000,video1/v01_20-16_f00270_t09.09_moderate_blur,0,video1,267,00270,09.09,moderate_blur,56,chair,True,True,0.6182,0.3783,71,0,False,both_detected
botsort,video1/v01_20-16_f00270_t09.09_moderate_blur/gt001,video1/v01_20-16_f00270_t09.09_moderate_blur,1,video1,267,00270,09.09,moderate_blur,56,chair,True,False,0.5294,,,,False,lost
botsort,video1/v01_20-16_f00270_t09.09_moderate_blur/gt002,video1/v01_20-16_f00270_t09.09_moderate_blur,2,video1,267,00270,09.09,moderate_blur,56,chair,True,False,0.4264,,,,False,lost
botsort,video1/v01_20-16_f00270_t09.09_moderate_blur/gt003,video1/v01_20-16_f00270_t09.09_moderate_blur,3,video1,267,00270,09.09,moderate_blur,56,chair,True,False,0.1944,,,,False,lost
botsort,video1/v01_20-16_f00270_t09.09_moderate_blur/gt004,video1/v01_20-16_f00270_t09.09_moderate_blur,4,video1,267,00270,09.09,moderate_blur,56,chair,False,False,,,,,False,still_missed
botsort,video1/v01_20-16_f00270_t09.09_moderate_blur/gt005,video1/v01_20-16_f00270_t09.09_moderate_blur,5,video1,267,00270,09.09,moderate_blur,56,chair,False,False,,,,,False,still_missed
botsort,video1/v01_20-16_f00270_t09.09_moderate_blur/gt006,video1/v01_20-16_f00270_t09.09_moderate_blur,6,video1,267,00270,09.09,moderate_blur,56,chair,False,False,,,,,False,still_missed
botsort_persist_1,video1/v01_20-16_f00270_t09.09_moderate_blur/gt000,video1/v01_20-16_f00270_t09.09_moderate_blur,0,video1,267,00270,09.09,moderate_blur,56,chair,True,True,0.6182,0.6182,,0,False,both_detected
botsort_persist_1,video1/v01_20-16_f00270_t09.09_moderate_blur/gt001,video1/v01_20-16_f00270_t09.09_moderate_blur,1,video1,267,00270,09.09,moderate_blur,56,chair,True,True,0.5294,0.5294,,0,False,both_detected
botsort_persist_1,video1/v01_20-16_f00270_t09.09_moderate_blur/gt002,video1/v01_20-16_f00270_t09.09_moderate_blur,2,video1,267,00270,09.09,moderate_blur,56,chair,True,True,0.4264,0.4264,,0,False,both_detected
botsort_persist_1,video1/v01_20-16_f00270_t09.09_moderate_blur/gt003,video1/v01_20-16_f00270_t09.09_moderate_blur,3,video1,267,00270,09.09,moderate_blur,56,chair,True,True,0.1944,0.1944,,0,False,both_detected
botsort_persist_1,video1/v01_20-16_f00270_t09.09_moderate_blur/gt004,video1/v01_20-16_f00270_t09.09_moderate_blur,4,video1,267,00270,09.09,moderate_blur,56,chair,False,False,,,,,False,still_missed
botsort_persist_1,video1/v01_20-16_f00270_t09.09_moderate_blur/gt005,video1/v01_20-16_f00270_t09.09_moderate_blur,5,video1,267,00270,09.09,moderate_blur,56,chair,False,False,,,,,False,still_missed
botsort_persist_1,video1/v01_20-16_f00270_t09.09_moderate_blur/gt006,video1/v01_20-16_f00270_t09.09_moderate_blur,6,video1,267,00270,09.09,moderate_blur,56,chair,False,False,,,,,False,still_missed
botsort_persist_3,video1/v01_20-16_f00270_t09.09_moderate_blur/gt000,video1/v01_20-16_f00270_t09.09_moderate_blur,0,video1,267,00270,09.09,moderate_blur,56,chair,True,True,0.6182,0.6182,,0,False,both_detected
botsort_persist_3,video1/v01_20-16_f00270_t09.09_moderate_blur/gt001,video1/v01_20-16_f00270_t09.09_moderate_blur,1,video1,267,00270,09.09,moderate_blur,56,chair,True,True,0.5294,0.5294,,0,False,both_detected
botsort_persist_3,video1/v01_20-16_f00270_t09.09_moderate_blur/gt002,video1/v01_20-16_f00270_t09.09_moderate_blur,2,video1,267,00270,09.09,moderate_blur,56,chair,True,True,0.4264,0.4264,,0,False,both_detected
botsort_persist_3,video1/v01_20-16_f00270_t09.09_moderate_blur/gt003,video1/v01_20-16_f00270_t09.09_moderate_blur,3,video1,267,00270,09.09,moderate_blur,56,chair,True,True,0.1944,0.1944,,0,False,both_detected
botsort_persist_3,video1/v01_20-16_f00270_t09.09_moderate_blur/gt004,video1/v01_20-16_f00270_t09.09_moderate_blur,4,video1,267,00270,09.09,moderate_blur,56,chair,False,False,,,,,False,still_missed
botsort_persist_3,video1/v01_20-16_f00270_t09.09_moderate_blur/gt005,video1/v01_20-16_f00270_t09.09_moderate_blur,5,video1,267,00270,09.09,moderate_blur,56,chair,False,False,,,,,False,still_missed
botsort_persist_3,video1/v01_20-16_f00270_t09.09_moderate_blur/gt006,video1/v01_20-16_f00270_t09.09_moderate_blur,6,video1,267,00270,09.09,moderate_blur,56,chair,False,False,,,,,False,still_missed
botsort_persist_5,video1/v01_20-16_f00270_t09.09_moderate_blur/gt000,video1/v01_20-16_f00270_t09.09_moderate_blur,0,video1,267,00270,09.09,moderate_blur,56,chair,True,True,0.6182,0.6182,,0,False,both_detected
botsort_persist_5,video1/v01_20-16_f00270_t09.09_moderate_blur/gt001,video1/v01_20-16_f00270_t09.09_moderate_blur,1,video1,267,00270,09.09,moderate_blur,56,chair,True,True,0.5294,0.5294,,0,False,both_detected
botsort_persist_5,video1/v01_20-16_f00270_t09.09_moderate_blur/gt002,video1/v01_20-16_f00270_t09.09_moderate_blur,2,video1,267,00270,09.09,moderate_blur,56,chair,True,True,0.4264,0.4264,,0,False,both_detected
botsort_persist_5,video1/v01_20-16_f00270_t09.09_moderate_blur/gt003,video1/v01_20-16_f00270_t09.09_moderate_blur,3,video1,267,00270,09.09,moderate_blur,56,chair,True,True,0.1944,0.1944,,0,False,both_detected
botsort_persist_5,video1/v01_20-16_f00270_t09.09_moderate_blur/gt004,video1/v01_20-16_f00270_t09.09_moderate_blur,4,video1,267,00270,09.09,moderate_blur,56,chair,False,False,,,,,False,still_missed
botsort_persist_5,video1/v01_20-16_f00270_t09.09_moderate_blur/gt005,video1/v01_20-16_f00270_t09.09_moderate_blur,5,video1,267,00270,09.09,moderate_blur,56,chair,False,False,,,,,False,still_missed
botsort_persist_5,video1/v01_20-16_f00270_t09.09_moderate_blur/gt006,video1/v01_20-16_f00270_t09.09_moderate_blur,6,video1,267,00270,09.09,moderate_blur,56,chair,False,False,,,,,False,still_missed
bytetrack,video1/v01_20-16_f00325_t10.94_clear/gt000,video1/v01_20-16_f00325_t10.94_clear,0,video1,322,00325,10.94,clear,56,chair,True,True,0.324,0.3033,88,0,False,both_detected
bytetrack,video1/v01_20-16_f00325_t10.94_clear/gt001,video1/v01_20-16_f00325_t10.94_clear,1,video1,322,00325,10.94,clear,56,chair,False,False,,,,,False,still_missed
bytetrack,video1/v01_20-16_f00325_t10.94_clear/gt002,video1/v01_20-16_f00325_t10.94_clear,2,video1,322,00325,10.94,clear,56,chair,False,False,,,,,False,still_missed
bytetrack,video1/v01_20-16_f00325_t10.94_clear/gt003,video1/v01_20-16_f00325_t10.94_clear,3,video1,322,00325,10.94,clear,56,chair,False,False,,,,,False,still_missed
bytetrack_persist_1,video1/v01_20-16_f00325_t10.94_clear/gt000,video1/v01_20-16_f00325_t10.94_clear,0,video1,322,00325,10.94,clear,56,chair,True,True,0.324,0.324,,0,False,both_detected
bytetrack_persist_1,video1/v01_20-16_f00325_t10.94_clear/gt001,video1/v01_20-16_f00325_t10.94_clear,1,video1,322,00325,10.94,clear,56,chair,False,True,,0.5323,102,1,True,rescued
bytetrack_persist_1,video1/v01_20-16_f00325_t10.94_clear/gt002,video1/v01_20-16_f00325_t10.94_clear,2,video1,322,00325,10.94,clear,56,chair,False,False,,,,,False,still_missed
bytetrack_persist_1,video1/v01_20-16_f00325_t10.94_clear/gt003,video1/v01_20-16_f00325_t10.94_clear,3,video1,322,00325,10.94,clear,56,chair,False,False,,,,,False,still_missed
bytetrack_persist_3,video1/v01_20-16_f00325_t10.94_clear/gt000,video1/v01_20-16_f00325_t10.94_clear,0,video1,322,00325,10.94,clear,56,chair,True,True,0.324,0.324,,0,False,both_detected
bytetrack_persist_3,video1/v01_20-16_f00325_t10.94_clear/gt001,video1/v01_20-16_f00325_t10.94_clear,1,video1,322,00325,10.94,clear,56,chair,False,True,,0.5323,102,1,True,rescued
bytetrack_persist_3,video1/v01_20-16_f00325_t10.94_clear/gt002,video1/v01_20-16_f00325_t10.94_clear,2,video1,322,00325,10.94,clear,56,chair,False,False,,,,,False,still_missed
bytetrack_persist_3,video1/v01_20-16_f00325_t10.94_clear/gt003,video1/v01_20-16_f00325_t10.94_clear,3,video1,322,00325,10.94,clear,56,chair,False,False,,,,,False,still_missed
bytetrack_persist_5,video1/v01_20-16_f00325_t10.94_clear/gt000,video1/v01_20-16_f00325_t10.94_clear,0,video1,322,00325,10.94,clear,56,chair,True,True,0.324,0.324,,0,False,both_detected
bytetrack_persist_5,video1/v01_20-16_f00325_t10.94_clear/gt001,video1/v01_20-16_f00325_t10.94_clear,1,video1,322,00325,10.94,clear,56,chair,False,True,,0.5323,102,1,True,rescued
bytetrack_persist_5,video1/v01_20-16_f00325_t10.94_clear/gt002,video1/v01_20-16_f00325_t10.94_clear,2,video1,322,00325,10.94,clear,56,chair,False,False,,,,,False,still_missed
bytetrack_persist_5,video1/v01_20-16_f00325_t10.94_clear/gt003,video1/v01_20-16_f00325_t10.94_clear,3,video1,322,00325,10.94,clear,56,chair,False,False,,,,,False,still_missed
botsort,video1/v01_20-16_f00325_t10.94_clear/gt000,video1/v01_20-16_f00325_t10.94_clear,0,video1,322,00325,10.94,clear,56,chair,True,True,0.324,0.3033,87,0,False,both_detected
botsort,video1/v01_20-16_f00325_t10.94_clear/gt001,video1/v01_20-16_f00325_t10.94_clear,1,video1,322,00325,10.94,clear,56,chair,False,False,,,,,False,still_missed
botsort,video1/v01_20-16_f00325_t10.94_clear/gt002,video1/v01_20-16_f00325_t10.94_clear,2,video1,322,00325,10.94,clear,56,chair,False,False,,,,,False,still_missed
botsort,video1/v01_20-16_f00325_t10.94_clear/gt003,video1/v01_20-16_f00325_t10.94_clear,3,video1,322,00325,10.94,clear,56,chair,False,False,,,,,False,still_missed
botsort_persist_1,video1/v01_20-16_f00325_t10.94_clear/gt000,video1/v01_20-16_f00325_t10.94_clear,0,video1,322,00325,10.94,clear,56,chair,True,True,0.324,0.324,,0,False,both_detected
botsort_persist_1,video1/v01_20-16_f00325_t10.94_clear/gt001,video1/v01_20-16_f00325_t10.94_clear,1,video1,322,00325,10.94,clear,56,chair,False,True,,0.5323,93,1,True,rescued
botsort_persist_1,video1/v01_20-16_f00325_t10.94_clear/gt002,video1/v01_20-16_f00325_t10.94_clear,2,video1,322,00325,10.94,clear,56,chair,False,True,,0.2398,98,1,True,rescued
botsort_persist_1,video1/v01_20-16_f00325_t10.94_clear/gt003,video1/v01_20-16_f00325_t10.94_clear,3,video1,322,00325,10.94,clear,56,chair,False,False,,,,,False,still_missed
botsort_persist_3,video1/v01_20-16_f00325_t10.94_clear/gt000,video1/v01_20-16_f00325_t10.94_clear,0,video1,322,00325,10.94,clear,56,chair,True,True,0.324,0.324,,0,False,both_detected
botsort_persist_3,video1/v01_20-16_f00325_t10.94_clear/gt001,video1/v01_20-16_f00325_t10.94_clear,1,video1,322,00325,10.94,clear,56,chair,False,True,,0.5323,93,1,True,rescued
botsort_persist_3,video1/v01_20-16_f00325_t10.94_clear/gt002,video1/v01_20-16_f00325_t10.94_clear,2,video1,322,00325,10.94,clear,56,chair,False,True,,0.2398,98,1,True,rescued
botsort_persist_3,video1/v01_20-16_f00325_t10.94_clear/gt003,video1/v01_20-16_f00325_t10.94_clear,3,video1,322,00325,10.94,clear,56,chair,False,False,,,,,False,still_missed
botsort_persist_5,video1/v01_20-16_f00325_t10.94_clear/gt000,video1/v01_20-16_f00325_t10.94_clear,0,video1,322,00325,10.94,clear,56,chair,True,True,0.324,0.324,,0,False,both_detected
botsort_persist_5,video1/v01_20-16_f00325_t10.94_clear/gt001,video1/v01_20-16_f00325_t10.94_clear,1,video1,322,00325,10.94,clear,56,chair,False,True,,0.5323,93,1,True,rescued
botsort_persist_5,video1/v01_20-16_f00325_t10.94_clear/gt002,video1/v01_20-16_f00325_t10.94_clear,2,video1,322,00325,10.94,clear,56,chair,False,True,,0.2398,98,1,True,rescued
botsort_persist_5,video1/v01_20-16_f00325_t10.94_clear/gt003,video1/v01_20-16_f00325_t10.94_clear,3,video1,322,00325,10.94,clear,56,chair,False,False,,,,,False,still_missed
bytetrack,video1/v01_20-16_f00352_t11.85_moderate_blur/gt000,video1/v01_20-16_f00352_t11.85_moderate_blur,0,video1,349,00352,11.85,moderate_blur,56,chair,True,True,0.7644,0.7589,87,0,False,both_detected
bytetrack,video1/v01_20-16_f00352_t11.85_moderate_blur/gt001,video1/v01_20-16_f00352_t11.85_moderate_blur,1,video1,349,00352,11.85,moderate_blur,56,chair,True,True,0.635,0.5939,117,0,False,both_detected
bytetrack,video1/v01_20-16_f00352_t11.85_moderate_blur/gt002,video1/v01_20-16_f00352_t11.85_moderate_blur,2,video1,349,00352,11.85,moderate_blur,56,chair,True,False,0.3414,,,,False,lost
bytetrack,video1/v01_20-16_f00352_t11.85_moderate_blur/gt003,video1/v01_20-16_f00352_t11.85_moderate_blur,3,video1,349,00352,11.85,moderate_blur,56,chair,True,False,0.282,,,,False,lost
bytetrack,video1/v01_20-16_f00352_t11.85_moderate_blur/gt004,video1/v01_20-16_f00352_t11.85_moderate_blur,4,video1,349,00352,11.85,moderate_blur,56,chair,True,False,0.151,,,,False,lost
bytetrack,video1/v01_20-16_f00352_t11.85_moderate_blur/gt005,video1/v01_20-16_f00352_t11.85_moderate_blur,5,video1,349,00352,11.85,moderate_blur,56,chair,False,False,,,,,False,still_missed
bytetrack,video1/v01_20-16_f00352_t11.85_moderate_blur/gt006,video1/v01_20-16_f00352_t11.85_moderate_blur,6,video1,349,00352,11.85,moderate_blur,56,chair,False,False,,,,,False,still_missed
bytetrack,video1/v01_20-16_f00352_t11.85_moderate_blur/gt007,video1/v01_20-16_f00352_t11.85_moderate_blur,7,video1,349,00352,11.85,moderate_blur,56,chair,False,False,,,,,False,still_missed
bytetrack,video1/v01_20-16_f00352_t11.85_moderate_blur/gt008,video1/v01_20-16_f00352_t11.85_moderate_blur,8,video1,349,00352,11.85,moderate_blur,56,chair,False,False,,,,,False,still_missed
bytetrack,video1/v01_20-16_f00352_t11.85_moderate_blur/gt009,video1/v01_20-16_f00352_t11.85_moderate_blur,9,video1,349,00352,11.85,moderate_blur,56,chair,False,False,,,,,False,still_missed
bytetrack_persist_1,video1/v01_20-16_f00352_t11.85_moderate_blur/gt000,video1/v01_20-16_f00352_t11.85_moderate_blur,0,video1,349,00352,11.85,moderate_blur,56,chair,True,True,0.7644,0.7644,,0,False,both_detected
bytetrack_persist_1,video1/v01_20-16_f00352_t11.85_moderate_blur/gt001,video1/v01_20-16_f00352_t11.85_moderate_blur,1,video1,349,00352,11.85,moderate_blur,56,chair,True,True,0.635,0.635,,0,False,both_detected
bytetrack_persist_1,video1/v01_20-16_f00352_t11.85_moderate_blur/gt002,video1/v01_20-16_f00352_t11.85_moderate_blur,2,video1,349,00352,11.85,moderate_blur,56,chair,True,True,0.3414,0.3414,,0,False,both_detected
bytetrack_persist_1,video1/v01_20-16_f00352_t11.85_moderate_blur/gt003,video1/v01_20-16_f00352_t11.85_moderate_blur,3,video1,349,00352,11.85,moderate_blur,56,chair,True,True,0.282,0.282,,0,False,both_detected
bytetrack_persist_1,video1/v01_20-16_f00352_t11.85_moderate_blur/gt004,video1/v01_20-16_f00352_t11.85_moderate_blur,4,video1,349,00352,11.85,moderate_blur,56,chair,True,True,0.151,0.151,,0,False,both_detected
bytetrack_persist_1,video1/v01_20-16_f00352_t11.85_moderate_blur/gt005,video1/v01_20-16_f00352_t11.85_moderate_blur,5,video1,349,00352,11.85,moderate_blur,56,chair,False,False,,,,,False,still_missed
bytetrack_persist_1,video1/v01_20-16_f00352_t11.85_moderate_blur/gt006,video1/v01_20-16_f00352_t11.85_moderate_blur,6,video1,349,00352,11.85,moderate_blur,56,chair,False,False,,,,,False,still_missed
bytetrack_persist_1,video1/v01_20-16_f00352_t11.85_moderate_blur/gt007,video1/v01_20-16_f00352_t11.85_moderate_blur,7,video1,349,00352,11.85,moderate_blur,56,chair,False,False,,,,,False,still_missed
bytetrack_persist_1,video1/v01_20-16_f00352_t11.85_moderate_blur/gt008,video1/v01_20-16_f00352_t11.85_moderate_blur,8,video1,349,00352,11.85,moderate_blur,56,chair,False,False,,,,,False,still_missed
bytetrack_persist_1,video1/v01_20-16_f00352_t11.85_moderate_blur/gt009,video1/v01_20-16_f00352_t11.85_moderate_blur,9,video1,349,00352,11.85,moderate_blur,56,chair,False,False,,,,,False,still_missed
bytetrack_persist_3,video1/v01_20-16_f00352_t11.85_moderate_blur/gt000,video1/v01_20-16_f00352_t11.85_moderate_blur,0,video1,349,00352,11.85,moderate_blur,56,chair,True,True,0.7644,0.7644,,0,False,both_detected
bytetrack_persist_3,video1/v01_20-16_f00352_t11.85_moderate_blur/gt001,video1/v01_20-16_f00352_t11.85_moderate_blur,1,video1,349,00352,11.85,moderate_blur,56,chair,True,True,0.635,0.635,,0,False,both_detected
bytetrack_persist_3,video1/v01_20-16_f00352_t11.85_moderate_blur/gt002,video1/v01_20-16_f00352_t11.85_moderate_blur,2,video1,349,00352,11.85,moderate_blur,56,chair,True,True,0.3414,0.3414,,0,False,both_detected
bytetrack_persist_3,video1/v01_20-16_f00352_t11.85_moderate_blur/gt003,video1/v01_20-16_f00352_t11.85_moderate_blur,3,video1,349,00352,11.85,moderate_blur,56,chair,True,True,0.282,0.282,,0,False,both_detected
bytetrack_persist_3,video1/v01_20-16_f00352_t11.85_moderate_blur/gt004,video1/v01_20-16_f00352_t11.85_moderate_blur,4,video1,349,00352,11.85,moderate_blur,56,chair,True,True,0.151,0.151,,0,False,both_detected
bytetrack_persist_3,video1/v01_20-16_f00352_t11.85_moderate_blur/gt005,video1/v01_20-16_f00352_t11.85_moderate_blur,5,video1,349,00352,11.85,moderate_blur,56,chair,False,False,,,,,False,still_missed
bytetrack_persist_3,video1/v01_20-16_f00352_t11.85_moderate_blur/gt006,video1/v01_20-16_f00352_t11.85_moderate_blur,6,video1,349,00352,11.85,moderate_blur,56,chair,False,False,,,,,False,still_missed
bytetrack_persist_3,video1/v01_20-16_f00352_t11.85_moderate_blur/gt007,video1/v01_20-16_f00352_t11.85_moderate_blur,7,video1,349,00352,11.85,moderate_blur,56,chair,False,False,,,,,False,still_missed
bytetrack_persist_3,video1/v01_20-16_f00352_t11.85_moderate_blur/gt008,video1/v01_20-16_f00352_t11.85_moderate_blur,8,video1,349,00352,11.85,moderate_blur,56,chair,False,False,,,,,False,still_missed
bytetrack_persist_3,video1/v01_20-16_f00352_t11.85_moderate_blur/gt009,video1/v01_20-16_f00352_t11.85_moderate_blur,9,video1,349,00352,11.85,moderate_blur,56,chair,False,False,,,,,False,still_missed
bytetrack_persist_5,video1/v01_20-16_f00352_t11.85_moderate_blur/gt000,video1/v01_20-16_f00352_t11.85_moderate_blur,0,video1,349,00352,11.85,moderate_blur,56,chair,True,True,0.7644,0.7644,,0,False,both_detected
bytetrack_persist_5,video1/v01_20-16_f00352_t11.85_moderate_blur/gt001,video1/v01_20-16_f00352_t11.85_moderate_blur,1,video1,349,00352,11.85,moderate_blur,56,chair,True,True,0.635,0.635,,0,False,both_detected
bytetrack_persist_5,video1/v01_20-16_f00352_t11.85_moderate_blur/gt002,video1/v01_20-16_f00352_t11.85_moderate_blur,2,video1,349,00352,11.85,moderate_blur,56,chair,True,True,0.3414,0.3414,,0,False,both_detected
bytetrack_persist_5,video1/v01_20-16_f00352_t11.85_moderate_blur/gt003,video1/v01_20-16_f00352_t11.85_moderate_blur,3,video1,349,00352,11.85,moderate_blur,56,chair,True,True,0.282,0.282,,0,False,both_detected
bytetrack_persist_5,video1/v01_20-16_f00352_t11.85_moderate_blur/gt004,video1/v01_20-16_f00352_t11.85_moderate_blur,4,video1,349,00352,11.85,moderate_blur,56,chair,True,True,0.151,0.151,,0,False,both_detected
bytetrack_persist_5,video1/v01_20-16_f00352_t11.85_moderate_blur/gt005,video1/v01_20-16_f00352_t11.85_moderate_blur,5,video1,349,00352,11.85,moderate_blur,56,chair,False,False,,,,,False,still_missed
bytetrack_persist_5,video1/v01_20-16_f00352_t11.85_moderate_blur/gt006,video1/v01_20-16_f00352_t11.85_moderate_blur,6,video1,349,00352,11.85,moderate_blur,56,chair,False,False,,,,,False,still_missed
bytetrack_persist_5,video1/v01_20-16_f00352_t11.85_moderate_blur/gt007,video1/v01_20-16_f00352_t11.85_moderate_blur,7,video1,349,00352,11.85,moderate_blur,56,chair,False,False,,,,,False,still_missed
bytetrack_persist_5,video1/v01_20-16_f00352_t11.85_moderate_blur/gt008,video1/v01_20-16_f00352_t11.85_moderate_blur,8,video1,349,00352,11.85,moderate_blur,56,chair,False,False,,,,,False,still_missed
bytetrack_persist_5,video1/v01_20-16_f00352_t11.85_moderate_blur/gt009,video1/v01_20-16_f00352_t11.85_moderate_blur,9,video1,349,00352,11.85,moderate_blur,56,chair,False,False,,,,,False,still_missed
botsort,video1/v01_20-16_f00352_t11.85_moderate_blur/gt000,video1/v01_20-16_f00352_t11.85_moderate_blur,0,video1,349,00352,11.85,moderate_blur,56,chair,True,True,0.7644,0.7589,107,0,False,both_detected
botsort,video1/v01_20-16_f00352_t11.85_moderate_blur/gt001,video1/v01_20-16_f00352_t11.85_moderate_blur,1,video1,349,00352,11.85,moderate_blur,56,chair,True,True,0.635,0.5939,108,0,False,both_detected
botsort,video1/v01_20-16_f00352_t11.85_moderate_blur/gt002,video1/v01_20-16_f00352_t11.85_moderate_blur,2,video1,349,00352,11.85,moderate_blur,56,chair,True,False,0.3414,,,,False,lost
botsort,video1/v01_20-16_f00352_t11.85_moderate_blur/gt003,video1/v01_20-16_f00352_t11.85_moderate_blur,3,video1,349,00352,11.85,moderate_blur,56,chair,True,False,0.282,,,,False,lost
botsort,video1/v01_20-16_f00352_t11.85_moderate_blur/gt004,video1/v01_20-16_f00352_t11.85_moderate_blur,4,video1,349,00352,11.85,moderate_blur,56,chair,True,False,0.151,,,,False,lost
botsort,video1/v01_20-16_f00352_t11.85_moderate_blur/gt005,video1/v01_20-16_f00352_t11.85_moderate_blur,5,video1,349,00352,11.85,moderate_blur,56,chair,False,False,,,,,False,still_missed
botsort,video1/v01_20-16_f00352_t11.85_moderate_blur/gt006,video1/v01_20-16_f00352_t11.85_moderate_blur,6,video1,349,00352,11.85,moderate_blur,56,chair,False,False,,,,,False,still_missed
botsort,video1/v01_20-16_f00352_t11.85_moderate_blur/gt007,video1/v01_20-16_f00352_t11.85_moderate_blur,7,video1,349,00352,11.85,moderate_blur,56,chair,False,False,,,,,False,still_missed
botsort,video1/v01_20-16_f00352_t11.85_moderate_blur/gt008,video1/v01_20-16_f00352_t11.85_moderate_blur,8,video1,349,00352,11.85,moderate_blur,56,chair,False,False,,,,,False,still_missed
botsort,video1/v01_20-16_f00352_t11.85_moderate_blur/gt009,video1/v01_20-16_f00352_t11.85_moderate_blur,9,video1,349,00352,11.85,moderate_blur,56,chair,False,False,,,,,False,still_missed
botsort_persist_1,video1/v01_20-16_f00352_t11.85_moderate_blur/gt000,video1/v01_20-16_f00352_t11.85_moderate_blur,0,video1,349,00352,11.85,moderate_blur,56,chair,True,True,0.7644,0.7644,,0,False,both_detected
botsort_persist_1,video1/v01_20-16_f00352_t11.85_moderate_blur/gt001,video1/v01_20-16_f00352_t11.85_moderate_blur,1,video1,349,00352,11.85,moderate_blur,56,chair,True,True,0.635,0.635,,0,False,both_detected
botsort_persist_1,video1/v01_20-16_f00352_t11.85_moderate_blur/gt002,video1/v01_20-16_f00352_t11.85_moderate_blur,2,video1,349,00352,11.85,moderate_blur,56,chair,True,True,0.3414,0.3414,,0,False,both_detected
botsort_persist_1,video1/v01_20-16_f00352_t11.85_moderate_blur/gt003,video1/v01_20-16_f00352_t11.85_moderate_blur,3,video1,349,00352,11.85,moderate_blur,56,chair,True,True,0.282,0.282,,0,False,both_detected
botsort_persist_1,video1/v01_20-16_f00352_t11.85_moderate_blur/gt004,video1/v01_20-16_f00352_t11.85_moderate_blur,4,video1,349,00352,11.85,moderate_blur,56,chair,True,True,0.151,0.151,,0,False,both_detected
botsort_persist_1,video1/v01_20-16_f00352_t11.85_moderate_blur/gt005,video1/v01_20-16_f00352_t11.85_moderate_blur,5,video1,349,00352,11.85,moderate_blur,56,chair,False,False,,,,,False,still_missed
botsort_persist_1,video1/v01_20-16_f00352_t11.85_moderate_blur/gt006,video1/v01_20-16_f00352_t11.85_moderate_blur,6,video1,349,00352,11.85,moderate_blur,56,chair,False,False,,,,,False,still_missed
botsort_persist_1,video1/v01_20-16_f00352_t11.85_moderate_blur/gt007,video1/v01_20-16_f00352_t11.85_moderate_blur,7,video1,349,00352,11.85,moderate_blur,56,chair,False,False,,,,,False,still_missed
botsort_persist_1,video1/v01_20-16_f00352_t11.85_moderate_blur/gt008,video1/v01_20-16_f00352_t11.85_moderate_blur,8,video1,349,00352,11.85,moderate_blur,56,chair,False,False,,,,,False,still_missed
botsort_persist_1,video1/v01_20-16_f00352_t11.85_moderate_blur/gt009,video1/v01_20-16_f00352_t11.85_moderate_blur,9,video1,349,00352,11.85,moderate_blur,56,chair,False,False,,,,,False,still_missed
botsort_persist_3,video1/v01_20-16_f00352_t11.85_moderate_blur/gt000,video1/v01_20-16_f00352_t11.85_moderate_blur,0,video1,349,00352,11.85,moderate_blur,56,chair,True,True,0.7644,0.7644,,0,False,both_detected
botsort_persist_3,video1/v01_20-16_f00352_t11.85_moderate_blur/gt001,video1/v01_20-16_f00352_t11.85_moderate_blur,1,video1,349,00352,11.85,moderate_blur,56,chair,True,True,0.635,0.635,,0,False,both_detected
botsort_persist_3,video1/v01_20-16_f00352_t11.85_moderate_blur/gt002,video1/v01_20-16_f00352_t11.85_moderate_blur,2,video1,349,00352,11.85,moderate_blur,56,chair,True,True,0.3414,0.3414,,0,False,both_detected
botsort_persist_3,video1/v01_20-16_f00352_t11.85_moderate_blur/gt003,video1/v01_20-16_f00352_t11.85_moderate_blur,3,video1,349,00352,11.85,moderate_blur,56,chair,True,True,0.282,0.282,,0,False,both_detected
botsort_persist_3,video1/v01_20-16_f00352_t11.85_moderate_blur/gt004,video1/v01_20-16_f00352_t11.85_moderate_blur,4,video1,349,00352,11.85,moderate_blur,56,chair,True,True,0.151,0.151,,0,False,both_detected
botsort_persist_3,video1/v01_20-16_f00352_t11.85_moderate_blur/gt005,video1/v01_20-16_f00352_t11.85_moderate_blur,5,video1,349,00352,11.85,moderate_blur,56,chair,False,False,,,,,False,still_missed
botsort_persist_3,video1/v01_20-16_f00352_t11.85_moderate_blur/gt006,video1/v01_20-16_f00352_t11.85_moderate_blur,6,video1,349,00352,11.85,moderate_blur,56,chair,False,False,,,,,False,still_missed
botsort_persist_3,video1/v01_20-16_f00352_t11.85_moderate_blur/gt007,video1/v01_20-16_f00352_t11.85_moderate_blur,7,video1,349,00352,11.85,moderate_blur,56,chair,False,False,,,,,False,still_missed
botsort_persist_3,video1/v01_20-16_f00352_t11.85_moderate_blur/gt008,video1/v01_20-16_f00352_t11.85_moderate_blur,8,video1,349,00352,11.85,moderate_blur,56,chair,False,False,,,,,False,still_missed
botsort_persist_3,video1/v01_20-16_f00352_t11.85_moderate_blur/gt009,video1/v01_20-16_f00352_t11.85_moderate_blur,9,video1,349,00352,11.85,moderate_blur,56,chair,False,False,,,,,False,still_missed
botsort_persist_5,video1/v01_20-16_f00352_t11.85_moderate_blur/gt000,video1/v01_20-16_f00352_t11.85_moderate_blur,0,video1,349,00352,11.85,moderate_blur,56,chair,True,True,0.7644,0.7644,,0,False,both_detected
botsort_persist_5,video1/v01_20-16_f00352_t11.85_moderate_blur/gt001,video1/v01_20-16_f00352_t11.85_moderate_blur,1,video1,349,00352,11.85,moderate_blur,56,chair,True,True,0.635,0.635,,0,False,both_detected
botsort_persist_5,video1/v01_20-16_f00352_t11.85_moderate_blur/gt002,video1/v01_20-16_f00352_t11.85_moderate_blur,2,video1,349,00352,11.85,moderate_blur,56,chair,True,True,0.3414,0.3414,,0,False,both_detected
botsort_persist_5,video1/v01_20-16_f00352_t11.85_moderate_blur/gt003,video1/v01_20-16_f00352_t11.85_moderate_blur,3,video1,349,00352,11.85,moderate_blur,56,chair,True,True,0.282,0.282,,0,False,both_detected
botsort_persist_5,video1/v01_20-16_f00352_t11.85_moderate_blur/gt004,video1/v01_20-16_f00352_t11.85_moderate_blur,4,video1,349,00352,11.85,moderate_blur,56,chair,True,True,0.151,0.151,,0,False,both_detected
botsort_persist_5,video1/v01_20-16_f00352_t11.85_moderate_blur/gt005,video1/v01_20-16_f00352_t11.85_moderate_blur,5,video1,349,00352,11.85,moderate_blur,56,chair,False,False,,,,,False,still_missed
botsort_persist_5,video1/v01_20-16_f00352_t11.85_moderate_blur/gt006,video1/v01_20-16_f00352_t11.85_moderate_blur,6,video1,349,00352,11.85,moderate_blur,56,chair,False,False,,,,,False,still_missed
botsort_persist_5,video1/v01_20-16_f00352_t11.85_moderate_blur/gt007,video1/v01_20-16_f00352_t11.85_moderate_blur,7,video1,349,00352,11.85,moderate_blur,56,chair,False,False,,,,,False,still_missed
botsort_persist_5,video1/v01_20-16_f00352_t11.85_moderate_blur/gt008,video1/v01_20-16_f00352_t11.85_moderate_blur,8,video1,349,00352,11.85,moderate_blur,56,chair,False,False,,,,,False,still_missed
botsort_persist_5,video1/v01_20-16_f00352_t11.85_moderate_blur/gt009,video1/v01_20-16_f00352_t11.85_moderate_blur,9,video1,349,00352,11.85,moderate_blur,56,chair,False,False,,,,,False,still_missed
bytetrack,video1/v01_20-16_f00379_t12.75_severe_blur/gt000,video1/v01_20-16_f00379_t12.75_severe_blur,0,video1,377,00379,12.75,severe_blur,56,chair,False,False,,,,,False,still_missed
bytetrack,video1/v01_20-16_f00379_t12.75_severe_blur/gt001,video1/v01_20-16_f00379_t12.75_severe_blur,1,video1,377,00379,12.75,severe_blur,56,chair,False,False,,,,,False,still_missed
bytetrack,video1/v01_20-16_f00379_t12.75_severe_blur/gt002,video1/v01_20-16_f00379_t12.75_severe_blur,2,video1,377,00379,12.75,severe_blur,56,chair,False,False,,,,,False,still_missed
bytetrack_persist_1,video1/v01_20-16_f00379_t12.75_severe_blur/gt000,video1/v01_20-16_f00379_t12.75_severe_blur,0,video1,377,00379,12.75,severe_blur,56,chair,False,False,,,,,False,still_missed
bytetrack_persist_1,video1/v01_20-16_f00379_t12.75_severe_blur/gt001,video1/v01_20-16_f00379_t12.75_severe_blur,1,video1,377,00379,12.75,severe_blur,56,chair,False,False,,,,,False,still_missed
bytetrack_persist_1,video1/v01_20-16_f00379_t12.75_severe_blur/gt002,video1/v01_20-16_f00379_t12.75_severe_blur,2,video1,377,00379,12.75,severe_blur,56,chair,False,False,,,,,False,still_missed
bytetrack_persist_3,video1/v01_20-16_f00379_t12.75_severe_blur/gt000,video1/v01_20-16_f00379_t12.75_severe_blur,0,video1,377,00379,12.75,severe_blur,56,chair,False,False,,,,,False,still_missed
bytetrack_persist_3,video1/v01_20-16_f00379_t12.75_severe_blur/gt001,video1/v01_20-16_f00379_t12.75_severe_blur,1,video1,377,00379,12.75,severe_blur,56,chair,False,False,,,,,False,still_missed
bytetrack_persist_3,video1/v01_20-16_f00379_t12.75_severe_blur/gt002,video1/v01_20-16_f00379_t12.75_severe_blur,2,video1,377,00379,12.75,severe_blur,56,chair,False,False,,,,,False,still_missed
bytetrack_persist_5,video1/v01_20-16_f00379_t12.75_severe_blur/gt000,video1/v01_20-16_f00379_t12.75_severe_blur,0,video1,377,00379,12.75,severe_blur,56,chair,False,False,,,,,False,still_missed
bytetrack_persist_5,video1/v01_20-16_f00379_t12.75_severe_blur/gt001,video1/v01_20-16_f00379_t12.75_severe_blur,1,video1,377,00379,12.75,severe_blur,56,chair,False,False,,,,,False,still_missed
bytetrack_persist_5,video1/v01_20-16_f00379_t12.75_severe_blur/gt002,video1/v01_20-16_f00379_t12.75_severe_blur,2,video1,377,00379,12.75,severe_blur,56,chair,False,False,,,,,False,still_missed
botsort,video1/v01_20-16_f00379_t12.75_severe_blur/gt000,video1/v01_20-16_f00379_t12.75_severe_blur,0,video1,377,00379,12.75,severe_blur,56,chair,False,False,,,,,False,still_missed
botsort,video1/v01_20-16_f00379_t12.75_severe_blur/gt001,video1/v01_20-16_f00379_t12.75_severe_blur,1,video1,377,00379,12.75,severe_blur,56,chair,False,False,,,,,False,still_missed
botsort,video1/v01_20-16_f00379_t12.75_severe_blur/gt002,video1/v01_20-16_f00379_t12.75_severe_blur,2,video1,377,00379,12.75,severe_blur,56,chair,False,False,,,,,False,still_missed
botsort_persist_1,video1/v01_20-16_f00379_t12.75_severe_blur/gt000,video1/v01_20-16_f00379_t12.75_severe_blur,0,video1,377,00379,12.75,severe_blur,56,chair,False,False,,,,,False,still_missed
botsort_persist_1,video1/v01_20-16_f00379_t12.75_severe_blur/gt001,video1/v01_20-16_f00379_t12.75_severe_blur,1,video1,377,00379,12.75,severe_blur,56,chair,False,False,,,,,False,still_missed
botsort_persist_1,video1/v01_20-16_f00379_t12.75_severe_blur/gt002,video1/v01_20-16_f00379_t12.75_severe_blur,2,video1,377,00379,12.75,severe_blur,56,chair,False,False,,,,,False,still_missed
botsort_persist_3,video1/v01_20-16_f00379_t12.75_severe_blur/gt000,video1/v01_20-16_f00379_t12.75_severe_blur,0,video1,377,00379,12.75,severe_blur,56,chair,False,False,,,,,False,still_missed
botsort_persist_3,video1/v01_20-16_f00379_t12.75_severe_blur/gt001,video1/v01_20-16_f00379_t12.75_severe_blur,1,video1,377,00379,12.75,severe_blur,56,chair,False,False,,,,,False,still_missed
botsort_persist_3,video1/v01_20-16_f00379_t12.75_severe_blur/gt002,video1/v01_20-16_f00379_t12.75_severe_blur,2,video1,377,00379,12.75,severe_blur,56,chair,False,False,,,,,False,still_missed
botsort_persist_5,video1/v01_20-16_f00379_t12.75_severe_blur/gt000,video1/v01_20-16_f00379_t12.75_severe_blur,0,video1,377,00379,12.75,severe_blur,56,chair,False,False,,,,,False,still_missed
botsort_persist_5,video1/v01_20-16_f00379_t12.75_severe_blur/gt001,video1/v01_20-16_f00379_t12.75_severe_blur,1,video1,377,00379,12.75,severe_blur,56,chair,False,False,,,,,False,still_missed
botsort_persist_5,video1/v01_20-16_f00379_t12.75_severe_blur/gt002,video1/v01_20-16_f00379_t12.75_severe_blur,2,video1,377,00379,12.75,severe_blur,56,chair,False,False,,,,,False,still_missed
bytetrack,video1/v01_20-16_f00433_t14.57_severe_blur/gt000,video1/v01_20-16_f00433_t14.57_severe_blur,0,video1,431,00433,14.57,severe_blur,56,chair,False,False,,,,,False,still_missed
bytetrack,video1/v01_20-16_f00433_t14.57_severe_blur/gt001,video1/v01_20-16_f00433_t14.57_severe_blur,1,video1,431,00433,14.57,severe_blur,56,chair,False,False,,,,,False,still_missed
bytetrack,video1/v01_20-16_f00433_t14.57_severe_blur/gt002,video1/v01_20-16_f00433_t14.57_severe_blur,2,video1,431,00433,14.57,severe_blur,56,chair,False,False,,,,,False,still_missed
bytetrack,video1/v01_20-16_f00433_t14.57_severe_blur/gt003,video1/v01_20-16_f00433_t14.57_severe_blur,3,video1,431,00433,14.57,severe_blur,60,dining table,False,False,,,,,False,still_missed
bytetrack_persist_1,video1/v01_20-16_f00433_t14.57_severe_blur/gt000,video1/v01_20-16_f00433_t14.57_severe_blur,0,video1,431,00433,14.57,severe_blur,56,chair,False,False,,,,,False,still_missed
bytetrack_persist_1,video1/v01_20-16_f00433_t14.57_severe_blur/gt001,video1/v01_20-16_f00433_t14.57_severe_blur,1,video1,431,00433,14.57,severe_blur,56,chair,False,False,,,,,False,still_missed
bytetrack_persist_1,video1/v01_20-16_f00433_t14.57_severe_blur/gt002,video1/v01_20-16_f00433_t14.57_severe_blur,2,video1,431,00433,14.57,severe_blur,56,chair,False,False,,,,,False,still_missed
bytetrack_persist_1,video1/v01_20-16_f00433_t14.57_severe_blur/gt003,video1/v01_20-16_f00433_t14.57_severe_blur,3,video1,431,00433,14.57,severe_blur,60,dining table,False,False,,,,,False,still_missed
bytetrack_persist_3,video1/v01_20-16_f00433_t14.57_severe_blur/gt000,video1/v01_20-16_f00433_t14.57_severe_blur,0,video1,431,00433,14.57,severe_blur,56,chair,False,False,,,,,False,still_missed
bytetrack_persist_3,video1/v01_20-16_f00433_t14.57_severe_blur/gt001,video1/v01_20-16_f00433_t14.57_severe_blur,1,video1,431,00433,14.57,severe_blur,56,chair,False,False,,,,,False,still_missed
bytetrack_persist_3,video1/v01_20-16_f00433_t14.57_severe_blur/gt002,video1/v01_20-16_f00433_t14.57_severe_blur,2,video1,431,00433,14.57,severe_blur,56,chair,False,False,,,,,False,still_missed
bytetrack_persist_3,video1/v01_20-16_f00433_t14.57_severe_blur/gt003,video1/v01_20-16_f00433_t14.57_severe_blur,3,video1,431,00433,14.57,severe_blur,60,dining table,False,False,,,,,False,still_missed
bytetrack_persist_5,video1/v01_20-16_f00433_t14.57_severe_blur/gt000,video1/v01_20-16_f00433_t14.57_severe_blur,0,video1,431,00433,14.57,severe_blur,56,chair,False,False,,,,,False,still_missed
bytetrack_persist_5,video1/v01_20-16_f00433_t14.57_severe_blur/gt001,video1/v01_20-16_f00433_t14.57_severe_blur,1,video1,431,00433,14.57,severe_blur,56,chair,False,False,,,,,False,still_missed
bytetrack_persist_5,video1/v01_20-16_f00433_t14.57_severe_blur/gt002,video1/v01_20-16_f00433_t14.57_severe_blur,2,video1,431,00433,14.57,severe_blur,56,chair,False,False,,,,,False,still_missed
bytetrack_persist_5,video1/v01_20-16_f00433_t14.57_severe_blur/gt003,video1/v01_20-16_f00433_t14.57_severe_blur,3,video1,431,00433,14.57,severe_blur,60,dining table,False,False,,,,,False,still_missed
botsort,video1/v01_20-16_f00433_t14.57_severe_blur/gt000,video1/v01_20-16_f00433_t14.57_severe_blur,0,video1,431,00433,14.57,severe_blur,56,chair,False,False,,,,,False,still_missed
botsort,video1/v01_20-16_f00433_t14.57_severe_blur/gt001,video1/v01_20-16_f00433_t14.57_severe_blur,1,video1,431,00433,14.57,severe_blur,56,chair,False,False,,,,,False,still_missed
botsort,video1/v01_20-16_f00433_t14.57_severe_blur/gt002,video1/v01_20-16_f00433_t14.57_severe_blur,2,video1,431,00433,14.57,severe_blur,56,chair,False,False,,,,,False,still_missed
botsort,video1/v01_20-16_f00433_t14.57_severe_blur/gt003,video1/v01_20-16_f00433_t14.57_severe_blur,3,video1,431,00433,14.57,severe_blur,60,dining table,False,False,,,,,False,still_missed
botsort_persist_1,video1/v01_20-16_f00433_t14.57_severe_blur/gt000,video1/v01_20-16_f00433_t14.57_severe_blur,0,video1,431,00433,14.57,severe_blur,56,chair,False,False,,,,,False,still_missed
botsort_persist_1,video1/v01_20-16_f00433_t14.57_severe_blur/gt001,video1/v01_20-16_f00433_t14.57_severe_blur,1,video1,431,00433,14.57,severe_blur,56,chair,False,False,,,,,False,still_missed
botsort_persist_1,video1/v01_20-16_f00433_t14.57_severe_blur/gt002,video1/v01_20-16_f00433_t14.57_severe_blur,2,video1,431,00433,14.57,severe_blur,56,chair,False,False,,,,,False,still_missed
botsort_persist_1,video1/v01_20-16_f00433_t14.57_severe_blur/gt003,video1/v01_20-16_f00433_t14.57_severe_blur,3,video1,431,00433,14.57,severe_blur,60,dining table,False,False,,,,,False,still_missed
botsort_persist_3,video1/v01_20-16_f00433_t14.57_severe_blur/gt000,video1/v01_20-16_f00433_t14.57_severe_blur,0,video1,431,00433,14.57,severe_blur,56,chair,False,False,,,,,False,still_missed
botsort_persist_3,video1/v01_20-16_f00433_t14.57_severe_blur/gt001,video1/v01_20-16_f00433_t14.57_severe_blur,1,video1,431,00433,14.57,severe_blur,56,chair,False,False,,,,,False,still_missed
botsort_persist_3,video1/v01_20-16_f00433_t14.57_severe_blur/gt002,video1/v01_20-16_f00433_t14.57_severe_blur,2,video1,431,00433,14.57,severe_blur,56,chair,False,False,,,,,False,still_missed
botsort_persist_3,video1/v01_20-16_f00433_t14.57_severe_blur/gt003,video1/v01_20-16_f00433_t14.57_severe_blur,3,video1,431,00433,14.57,severe_blur,60,dining table,False,False,,,,,False,still_missed
botsort_persist_5,video1/v01_20-16_f00433_t14.57_severe_blur/gt000,video1/v01_20-16_f00433_t14.57_severe_blur,0,video1,431,00433,14.57,severe_blur,56,chair,False,False,,,,,False,still_missed
botsort_persist_5,video1/v01_20-16_f00433_t14.57_severe_blur/gt001,video1/v01_20-16_f00433_t14.57_severe_blur,1,video1,431,00433,14.57,severe_blur,56,chair,False,False,,,,,False,still_missed
botsort_persist_5,video1/v01_20-16_f00433_t14.57_severe_blur/gt002,video1/v01_20-16_f00433_t14.57_severe_blur,2,video1,431,00433,14.57,severe_blur,56,chair,False,False,,,,,False,still_missed
botsort_persist_5,video1/v01_20-16_f00433_t14.57_severe_blur/gt003,video1/v01_20-16_f00433_t14.57_severe_blur,3,video1,431,00433,14.57,severe_blur,60,dining table,False,False,,,,,False,still_missed
bytetrack,video1/v01_20-16_f00487_t16.39_moderate_blur/gt000,video1/v01_20-16_f00487_t16.39_moderate_blur,0,video1,486,00487,16.39,moderate_blur,56,chair,False,False,,,,,False,still_missed
bytetrack,video1/v01_20-16_f00487_t16.39_moderate_blur/gt001,video1/v01_20-16_f00487_t16.39_moderate_blur,1,video1,486,00487,16.39,moderate_blur,56,chair,False,False,,,,,False,still_missed
bytetrack,video1/v01_20-16_f00487_t16.39_moderate_blur/gt002,video1/v01_20-16_f00487_t16.39_moderate_blur,2,video1,486,00487,16.39,moderate_blur,56,chair,False,False,,,,,False,still_missed
bytetrack,video1/v01_20-16_f00487_t16.39_moderate_blur/gt003,video1/v01_20-16_f00487_t16.39_moderate_blur,3,video1,486,00487,16.39,moderate_blur,56,chair,False,False,,,,,False,still_missed
bytetrack,video1/v01_20-16_f00487_t16.39_moderate_blur/gt004,video1/v01_20-16_f00487_t16.39_moderate_blur,4,video1,486,00487,16.39,moderate_blur,60,dining table,False,False,,,,,False,still_missed
bytetrack_persist_1,video1/v01_20-16_f00487_t16.39_moderate_blur/gt000,video1/v01_20-16_f00487_t16.39_moderate_blur,0,video1,486,00487,16.39,moderate_blur,56,chair,False,False,,,,,False,still_missed
bytetrack_persist_1,video1/v01_20-16_f00487_t16.39_moderate_blur/gt001,video1/v01_20-16_f00487_t16.39_moderate_blur,1,video1,486,00487,16.39,moderate_blur,56,chair,False,False,,,,,False,still_missed
bytetrack_persist_1,video1/v01_20-16_f00487_t16.39_moderate_blur/gt002,video1/v01_20-16_f00487_t16.39_moderate_blur,2,video1,486,00487,16.39,moderate_blur,56,chair,False,False,,,,,False,still_missed
bytetrack_persist_1,video1/v01_20-16_f00487_t16.39_moderate_blur/gt003,video1/v01_20-16_f00487_t16.39_moderate_blur,3,video1,486,00487,16.39,moderate_blur,56,chair,False,False,,,,,False,still_missed
bytetrack_persist_1,video1/v01_20-16_f00487_t16.39_moderate_blur/gt004,video1/v01_20-16_f00487_t16.39_moderate_blur,4,video1,486,00487,16.39,moderate_blur,60,dining table,False,False,,,,,False,still_missed
bytetrack_persist_3,video1/v01_20-16_f00487_t16.39_moderate_blur/gt000,video1/v01_20-16_f00487_t16.39_moderate_blur,0,video1,486,00487,16.39,moderate_blur,56,chair,False,False,,,,,False,still_missed
bytetrack_persist_3,video1/v01_20-16_f00487_t16.39_moderate_blur/gt001,video1/v01_20-16_f00487_t16.39_moderate_blur,1,video1,486,00487,16.39,moderate_blur,56,chair,False,False,,,,,False,still_missed
bytetrack_persist_3,video1/v01_20-16_f00487_t16.39_moderate_blur/gt002,video1/v01_20-16_f00487_t16.39_moderate_blur,2,video1,486,00487,16.39,moderate_blur,56,chair,False,False,,,,,False,still_missed
bytetrack_persist_3,video1/v01_20-16_f00487_t16.39_moderate_blur/gt003,video1/v01_20-16_f00487_t16.39_moderate_blur,3,video1,486,00487,16.39,moderate_blur,56,chair,False,False,,,,,False,still_missed
bytetrack_persist_3,video1/v01_20-16_f00487_t16.39_moderate_blur/gt004,video1/v01_20-16_f00487_t16.39_moderate_blur,4,video1,486,00487,16.39,moderate_blur,60,dining table,False,False,,,,,False,still_missed
bytetrack_persist_5,video1/v01_20-16_f00487_t16.39_moderate_blur/gt000,video1/v01_20-16_f00487_t16.39_moderate_blur,0,video1,486,00487,16.39,moderate_blur,56,chair,False,False,,,,,False,still_missed
bytetrack_persist_5,video1/v01_20-16_f00487_t16.39_moderate_blur/gt001,video1/v01_20-16_f00487_t16.39_moderate_blur,1,video1,486,00487,16.39,moderate_blur,56,chair,False,False,,,,,False,still_missed
bytetrack_persist_5,video1/v01_20-16_f00487_t16.39_moderate_blur/gt002,video1/v01_20-16_f00487_t16.39_moderate_blur,2,video1,486,00487,16.39,moderate_blur,56,chair,False,False,,,,,False,still_missed
bytetrack_persist_5,video1/v01_20-16_f00487_t16.39_moderate_blur/gt003,video1/v01_20-16_f00487_t16.39_moderate_blur,3,video1,486,00487,16.39,moderate_blur,56,chair,False,False,,,,,False,still_missed
bytetrack_persist_5,video1/v01_20-16_f00487_t16.39_moderate_blur/gt004,video1/v01_20-16_f00487_t16.39_moderate_blur,4,video1,486,00487,16.39,moderate_blur,60,dining table,False,False,,,,,False,still_missed
botsort,video1/v01_20-16_f00487_t16.39_moderate_blur/gt000,video1/v01_20-16_f00487_t16.39_moderate_blur,0,video1,486,00487,16.39,moderate_blur,56,chair,False,False,,,,,False,still_missed
botsort,video1/v01_20-16_f00487_t16.39_moderate_blur/gt001,video1/v01_20-16_f00487_t16.39_moderate_blur,1,video1,486,00487,16.39,moderate_blur,56,chair,False,False,,,,,False,still_missed
botsort,video1/v01_20-16_f00487_t16.39_moderate_blur/gt002,video1/v01_20-16_f00487_t16.39_moderate_blur,2,video1,486,00487,16.39,moderate_blur,56,chair,False,False,,,,,False,still_missed
botsort,video1/v01_20-16_f00487_t16.39_moderate_blur/gt003,video1/v01_20-16_f00487_t16.39_moderate_blur,3,video1,486,00487,16.39,moderate_blur,56,chair,False,False,,,,,False,still_missed
botsort,video1/v01_20-16_f00487_t16.39_moderate_blur/gt004,video1/v01_20-16_f00487_t16.39_moderate_blur,4,video1,486,00487,16.39,moderate_blur,60,dining table,False,False,,,,,False,still_missed
botsort_persist_1,video1/v01_20-16_f00487_t16.39_moderate_blur/gt000,video1/v01_20-16_f00487_t16.39_moderate_blur,0,video1,486,00487,16.39,moderate_blur,56,chair,False,False,,,,,False,still_missed
botsort_persist_1,video1/v01_20-16_f00487_t16.39_moderate_blur/gt001,video1/v01_20-16_f00487_t16.39_moderate_blur,1,video1,486,00487,16.39,moderate_blur,56,chair,False,False,,,,,False,still_missed
botsort_persist_1,video1/v01_20-16_f00487_t16.39_moderate_blur/gt002,video1/v01_20-16_f00487_t16.39_moderate_blur,2,video1,486,00487,16.39,moderate_blur,56,chair,False,False,,,,,False,still_missed
botsort_persist_1,video1/v01_20-16_f00487_t16.39_moderate_blur/gt003,video1/v01_20-16_f00487_t16.39_moderate_blur,3,video1,486,00487,16.39,moderate_blur,56,chair,False,False,,,,,False,still_missed
botsort_persist_1,video1/v01_20-16_f00487_t16.39_moderate_blur/gt004,video1/v01_20-16_f00487_t16.39_moderate_blur,4,video1,486,00487,16.39,moderate_blur,60,dining table,False,False,,,,,False,still_missed
botsort_persist_3,video1/v01_20-16_f00487_t16.39_moderate_blur/gt000,video1/v01_20-16_f00487_t16.39_moderate_blur,0,video1,486,00487,16.39,moderate_blur,56,chair,False,False,,,,,False,still_missed
botsort_persist_3,video1/v01_20-16_f00487_t16.39_moderate_blur/gt001,video1/v01_20-16_f00487_t16.39_moderate_blur,1,video1,486,00487,16.39,moderate_blur,56,chair,False,False,,,,,False,still_missed
botsort_persist_3,video1/v01_20-16_f00487_t16.39_moderate_blur/gt002,video1/v01_20-16_f00487_t16.39_moderate_blur,2,video1,486,00487,16.39,moderate_blur,56,chair,False,False,,,,,False,still_missed
botsort_persist_3,video1/v01_20-16_f00487_t16.39_moderate_blur/gt003,video1/v01_20-16_f00487_t16.39_moderate_blur,3,video1,486,00487,16.39,moderate_blur,56,chair,False,False,,,,,False,still_missed
botsort_persist_3,video1/v01_20-16_f00487_t16.39_moderate_blur/gt004,video1/v01_20-16_f00487_t16.39_moderate_blur,4,video1,486,00487,16.39,moderate_blur,60,dining table,False,False,,,,,False,still_missed
botsort_persist_5,video1/v01_20-16_f00487_t16.39_moderate_blur/gt000,video1/v01_20-16_f00487_t16.39_moderate_blur,0,video1,486,00487,16.39,moderate_blur,56,chair,False,False,,,,,False,still_missed
botsort_persist_5,video1/v01_20-16_f00487_t16.39_moderate_blur/gt001,video1/v01_20-16_f00487_t16.39_moderate_blur,1,video1,486,00487,16.39,moderate_blur,56,chair,False,False,,,,,False,still_missed
botsort_persist_5,video1/v01_20-16_f00487_t16.39_moderate_blur/gt002,video1/v01_20-16_f00487_t16.39_moderate_blur,2,video1,486,00487,16.39,moderate_blur,56,chair,False,False,,,,,False,still_missed
botsort_persist_5,video1/v01_20-16_f00487_t16.39_moderate_blur/gt003,video1/v01_20-16_f00487_t16.39_moderate_blur,3,video1,486,00487,16.39,moderate_blur,56,chair,False,False,,,,,False,still_missed
botsort_persist_5,video1/v01_20-16_f00487_t16.39_moderate_blur/gt004,video1/v01_20-16_f00487_t16.39_moderate_blur,4,video1,486,00487,16.39,moderate_blur,60,dining table,False,False,,,,,False,still_missed
bytetrack,video1/v01_20-16_f00541_t18.21_severe_blur/gt000,video1/v01_20-16_f00541_t18.21_severe_blur,0,video1,540,00541,18.21,severe_blur,56,chair,False,False,,,,,False,still_missed
bytetrack,video1/v01_20-16_f00541_t18.21_severe_blur/gt001,video1/v01_20-16_f00541_t18.21_severe_blur,1,video1,540,00541,18.21,severe_blur,56,chair,False,False,,,,,False,still_missed
bytetrack,video1/v01_20-16_f00541_t18.21_severe_blur/gt002,video1/v01_20-16_f00541_t18.21_severe_blur,2,video1,540,00541,18.21,severe_blur,56,chair,False,False,,,,,False,still_missed
bytetrack,video1/v01_20-16_f00541_t18.21_severe_blur/gt003,video1/v01_20-16_f00541_t18.21_severe_blur,3,video1,540,00541,18.21,severe_blur,56,chair,False,False,,,,,False,still_missed
bytetrack,video1/v01_20-16_f00541_t18.21_severe_blur/gt004,video1/v01_20-16_f00541_t18.21_severe_blur,4,video1,540,00541,18.21,severe_blur,60,dining table,False,False,,,,,False,still_missed
bytetrack_persist_1,video1/v01_20-16_f00541_t18.21_severe_blur/gt000,video1/v01_20-16_f00541_t18.21_severe_blur,0,video1,540,00541,18.21,severe_blur,56,chair,False,False,,,,,False,still_missed
bytetrack_persist_1,video1/v01_20-16_f00541_t18.21_severe_blur/gt001,video1/v01_20-16_f00541_t18.21_severe_blur,1,video1,540,00541,18.21,severe_blur,56,chair,False,False,,,,,False,still_missed
bytetrack_persist_1,video1/v01_20-16_f00541_t18.21_severe_blur/gt002,video1/v01_20-16_f00541_t18.21_severe_blur,2,video1,540,00541,18.21,severe_blur,56,chair,False,False,,,,,False,still_missed
bytetrack_persist_1,video1/v01_20-16_f00541_t18.21_severe_blur/gt003,video1/v01_20-16_f00541_t18.21_severe_blur,3,video1,540,00541,18.21,severe_blur,56,chair,False,False,,,,,False,still_missed
bytetrack_persist_1,video1/v01_20-16_f00541_t18.21_severe_blur/gt004,video1/v01_20-16_f00541_t18.21_severe_blur,4,video1,540,00541,18.21,severe_blur,60,dining table,False,False,,,,,False,still_missed
bytetrack_persist_3,video1/v01_20-16_f00541_t18.21_severe_blur/gt000,video1/v01_20-16_f00541_t18.21_severe_blur,0,video1,540,00541,18.21,severe_blur,56,chair,False,False,,,,,False,still_missed
bytetrack_persist_3,video1/v01_20-16_f00541_t18.21_severe_blur/gt001,video1/v01_20-16_f00541_t18.21_severe_blur,1,video1,540,00541,18.21,severe_blur,56,chair,False,False,,,,,False,still_missed
bytetrack_persist_3,video1/v01_20-16_f00541_t18.21_severe_blur/gt002,video1/v01_20-16_f00541_t18.21_severe_blur,2,video1,540,00541,18.21,severe_blur,56,chair,False,False,,,,,False,still_missed
bytetrack_persist_3,video1/v01_20-16_f00541_t18.21_severe_blur/gt003,video1/v01_20-16_f00541_t18.21_severe_blur,3,video1,540,00541,18.21,severe_blur,56,chair,False,False,,,,,False,still_missed
bytetrack_persist_3,video1/v01_20-16_f00541_t18.21_severe_blur/gt004,video1/v01_20-16_f00541_t18.21_severe_blur,4,video1,540,00541,18.21,severe_blur,60,dining table,False,False,,,,,False,still_missed
bytetrack_persist_5,video1/v01_20-16_f00541_t18.21_severe_blur/gt000,video1/v01_20-16_f00541_t18.21_severe_blur,0,video1,540,00541,18.21,severe_blur,56,chair,False,False,,,,,False,still_missed
bytetrack_persist_5,video1/v01_20-16_f00541_t18.21_severe_blur/gt001,video1/v01_20-16_f00541_t18.21_severe_blur,1,video1,540,00541,18.21,severe_blur,56,chair,False,False,,,,,False,still_missed
bytetrack_persist_5,video1/v01_20-16_f00541_t18.21_severe_blur/gt002,video1/v01_20-16_f00541_t18.21_severe_blur,2,video1,540,00541,18.21,severe_blur,56,chair,False,False,,,,,False,still_missed
bytetrack_persist_5,video1/v01_20-16_f00541_t18.21_severe_blur/gt003,video1/v01_20-16_f00541_t18.21_severe_blur,3,video1,540,00541,18.21,severe_blur,56,chair,False,False,,,,,False,still_missed
bytetrack_persist_5,video1/v01_20-16_f00541_t18.21_severe_blur/gt004,video1/v01_20-16_f00541_t18.21_severe_blur,4,video1,540,00541,18.21,severe_blur,60,dining table,False,False,,,,,False,still_missed
botsort,video1/v01_20-16_f00541_t18.21_severe_blur/gt000,video1/v01_20-16_f00541_t18.21_severe_blur,0,video1,540,00541,18.21,severe_blur,56,chair,False,False,,,,,False,still_missed
botsort,video1/v01_20-16_f00541_t18.21_severe_blur/gt001,video1/v01_20-16_f00541_t18.21_severe_blur,1,video1,540,00541,18.21,severe_blur,56,chair,False,False,,,,,False,still_missed
botsort,video1/v01_20-16_f00541_t18.21_severe_blur/gt002,video1/v01_20-16_f00541_t18.21_severe_blur,2,video1,540,00541,18.21,severe_blur,56,chair,False,False,,,,,False,still_missed
botsort,video1/v01_20-16_f00541_t18.21_severe_blur/gt003,video1/v01_20-16_f00541_t18.21_severe_blur,3,video1,540,00541,18.21,severe_blur,56,chair,False,False,,,,,False,still_missed
botsort,video1/v01_20-16_f00541_t18.21_severe_blur/gt004,video1/v01_20-16_f00541_t18.21_severe_blur,4,video1,540,00541,18.21,severe_blur,60,dining table,False,False,,,,,False,still_missed
botsort_persist_1,video1/v01_20-16_f00541_t18.21_severe_blur/gt000,video1/v01_20-16_f00541_t18.21_severe_blur,0,video1,540,00541,18.21,severe_blur,56,chair,False,False,,,,,False,still_missed
botsort_persist_1,video1/v01_20-16_f00541_t18.21_severe_blur/gt001,video1/v01_20-16_f00541_t18.21_severe_blur,1,video1,540,00541,18.21,severe_blur,56,chair,False,False,,,,,False,still_missed
botsort_persist_1,video1/v01_20-16_f00541_t18.21_severe_blur/gt002,video1/v01_20-16_f00541_t18.21_severe_blur,2,video1,540,00541,18.21,severe_blur,56,chair,False,False,,,,,False,still_missed
botsort_persist_1,video1/v01_20-16_f00541_t18.21_severe_blur/gt003,video1/v01_20-16_f00541_t18.21_severe_blur,3,video1,540,00541,18.21,severe_blur,56,chair,False,False,,,,,False,still_missed
botsort_persist_1,video1/v01_20-16_f00541_t18.21_severe_blur/gt004,video1/v01_20-16_f00541_t18.21_severe_blur,4,video1,540,00541,18.21,severe_blur,60,dining table,False,False,,,,,False,still_missed
botsort_persist_3,video1/v01_20-16_f00541_t18.21_severe_blur/gt000,video1/v01_20-16_f00541_t18.21_severe_blur,0,video1,540,00541,18.21,severe_blur,56,chair,False,False,,,,,False,still_missed
botsort_persist_3,video1/v01_20-16_f00541_t18.21_severe_blur/gt001,video1/v01_20-16_f00541_t18.21_severe_blur,1,video1,540,00541,18.21,severe_blur,56,chair,False,False,,,,,False,still_missed
botsort_persist_3,video1/v01_20-16_f00541_t18.21_severe_blur/gt002,video1/v01_20-16_f00541_t18.21_severe_blur,2,video1,540,00541,18.21,severe_blur,56,chair,False,False,,,,,False,still_missed
botsort_persist_3,video1/v01_20-16_f00541_t18.21_severe_blur/gt003,video1/v01_20-16_f00541_t18.21_severe_blur,3,video1,540,00541,18.21,severe_blur,56,chair,False,False,,,,,False,still_missed
botsort_persist_3,video1/v01_20-16_f00541_t18.21_severe_blur/gt004,video1/v01_20-16_f00541_t18.21_severe_blur,4,video1,540,00541,18.21,severe_blur,60,dining table,False,False,,,,,False,still_missed
botsort_persist_5,video1/v01_20-16_f00541_t18.21_severe_blur/gt000,video1/v01_20-16_f00541_t18.21_severe_blur,0,video1,540,00541,18.21,severe_blur,56,chair,False,False,,,,,False,still_missed
botsort_persist_5,video1/v01_20-16_f00541_t18.21_severe_blur/gt001,video1/v01_20-16_f00541_t18.21_severe_blur,1,video1,540,00541,18.21,severe_blur,56,chair,False,False,,,,,False,still_missed
botsort_persist_5,video1/v01_20-16_f00541_t18.21_severe_blur/gt002,video1/v01_20-16_f00541_t18.21_severe_blur,2,video1,540,00541,18.21,severe_blur,56,chair,False,False,,,,,False,still_missed
botsort_persist_5,video1/v01_20-16_f00541_t18.21_severe_blur/gt003,video1/v01_20-16_f00541_t18.21_severe_blur,3,video1,540,00541,18.21,severe_blur,56,chair,False,False,,,,,False,still_missed
botsort_persist_5,video1/v01_20-16_f00541_t18.21_severe_blur/gt004,video1/v01_20-16_f00541_t18.21_severe_blur,4,video1,540,00541,18.21,severe_blur,60,dining table,False,False,,,,,False,still_missed
bytetrack,video2/v02_20-18_f00000_t00.00_clear/gt000,video2/v02_20-18_f00000_t00.00_clear,0,video2,0,00000,00.00,clear,56,chair,False,False,,,,,False,still_missed
bytetrack,video2/v02_20-18_f00000_t00.00_clear/gt001,video2/v02_20-18_f00000_t00.00_clear,1,video2,0,00000,00.00,clear,56,chair,False,False,,,,,False,still_missed
bytetrack,video2/v02_20-18_f00000_t00.00_clear/gt002,video2/v02_20-18_f00000_t00.00_clear,2,video2,0,00000,00.00,clear,56,chair,False,False,,,,,False,still_missed
bytetrack,video2/v02_20-18_f00000_t00.00_clear/gt003,video2/v02_20-18_f00000_t00.00_clear,3,video2,0,00000,00.00,clear,56,chair,False,False,,,,,False,still_missed
bytetrack,video2/v02_20-18_f00000_t00.00_clear/gt004,video2/v02_20-18_f00000_t00.00_clear,4,video2,0,00000,00.00,clear,60,dining table,False,False,,,,,False,still_missed
bytetrack_persist_1,video2/v02_20-18_f00000_t00.00_clear/gt000,video2/v02_20-18_f00000_t00.00_clear,0,video2,0,00000,00.00,clear,56,chair,False,False,,,,,False,still_missed
bytetrack_persist_1,video2/v02_20-18_f00000_t00.00_clear/gt001,video2/v02_20-18_f00000_t00.00_clear,1,video2,0,00000,00.00,clear,56,chair,False,False,,,,,False,still_missed
bytetrack_persist_1,video2/v02_20-18_f00000_t00.00_clear/gt002,video2/v02_20-18_f00000_t00.00_clear,2,video2,0,00000,00.00,clear,56,chair,False,False,,,,,False,still_missed
bytetrack_persist_1,video2/v02_20-18_f00000_t00.00_clear/gt003,video2/v02_20-18_f00000_t00.00_clear,3,video2,0,00000,00.00,clear,56,chair,False,False,,,,,False,still_missed
bytetrack_persist_1,video2/v02_20-18_f00000_t00.00_clear/gt004,video2/v02_20-18_f00000_t00.00_clear,4,video2,0,00000,00.00,clear,60,dining table,False,False,,,,,False,still_missed
bytetrack_persist_3,video2/v02_20-18_f00000_t00.00_clear/gt000,video2/v02_20-18_f00000_t00.00_clear,0,video2,0,00000,00.00,clear,56,chair,False,False,,,,,False,still_missed
bytetrack_persist_3,video2/v02_20-18_f00000_t00.00_clear/gt001,video2/v02_20-18_f00000_t00.00_clear,1,video2,0,00000,00.00,clear,56,chair,False,False,,,,,False,still_missed
bytetrack_persist_3,video2/v02_20-18_f00000_t00.00_clear/gt002,video2/v02_20-18_f00000_t00.00_clear,2,video2,0,00000,00.00,clear,56,chair,False,False,,,,,False,still_missed
bytetrack_persist_3,video2/v02_20-18_f00000_t00.00_clear/gt003,video2/v02_20-18_f00000_t00.00_clear,3,video2,0,00000,00.00,clear,56,chair,False,False,,,,,False,still_missed
bytetrack_persist_3,video2/v02_20-18_f00000_t00.00_clear/gt004,video2/v02_20-18_f00000_t00.00_clear,4,video2,0,00000,00.00,clear,60,dining table,False,False,,,,,False,still_missed
bytetrack_persist_5,video2/v02_20-18_f00000_t00.00_clear/gt000,video2/v02_20-18_f00000_t00.00_clear,0,video2,0,00000,00.00,clear,56,chair,False,False,,,,,False,still_missed
bytetrack_persist_5,video2/v02_20-18_f00000_t00.00_clear/gt001,video2/v02_20-18_f00000_t00.00_clear,1,video2,0,00000,00.00,clear,56,chair,False,False,,,,,False,still_missed
bytetrack_persist_5,video2/v02_20-18_f00000_t00.00_clear/gt002,video2/v02_20-18_f00000_t00.00_clear,2,video2,0,00000,00.00,clear,56,chair,False,False,,,,,False,still_missed
bytetrack_persist_5,video2/v02_20-18_f00000_t00.00_clear/gt003,video2/v02_20-18_f00000_t00.00_clear,3,video2,0,00000,00.00,clear,56,chair,False,False,,,,,False,still_missed
bytetrack_persist_5,video2/v02_20-18_f00000_t00.00_clear/gt004,video2/v02_20-18_f00000_t00.00_clear,4,video2,0,00000,00.00,clear,60,dining table,False,False,,,,,False,still_missed
botsort,video2/v02_20-18_f00000_t00.00_clear/gt000,video2/v02_20-18_f00000_t00.00_clear,0,video2,0,00000,00.00,clear,56,chair,False,False,,,,,False,still_missed
botsort,video2/v02_20-18_f00000_t00.00_clear/gt001,video2/v02_20-18_f00000_t00.00_clear,1,video2,0,00000,00.00,clear,56,chair,False,False,,,,,False,still_missed
botsort,video2/v02_20-18_f00000_t00.00_clear/gt002,video2/v02_20-18_f00000_t00.00_clear,2,video2,0,00000,00.00,clear,56,chair,False,False,,,,,False,still_missed
botsort,video2/v02_20-18_f00000_t00.00_clear/gt003,video2/v02_20-18_f00000_t00.00_clear,3,video2,0,00000,00.00,clear,56,chair,False,False,,,,,False,still_missed
botsort,video2/v02_20-18_f00000_t00.00_clear/gt004,video2/v02_20-18_f00000_t00.00_clear,4,video2,0,00000,00.00,clear,60,dining table,False,False,,,,,False,still_missed
botsort_persist_1,video2/v02_20-18_f00000_t00.00_clear/gt000,video2/v02_20-18_f00000_t00.00_clear,0,video2,0,00000,00.00,clear,56,chair,False,False,,,,,False,still_missed
botsort_persist_1,video2/v02_20-18_f00000_t00.00_clear/gt001,video2/v02_20-18_f00000_t00.00_clear,1,video2,0,00000,00.00,clear,56,chair,False,False,,,,,False,still_missed
botsort_persist_1,video2/v02_20-18_f00000_t00.00_clear/gt002,video2/v02_20-18_f00000_t00.00_clear,2,video2,0,00000,00.00,clear,56,chair,False,False,,,,,False,still_missed
botsort_persist_1,video2/v02_20-18_f00000_t00.00_clear/gt003,video2/v02_20-18_f00000_t00.00_clear,3,video2,0,00000,00.00,clear,56,chair,False,False,,,,,False,still_missed
botsort_persist_1,video2/v02_20-18_f00000_t00.00_clear/gt004,video2/v02_20-18_f00000_t00.00_clear,4,video2,0,00000,00.00,clear,60,dining table,False,False,,,,,False,still_missed
botsort_persist_3,video2/v02_20-18_f00000_t00.00_clear/gt000,video2/v02_20-18_f00000_t00.00_clear,0,video2,0,00000,00.00,clear,56,chair,False,False,,,,,False,still_missed
botsort_persist_3,video2/v02_20-18_f00000_t00.00_clear/gt001,video2/v02_20-18_f00000_t00.00_clear,1,video2,0,00000,00.00,clear,56,chair,False,False,,,,,False,still_missed
botsort_persist_3,video2/v02_20-18_f00000_t00.00_clear/gt002,video2/v02_20-18_f00000_t00.00_clear,2,video2,0,00000,00.00,clear,56,chair,False,False,,,,,False,still_missed
botsort_persist_3,video2/v02_20-18_f00000_t00.00_clear/gt003,video2/v02_20-18_f00000_t00.00_clear,3,video2,0,00000,00.00,clear,56,chair,False,False,,,,,False,still_missed
botsort_persist_3,video2/v02_20-18_f00000_t00.00_clear/gt004,video2/v02_20-18_f00000_t00.00_clear,4,video2,0,00000,00.00,clear,60,dining table,False,False,,,,,False,still_missed
botsort_persist_5,video2/v02_20-18_f00000_t00.00_clear/gt000,video2/v02_20-18_f00000_t00.00_clear,0,video2,0,00000,00.00,clear,56,chair,False,False,,,,,False,still_missed
botsort_persist_5,video2/v02_20-18_f00000_t00.00_clear/gt001,video2/v02_20-18_f00000_t00.00_clear,1,video2,0,00000,00.00,clear,56,chair,False,False,,,,,False,still_missed
botsort_persist_5,video2/v02_20-18_f00000_t00.00_clear/gt002,video2/v02_20-18_f00000_t00.00_clear,2,video2,0,00000,00.00,clear,56,chair,False,False,,,,,False,still_missed
botsort_persist_5,video2/v02_20-18_f00000_t00.00_clear/gt003,video2/v02_20-18_f00000_t00.00_clear,3,video2,0,00000,00.00,clear,56,chair,False,False,,,,,False,still_missed
botsort_persist_5,video2/v02_20-18_f00000_t00.00_clear/gt004,video2/v02_20-18_f00000_t00.00_clear,4,video2,0,00000,00.00,clear,60,dining table,False,False,,,,,False,still_missed
bytetrack,video2/v02_20-18_f00037_t01.23_moderate_blur/gt000,video2/v02_20-18_f00037_t01.23_moderate_blur,0,video2,37,00037,01.23,moderate_blur,56,chair,True,False,0.2438,,,,False,lost
bytetrack,video2/v02_20-18_f00037_t01.23_moderate_blur/gt001,video2/v02_20-18_f00037_t01.23_moderate_blur,1,video2,37,00037,01.23,moderate_blur,56,chair,True,False,0.2057,,,,False,lost
bytetrack,video2/v02_20-18_f00037_t01.23_moderate_blur/gt002,video2/v02_20-18_f00037_t01.23_moderate_blur,2,video2,37,00037,01.23,moderate_blur,56,chair,False,False,,,,,False,still_missed
bytetrack,video2/v02_20-18_f00037_t01.23_moderate_blur/gt003,video2/v02_20-18_f00037_t01.23_moderate_blur,3,video2,37,00037,01.23,moderate_blur,56,chair,False,False,,,,,False,still_missed
bytetrack,video2/v02_20-18_f00037_t01.23_moderate_blur/gt004,video2/v02_20-18_f00037_t01.23_moderate_blur,4,video2,37,00037,01.23,moderate_blur,60,dining table,False,False,,,,,False,still_missed
bytetrack,video2/v02_20-18_f00037_t01.23_moderate_blur/gt005,video2/v02_20-18_f00037_t01.23_moderate_blur,5,video2,37,00037,01.23,moderate_blur,56,chair,False,False,,,,,False,still_missed
bytetrack_persist_1,video2/v02_20-18_f00037_t01.23_moderate_blur/gt000,video2/v02_20-18_f00037_t01.23_moderate_blur,0,video2,37,00037,01.23,moderate_blur,56,chair,True,True,0.2438,0.2438,,0,False,both_detected
bytetrack_persist_1,video2/v02_20-18_f00037_t01.23_moderate_blur/gt001,video2/v02_20-18_f00037_t01.23_moderate_blur,1,video2,37,00037,01.23,moderate_blur,56,chair,True,True,0.2057,0.2057,,0,False,both_detected
bytetrack_persist_1,video2/v02_20-18_f00037_t01.23_moderate_blur/gt002,video2/v02_20-18_f00037_t01.23_moderate_blur,2,video2,37,00037,01.23,moderate_blur,56,chair,False,False,,,,,False,still_missed
bytetrack_persist_1,video2/v02_20-18_f00037_t01.23_moderate_blur/gt003,video2/v02_20-18_f00037_t01.23_moderate_blur,3,video2,37,00037,01.23,moderate_blur,56,chair,False,False,,,,,False,still_missed
bytetrack_persist_1,video2/v02_20-18_f00037_t01.23_moderate_blur/gt004,video2/v02_20-18_f00037_t01.23_moderate_blur,4,video2,37,00037,01.23,moderate_blur,60,dining table,False,False,,,,,False,still_missed
bytetrack_persist_1,video2/v02_20-18_f00037_t01.23_moderate_blur/gt005,video2/v02_20-18_f00037_t01.23_moderate_blur,5,video2,37,00037,01.23,moderate_blur,56,chair,False,False,,,,,False,still_missed
bytetrack_persist_3,video2/v02_20-18_f00037_t01.23_moderate_blur/gt000,video2/v02_20-18_f00037_t01.23_moderate_blur,0,video2,37,00037,01.23,moderate_blur,56,chair,True,True,0.2438,0.2438,,0,False,both_detected
bytetrack_persist_3,video2/v02_20-18_f00037_t01.23_moderate_blur/gt001,video2/v02_20-18_f00037_t01.23_moderate_blur,1,video2,37,00037,01.23,moderate_blur,56,chair,True,True,0.2057,0.2057,,0,False,both_detected
bytetrack_persist_3,video2/v02_20-18_f00037_t01.23_moderate_blur/gt002,video2/v02_20-18_f00037_t01.23_moderate_blur,2,video2,37,00037,01.23,moderate_blur,56,chair,False,False,,,,,False,still_missed
bytetrack_persist_3,video2/v02_20-18_f00037_t01.23_moderate_blur/gt003,video2/v02_20-18_f00037_t01.23_moderate_blur,3,video2,37,00037,01.23,moderate_blur,56,chair,False,False,,,,,False,still_missed
bytetrack_persist_3,video2/v02_20-18_f00037_t01.23_moderate_blur/gt004,video2/v02_20-18_f00037_t01.23_moderate_blur,4,video2,37,00037,01.23,moderate_blur,60,dining table,False,False,,,,,False,still_missed
bytetrack_persist_3,video2/v02_20-18_f00037_t01.23_moderate_blur/gt005,video2/v02_20-18_f00037_t01.23_moderate_blur,5,video2,37,00037,01.23,moderate_blur,56,chair,False,False,,,,,False,still_missed
bytetrack_persist_5,video2/v02_20-18_f00037_t01.23_moderate_blur/gt000,video2/v02_20-18_f00037_t01.23_moderate_blur,0,video2,37,00037,01.23,moderate_blur,56,chair,True,True,0.2438,0.2438,,0,False,both_detected
bytetrack_persist_5,video2/v02_20-18_f00037_t01.23_moderate_blur/gt001,video2/v02_20-18_f00037_t01.23_moderate_blur,1,video2,37,00037,01.23,moderate_blur,56,chair,True,True,0.2057,0.2057,,0,False,both_detected
bytetrack_persist_5,video2/v02_20-18_f00037_t01.23_moderate_blur/gt002,video2/v02_20-18_f00037_t01.23_moderate_blur,2,video2,37,00037,01.23,moderate_blur,56,chair,False,False,,,,,False,still_missed
bytetrack_persist_5,video2/v02_20-18_f00037_t01.23_moderate_blur/gt003,video2/v02_20-18_f00037_t01.23_moderate_blur,3,video2,37,00037,01.23,moderate_blur,56,chair,False,False,,,,,False,still_missed
bytetrack_persist_5,video2/v02_20-18_f00037_t01.23_moderate_blur/gt004,video2/v02_20-18_f00037_t01.23_moderate_blur,4,video2,37,00037,01.23,moderate_blur,60,dining table,False,False,,,,,False,still_missed
bytetrack_persist_5,video2/v02_20-18_f00037_t01.23_moderate_blur/gt005,video2/v02_20-18_f00037_t01.23_moderate_blur,5,video2,37,00037,01.23,moderate_blur,56,chair,False,False,,,,,False,still_missed
botsort,video2/v02_20-18_f00037_t01.23_moderate_blur/gt000,video2/v02_20-18_f00037_t01.23_moderate_blur,0,video2,37,00037,01.23,moderate_blur,56,chair,True,False,0.2438,,,,False,lost
botsort,video2/v02_20-18_f00037_t01.23_moderate_blur/gt001,video2/v02_20-18_f00037_t01.23_moderate_blur,1,video2,37,00037,01.23,moderate_blur,56,chair,True,False,0.2057,,,,False,lost
botsort,video2/v02_20-18_f00037_t01.23_moderate_blur/gt002,video2/v02_20-18_f00037_t01.23_moderate_blur,2,video2,37,00037,01.23,moderate_blur,56,chair,False,False,,,,,False,still_missed
botsort,video2/v02_20-18_f00037_t01.23_moderate_blur/gt003,video2/v02_20-18_f00037_t01.23_moderate_blur,3,video2,37,00037,01.23,moderate_blur,56,chair,False,False,,,,,False,still_missed
botsort,video2/v02_20-18_f00037_t01.23_moderate_blur/gt004,video2/v02_20-18_f00037_t01.23_moderate_blur,4,video2,37,00037,01.23,moderate_blur,60,dining table,False,False,,,,,False,still_missed
botsort,video2/v02_20-18_f00037_t01.23_moderate_blur/gt005,video2/v02_20-18_f00037_t01.23_moderate_blur,5,video2,37,00037,01.23,moderate_blur,56,chair,False,False,,,,,False,still_missed
botsort_persist_1,video2/v02_20-18_f00037_t01.23_moderate_blur/gt000,video2/v02_20-18_f00037_t01.23_moderate_blur,0,video2,37,00037,01.23,moderate_blur,56,chair,True,True,0.2438,0.2438,,0,False,both_detected
botsort_persist_1,video2/v02_20-18_f00037_t01.23_moderate_blur/gt001,video2/v02_20-18_f00037_t01.23_moderate_blur,1,video2,37,00037,01.23,moderate_blur,56,chair,True,True,0.2057,0.2057,,0,False,both_detected
botsort_persist_1,video2/v02_20-18_f00037_t01.23_moderate_blur/gt002,video2/v02_20-18_f00037_t01.23_moderate_blur,2,video2,37,00037,01.23,moderate_blur,56,chair,False,False,,,,,False,still_missed
botsort_persist_1,video2/v02_20-18_f00037_t01.23_moderate_blur/gt003,video2/v02_20-18_f00037_t01.23_moderate_blur,3,video2,37,00037,01.23,moderate_blur,56,chair,False,False,,,,,False,still_missed
botsort_persist_1,video2/v02_20-18_f00037_t01.23_moderate_blur/gt004,video2/v02_20-18_f00037_t01.23_moderate_blur,4,video2,37,00037,01.23,moderate_blur,60,dining table,False,False,,,,,False,still_missed
botsort_persist_1,video2/v02_20-18_f00037_t01.23_moderate_blur/gt005,video2/v02_20-18_f00037_t01.23_moderate_blur,5,video2,37,00037,01.23,moderate_blur,56,chair,False,False,,,,,False,still_missed
botsort_persist_3,video2/v02_20-18_f00037_t01.23_moderate_blur/gt000,video2/v02_20-18_f00037_t01.23_moderate_blur,0,video2,37,00037,01.23,moderate_blur,56,chair,True,True,0.2438,0.2438,,0,False,both_detected
botsort_persist_3,video2/v02_20-18_f00037_t01.23_moderate_blur/gt001,video2/v02_20-18_f00037_t01.23_moderate_blur,1,video2,37,00037,01.23,moderate_blur,56,chair,True,True,0.2057,0.2057,,0,False,both_detected
botsort_persist_3,video2/v02_20-18_f00037_t01.23_moderate_blur/gt002,video2/v02_20-18_f00037_t01.23_moderate_blur,2,video2,37,00037,01.23,moderate_blur,56,chair,False,False,,,,,False,still_missed
botsort_persist_3,video2/v02_20-18_f00037_t01.23_moderate_blur/gt003,video2/v02_20-18_f00037_t01.23_moderate_blur,3,video2,37,00037,01.23,moderate_blur,56,chair,False,False,,,,,False,still_missed
botsort_persist_3,video2/v02_20-18_f00037_t01.23_moderate_blur/gt004,video2/v02_20-18_f00037_t01.23_moderate_blur,4,video2,37,00037,01.23,moderate_blur,60,dining table,False,False,,,,,False,still_missed
botsort_persist_3,video2/v02_20-18_f00037_t01.23_moderate_blur/gt005,video2/v02_20-18_f00037_t01.23_moderate_blur,5,video2,37,00037,01.23,moderate_blur,56,chair,False,False,,,,,False,still_missed
botsort_persist_5,video2/v02_20-18_f00037_t01.23_moderate_blur/gt000,video2/v02_20-18_f00037_t01.23_moderate_blur,0,video2,37,00037,01.23,moderate_blur,56,chair,True,True,0.2438,0.2438,,0,False,both_detected
botsort_persist_5,video2/v02_20-18_f00037_t01.23_moderate_blur/gt001,video2/v02_20-18_f00037_t01.23_moderate_blur,1,video2,37,00037,01.23,moderate_blur,56,chair,True,True,0.2057,0.2057,,0,False,both_detected
botsort_persist_5,video2/v02_20-18_f00037_t01.23_moderate_blur/gt002,video2/v02_20-18_f00037_t01.23_moderate_blur,2,video2,37,00037,01.23,moderate_blur,56,chair,False,False,,,,,False,still_missed
botsort_persist_5,video2/v02_20-18_f00037_t01.23_moderate_blur/gt003,video2/v02_20-18_f00037_t01.23_moderate_blur,3,video2,37,00037,01.23,moderate_blur,56,chair,False,False,,,,,False,still_missed
botsort_persist_5,video2/v02_20-18_f00037_t01.23_moderate_blur/gt004,video2/v02_20-18_f00037_t01.23_moderate_blur,4,video2,37,00037,01.23,moderate_blur,60,dining table,False,False,,,,,False,still_missed
botsort_persist_5,video2/v02_20-18_f00037_t01.23_moderate_blur/gt005,video2/v02_20-18_f00037_t01.23_moderate_blur,5,video2,37,00037,01.23,moderate_blur,56,chair,False,False,,,,,False,still_missed
bytetrack,video2/v02_20-18_f00113_t03.77_clear/gt000,video2/v02_20-18_f00113_t03.77_clear,0,video2,113,00113,03.77,clear,56,chair,False,False,,,,,False,still_missed
bytetrack,video2/v02_20-18_f00113_t03.77_clear/gt001,video2/v02_20-18_f00113_t03.77_clear,1,video2,113,00113,03.77,clear,60,dining table,False,False,,,,,False,still_missed
bytetrack_persist_1,video2/v02_20-18_f00113_t03.77_clear/gt000,video2/v02_20-18_f00113_t03.77_clear,0,video2,113,00113,03.77,clear,56,chair,False,False,,,,,False,still_missed
bytetrack_persist_1,video2/v02_20-18_f00113_t03.77_clear/gt001,video2/v02_20-18_f00113_t03.77_clear,1,video2,113,00113,03.77,clear,60,dining table,False,False,,,,,False,still_missed
bytetrack_persist_3,video2/v02_20-18_f00113_t03.77_clear/gt000,video2/v02_20-18_f00113_t03.77_clear,0,video2,113,00113,03.77,clear,56,chair,False,False,,,,,False,still_missed
bytetrack_persist_3,video2/v02_20-18_f00113_t03.77_clear/gt001,video2/v02_20-18_f00113_t03.77_clear,1,video2,113,00113,03.77,clear,60,dining table,False,False,,,,,False,still_missed
bytetrack_persist_5,video2/v02_20-18_f00113_t03.77_clear/gt000,video2/v02_20-18_f00113_t03.77_clear,0,video2,113,00113,03.77,clear,56,chair,False,False,,,,,False,still_missed
bytetrack_persist_5,video2/v02_20-18_f00113_t03.77_clear/gt001,video2/v02_20-18_f00113_t03.77_clear,1,video2,113,00113,03.77,clear,60,dining table,False,False,,,,,False,still_missed
botsort,video2/v02_20-18_f00113_t03.77_clear/gt000,video2/v02_20-18_f00113_t03.77_clear,0,video2,113,00113,03.77,clear,56,chair,False,False,,,,,False,still_missed
botsort,video2/v02_20-18_f00113_t03.77_clear/gt001,video2/v02_20-18_f00113_t03.77_clear,1,video2,113,00113,03.77,clear,60,dining table,False,False,,,,,False,still_missed
botsort_persist_1,video2/v02_20-18_f00113_t03.77_clear/gt000,video2/v02_20-18_f00113_t03.77_clear,0,video2,113,00113,03.77,clear,56,chair,False,False,,,,,False,still_missed
botsort_persist_1,video2/v02_20-18_f00113_t03.77_clear/gt001,video2/v02_20-18_f00113_t03.77_clear,1,video2,113,00113,03.77,clear,60,dining table,False,False,,,,,False,still_missed
botsort_persist_3,video2/v02_20-18_f00113_t03.77_clear/gt000,video2/v02_20-18_f00113_t03.77_clear,0,video2,113,00113,03.77,clear,56,chair,False,False,,,,,False,still_missed
botsort_persist_3,video2/v02_20-18_f00113_t03.77_clear/gt001,video2/v02_20-18_f00113_t03.77_clear,1,video2,113,00113,03.77,clear,60,dining table,False,False,,,,,False,still_missed
botsort_persist_5,video2/v02_20-18_f00113_t03.77_clear/gt000,video2/v02_20-18_f00113_t03.77_clear,0,video2,113,00113,03.77,clear,56,chair,False,False,,,,,False,still_missed
botsort_persist_5,video2/v02_20-18_f00113_t03.77_clear/gt001,video2/v02_20-18_f00113_t03.77_clear,1,video2,113,00113,03.77,clear,60,dining table,False,False,,,,,False,still_missed
bytetrack,video2/v02_20-18_f00151_t05.03_moderate_blur/gt000,video2/v02_20-18_f00151_t05.03_moderate_blur,0,video2,151,00151,05.03,moderate_blur,56,chair,False,False,,,,,False,still_missed
bytetrack,video2/v02_20-18_f00151_t05.03_moderate_blur/gt001,video2/v02_20-18_f00151_t05.03_moderate_blur,1,video2,151,00151,05.03,moderate_blur,56,chair,False,False,,,,,False,still_missed
bytetrack,video2/v02_20-18_f00151_t05.03_moderate_blur/gt002,video2/v02_20-18_f00151_t05.03_moderate_blur,2,video2,151,00151,05.03,moderate_blur,56,chair,False,False,,,,,False,still_missed
bytetrack,video2/v02_20-18_f00151_t05.03_moderate_blur/gt003,video2/v02_20-18_f00151_t05.03_moderate_blur,3,video2,151,00151,05.03,moderate_blur,56,chair,False,False,,,,,False,still_missed
bytetrack,video2/v02_20-18_f00151_t05.03_moderate_blur/gt004,video2/v02_20-18_f00151_t05.03_moderate_blur,4,video2,151,00151,05.03,moderate_blur,60,dining table,False,False,,,,,False,still_missed
bytetrack_persist_1,video2/v02_20-18_f00151_t05.03_moderate_blur/gt000,video2/v02_20-18_f00151_t05.03_moderate_blur,0,video2,151,00151,05.03,moderate_blur,56,chair,False,False,,,,,False,still_missed
bytetrack_persist_1,video2/v02_20-18_f00151_t05.03_moderate_blur/gt001,video2/v02_20-18_f00151_t05.03_moderate_blur,1,video2,151,00151,05.03,moderate_blur,56,chair,False,False,,,,,False,still_missed
bytetrack_persist_1,video2/v02_20-18_f00151_t05.03_moderate_blur/gt002,video2/v02_20-18_f00151_t05.03_moderate_blur,2,video2,151,00151,05.03,moderate_blur,56,chair,False,True,,0.3711,21,1,True,rescued
bytetrack_persist_1,video2/v02_20-18_f00151_t05.03_moderate_blur/gt003,video2/v02_20-18_f00151_t05.03_moderate_blur,3,video2,151,00151,05.03,moderate_blur,56,chair,False,False,,,,,False,still_missed
bytetrack_persist_1,video2/v02_20-18_f00151_t05.03_moderate_blur/gt004,video2/v02_20-18_f00151_t05.03_moderate_blur,4,video2,151,00151,05.03,moderate_blur,60,dining table,False,False,,,,,False,still_missed
bytetrack_persist_3,video2/v02_20-18_f00151_t05.03_moderate_blur/gt000,video2/v02_20-18_f00151_t05.03_moderate_blur,0,video2,151,00151,05.03,moderate_blur,56,chair,False,False,,,,,False,still_missed
bytetrack_persist_3,video2/v02_20-18_f00151_t05.03_moderate_blur/gt001,video2/v02_20-18_f00151_t05.03_moderate_blur,1,video2,151,00151,05.03,moderate_blur,56,chair,False,False,,,,,False,still_missed
bytetrack_persist_3,video2/v02_20-18_f00151_t05.03_moderate_blur/gt002,video2/v02_20-18_f00151_t05.03_moderate_blur,2,video2,151,00151,05.03,moderate_blur,56,chair,False,True,,0.3711,21,1,True,rescued
bytetrack_persist_3,video2/v02_20-18_f00151_t05.03_moderate_blur/gt003,video2/v02_20-18_f00151_t05.03_moderate_blur,3,video2,151,00151,05.03,moderate_blur,56,chair,False,False,,,,,False,still_missed
bytetrack_persist_3,video2/v02_20-18_f00151_t05.03_moderate_blur/gt004,video2/v02_20-18_f00151_t05.03_moderate_blur,4,video2,151,00151,05.03,moderate_blur,60,dining table,False,False,,,,,False,still_missed
bytetrack_persist_5,video2/v02_20-18_f00151_t05.03_moderate_blur/gt000,video2/v02_20-18_f00151_t05.03_moderate_blur,0,video2,151,00151,05.03,moderate_blur,56,chair,False,False,,,,,False,still_missed
bytetrack_persist_5,video2/v02_20-18_f00151_t05.03_moderate_blur/gt001,video2/v02_20-18_f00151_t05.03_moderate_blur,1,video2,151,00151,05.03,moderate_blur,56,chair,False,False,,,,,False,still_missed
bytetrack_persist_5,video2/v02_20-18_f00151_t05.03_moderate_blur/gt002,video2/v02_20-18_f00151_t05.03_moderate_blur,2,video2,151,00151,05.03,moderate_blur,56,chair,False,True,,0.3711,21,1,True,rescued
bytetrack_persist_5,video2/v02_20-18_f00151_t05.03_moderate_blur/gt003,video2/v02_20-18_f00151_t05.03_moderate_blur,3,video2,151,00151,05.03,moderate_blur,56,chair,False,False,,,,,False,still_missed
bytetrack_persist_5,video2/v02_20-18_f00151_t05.03_moderate_blur/gt004,video2/v02_20-18_f00151_t05.03_moderate_blur,4,video2,151,00151,05.03,moderate_blur,60,dining table,False,False,,,,,False,still_missed
botsort,video2/v02_20-18_f00151_t05.03_moderate_blur/gt000,video2/v02_20-18_f00151_t05.03_moderate_blur,0,video2,151,00151,05.03,moderate_blur,56,chair,False,False,,,,,False,still_missed
botsort,video2/v02_20-18_f00151_t05.03_moderate_blur/gt001,video2/v02_20-18_f00151_t05.03_moderate_blur,1,video2,151,00151,05.03,moderate_blur,56,chair,False,False,,,,,False,still_missed
botsort,video2/v02_20-18_f00151_t05.03_moderate_blur/gt002,video2/v02_20-18_f00151_t05.03_moderate_blur,2,video2,151,00151,05.03,moderate_blur,56,chair,False,False,,,,,False,still_missed
botsort,video2/v02_20-18_f00151_t05.03_moderate_blur/gt003,video2/v02_20-18_f00151_t05.03_moderate_blur,3,video2,151,00151,05.03,moderate_blur,56,chair,False,False,,,,,False,still_missed
botsort,video2/v02_20-18_f00151_t05.03_moderate_blur/gt004,video2/v02_20-18_f00151_t05.03_moderate_blur,4,video2,151,00151,05.03,moderate_blur,60,dining table,False,False,,,,,False,still_missed
botsort_persist_1,video2/v02_20-18_f00151_t05.03_moderate_blur/gt000,video2/v02_20-18_f00151_t05.03_moderate_blur,0,video2,151,00151,05.03,moderate_blur,56,chair,False,False,,,,,False,still_missed
botsort_persist_1,video2/v02_20-18_f00151_t05.03_moderate_blur/gt001,video2/v02_20-18_f00151_t05.03_moderate_blur,1,video2,151,00151,05.03,moderate_blur,56,chair,False,False,,,,,False,still_missed
botsort_persist_1,video2/v02_20-18_f00151_t05.03_moderate_blur/gt002,video2/v02_20-18_f00151_t05.03_moderate_blur,2,video2,151,00151,05.03,moderate_blur,56,chair,False,True,,0.3711,22,1,True,rescued
botsort_persist_1,video2/v02_20-18_f00151_t05.03_moderate_blur/gt003,video2/v02_20-18_f00151_t05.03_moderate_blur,3,video2,151,00151,05.03,moderate_blur,56,chair,False,False,,,,,False,still_missed
botsort_persist_1,video2/v02_20-18_f00151_t05.03_moderate_blur/gt004,video2/v02_20-18_f00151_t05.03_moderate_blur,4,video2,151,00151,05.03,moderate_blur,60,dining table,False,False,,,,,False,still_missed
botsort_persist_3,video2/v02_20-18_f00151_t05.03_moderate_blur/gt000,video2/v02_20-18_f00151_t05.03_moderate_blur,0,video2,151,00151,05.03,moderate_blur,56,chair,False,False,,,,,False,still_missed
botsort_persist_3,video2/v02_20-18_f00151_t05.03_moderate_blur/gt001,video2/v02_20-18_f00151_t05.03_moderate_blur,1,video2,151,00151,05.03,moderate_blur,56,chair,False,False,,,,,False,still_missed
botsort_persist_3,video2/v02_20-18_f00151_t05.03_moderate_blur/gt002,video2/v02_20-18_f00151_t05.03_moderate_blur,2,video2,151,00151,05.03,moderate_blur,56,chair,False,True,,0.3711,22,1,True,rescued
botsort_persist_3,video2/v02_20-18_f00151_t05.03_moderate_blur/gt003,video2/v02_20-18_f00151_t05.03_moderate_blur,3,video2,151,00151,05.03,moderate_blur,56,chair,False,False,,,,,False,still_missed
botsort_persist_3,video2/v02_20-18_f00151_t05.03_moderate_blur/gt004,video2/v02_20-18_f00151_t05.03_moderate_blur,4,video2,151,00151,05.03,moderate_blur,60,dining table,False,False,,,,,False,still_missed
botsort_persist_5,video2/v02_20-18_f00151_t05.03_moderate_blur/gt000,video2/v02_20-18_f00151_t05.03_moderate_blur,0,video2,151,00151,05.03,moderate_blur,56,chair,False,False,,,,,False,still_missed
botsort_persist_5,video2/v02_20-18_f00151_t05.03_moderate_blur/gt001,video2/v02_20-18_f00151_t05.03_moderate_blur,1,video2,151,00151,05.03,moderate_blur,56,chair,False,False,,,,,False,still_missed
botsort_persist_5,video2/v02_20-18_f00151_t05.03_moderate_blur/gt002,video2/v02_20-18_f00151_t05.03_moderate_blur,2,video2,151,00151,05.03,moderate_blur,56,chair,False,True,,0.3711,22,1,True,rescued
botsort_persist_5,video2/v02_20-18_f00151_t05.03_moderate_blur/gt003,video2/v02_20-18_f00151_t05.03_moderate_blur,3,video2,151,00151,05.03,moderate_blur,56,chair,False,False,,,,,False,still_missed
botsort_persist_5,video2/v02_20-18_f00151_t05.03_moderate_blur/gt004,video2/v02_20-18_f00151_t05.03_moderate_blur,4,video2,151,00151,05.03,moderate_blur,60,dining table,False,False,,,,,False,still_missed
bytetrack,video2/v02_20-18_f00189_t06.30_severe_blur/gt000,video2/v02_20-18_f00189_t06.30_severe_blur,0,video2,189,00189,06.30,severe_blur,56,chair,False,False,,,,,False,still_missed
bytetrack,video2/v02_20-18_f00189_t06.30_severe_blur/gt001,video2/v02_20-18_f00189_t06.30_severe_blur,1,video2,189,00189,06.30,severe_blur,56,chair,False,False,,,,,False,still_missed
bytetrack_persist_1,video2/v02_20-18_f00189_t06.30_severe_blur/gt000,video2/v02_20-18_f00189_t06.30_severe_blur,0,video2,189,00189,06.30,severe_blur,56,chair,False,False,,,,,False,still_missed
bytetrack_persist_1,video2/v02_20-18_f00189_t06.30_severe_blur/gt001,video2/v02_20-18_f00189_t06.30_severe_blur,1,video2,189,00189,06.30,severe_blur,56,chair,False,False,,,,,False,still_missed
bytetrack_persist_3,video2/v02_20-18_f00189_t06.30_severe_blur/gt000,video2/v02_20-18_f00189_t06.30_severe_blur,0,video2,189,00189,06.30,severe_blur,56,chair,False,False,,,,,False,still_missed
bytetrack_persist_3,video2/v02_20-18_f00189_t06.30_severe_blur/gt001,video2/v02_20-18_f00189_t06.30_severe_blur,1,video2,189,00189,06.30,severe_blur,56,chair,False,False,,,,,False,still_missed
bytetrack_persist_5,video2/v02_20-18_f00189_t06.30_severe_blur/gt000,video2/v02_20-18_f00189_t06.30_severe_blur,0,video2,189,00189,06.30,severe_blur,56,chair,False,False,,,,,False,still_missed
bytetrack_persist_5,video2/v02_20-18_f00189_t06.30_severe_blur/gt001,video2/v02_20-18_f00189_t06.30_severe_blur,1,video2,189,00189,06.30,severe_blur,56,chair,False,False,,,,,False,still_missed
botsort,video2/v02_20-18_f00189_t06.30_severe_blur/gt000,video2/v02_20-18_f00189_t06.30_severe_blur,0,video2,189,00189,06.30,severe_blur,56,chair,False,False,,,,,False,still_missed
botsort,video2/v02_20-18_f00189_t06.30_severe_blur/gt001,video2/v02_20-18_f00189_t06.30_severe_blur,1,video2,189,00189,06.30,severe_blur,56,chair,False,False,,,,,False,still_missed
botsort_persist_1,video2/v02_20-18_f00189_t06.30_severe_blur/gt000,video2/v02_20-18_f00189_t06.30_severe_blur,0,video2,189,00189,06.30,severe_blur,56,chair,False,False,,,,,False,still_missed
botsort_persist_1,video2/v02_20-18_f00189_t06.30_severe_blur/gt001,video2/v02_20-18_f00189_t06.30_severe_blur,1,video2,189,00189,06.30,severe_blur,56,chair,False,False,,,,,False,still_missed
botsort_persist_3,video2/v02_20-18_f00189_t06.30_severe_blur/gt000,video2/v02_20-18_f00189_t06.30_severe_blur,0,video2,189,00189,06.30,severe_blur,56,chair,False,False,,,,,False,still_missed
botsort_persist_3,video2/v02_20-18_f00189_t06.30_severe_blur/gt001,video2/v02_20-18_f00189_t06.30_severe_blur,1,video2,189,00189,06.30,severe_blur,56,chair,False,False,,,,,False,still_missed
botsort_persist_5,video2/v02_20-18_f00189_t06.30_severe_blur/gt000,video2/v02_20-18_f00189_t06.30_severe_blur,0,video2,189,00189,06.30,severe_blur,56,chair,False,False,,,,,False,still_missed
botsort_persist_5,video2/v02_20-18_f00189_t06.30_severe_blur/gt001,video2/v02_20-18_f00189_t06.30_severe_blur,1,video2,189,00189,06.30,severe_blur,56,chair,False,False,,,,,False,still_missed
bytetrack,video2/v02_20-18_f00264_t08.80_moderate_blur/gt000,video2/v02_20-18_f00264_t08.80_moderate_blur,0,video2,264,00264,08.80,moderate_blur,56,chair,False,False,,,,,False,still_missed
bytetrack,video2/v02_20-18_f00264_t08.80_moderate_blur/gt001,video2/v02_20-18_f00264_t08.80_moderate_blur,1,video2,264,00264,08.80,moderate_blur,60,dining table,False,False,,,,,False,still_missed
bytetrack,video2/v02_20-18_f00264_t08.80_moderate_blur/gt002,video2/v02_20-18_f00264_t08.80_moderate_blur,2,video2,264,00264,08.80,moderate_blur,56,chair,False,False,,,,,False,still_missed
bytetrack_persist_1,video2/v02_20-18_f00264_t08.80_moderate_blur/gt000,video2/v02_20-18_f00264_t08.80_moderate_blur,0,video2,264,00264,08.80,moderate_blur,56,chair,False,False,,,,,False,still_missed
bytetrack_persist_1,video2/v02_20-18_f00264_t08.80_moderate_blur/gt001,video2/v02_20-18_f00264_t08.80_moderate_blur,1,video2,264,00264,08.80,moderate_blur,60,dining table,False,False,,,,,False,still_missed
bytetrack_persist_1,video2/v02_20-18_f00264_t08.80_moderate_blur/gt002,video2/v02_20-18_f00264_t08.80_moderate_blur,2,video2,264,00264,08.80,moderate_blur,56,chair,False,False,,,,,False,still_missed
bytetrack_persist_3,video2/v02_20-18_f00264_t08.80_moderate_blur/gt000,video2/v02_20-18_f00264_t08.80_moderate_blur,0,video2,264,00264,08.80,moderate_blur,56,chair,False,False,,,,,False,still_missed
bytetrack_persist_3,video2/v02_20-18_f00264_t08.80_moderate_blur/gt001,video2/v02_20-18_f00264_t08.80_moderate_blur,1,video2,264,00264,08.80,moderate_blur,60,dining table,False,False,,,,,False,still_missed
bytetrack_persist_3,video2/v02_20-18_f00264_t08.80_moderate_blur/gt002,video2/v02_20-18_f00264_t08.80_moderate_blur,2,video2,264,00264,08.80,moderate_blur,56,chair,False,False,,,,,False,still_missed
bytetrack_persist_5,video2/v02_20-18_f00264_t08.80_moderate_blur/gt000,video2/v02_20-18_f00264_t08.80_moderate_blur,0,video2,264,00264,08.80,moderate_blur,56,chair,False,False,,,,,False,still_missed
bytetrack_persist_5,video2/v02_20-18_f00264_t08.80_moderate_blur/gt001,video2/v02_20-18_f00264_t08.80_moderate_blur,1,video2,264,00264,08.80,moderate_blur,60,dining table,False,False,,,,,False,still_missed
bytetrack_persist_5,video2/v02_20-18_f00264_t08.80_moderate_blur/gt002,video2/v02_20-18_f00264_t08.80_moderate_blur,2,video2,264,00264,08.80,moderate_blur,56,chair,False,False,,,,,False,still_missed
botsort,video2/v02_20-18_f00264_t08.80_moderate_blur/gt000,video2/v02_20-18_f00264_t08.80_moderate_blur,0,video2,264,00264,08.80,moderate_blur,56,chair,False,False,,,,,False,still_missed
botsort,video2/v02_20-18_f00264_t08.80_moderate_blur/gt001,video2/v02_20-18_f00264_t08.80_moderate_blur,1,video2,264,00264,08.80,moderate_blur,60,dining table,False,False,,,,,False,still_missed
botsort,video2/v02_20-18_f00264_t08.80_moderate_blur/gt002,video2/v02_20-18_f00264_t08.80_moderate_blur,2,video2,264,00264,08.80,moderate_blur,56,chair,False,False,,,,,False,still_missed
botsort_persist_1,video2/v02_20-18_f00264_t08.80_moderate_blur/gt000,video2/v02_20-18_f00264_t08.80_moderate_blur,0,video2,264,00264,08.80,moderate_blur,56,chair,False,False,,,,,False,still_missed
botsort_persist_1,video2/v02_20-18_f00264_t08.80_moderate_blur/gt001,video2/v02_20-18_f00264_t08.80_moderate_blur,1,video2,264,00264,08.80,moderate_blur,60,dining table,False,False,,,,,False,still_missed
botsort_persist_1,video2/v02_20-18_f00264_t08.80_moderate_blur/gt002,video2/v02_20-18_f00264_t08.80_moderate_blur,2,video2,264,00264,08.80,moderate_blur,56,chair,False,False,,,,,False,still_missed
botsort_persist_3,video2/v02_20-18_f00264_t08.80_moderate_blur/gt000,video2/v02_20-18_f00264_t08.80_moderate_blur,0,video2,264,00264,08.80,moderate_blur,56,chair,False,False,,,,,False,still_missed
botsort_persist_3,video2/v02_20-18_f00264_t08.80_moderate_blur/gt001,video2/v02_20-18_f00264_t08.80_moderate_blur,1,video2,264,00264,08.80,moderate_blur,60,dining table,False,False,,,,,False,still_missed
botsort_persist_3,video2/v02_20-18_f00264_t08.80_moderate_blur/gt002,video2/v02_20-18_f00264_t08.80_moderate_blur,2,video2,264,00264,08.80,moderate_blur,56,chair,False,False,,,,,False,still_missed
botsort_persist_5,video2/v02_20-18_f00264_t08.80_moderate_blur/gt000,video2/v02_20-18_f00264_t08.80_moderate_blur,0,video2,264,00264,08.80,moderate_blur,56,chair,False,False,,,,,False,still_missed
botsort_persist_5,video2/v02_20-18_f00264_t08.80_moderate_blur/gt001,video2/v02_20-18_f00264_t08.80_moderate_blur,1,video2,264,00264,08.80,moderate_blur,60,dining table,False,False,,,,,False,still_missed
botsort_persist_5,video2/v02_20-18_f00264_t08.80_moderate_blur/gt002,video2/v02_20-18_f00264_t08.80_moderate_blur,2,video2,264,00264,08.80,moderate_blur,56,chair,False,False,,,,,False,still_missed
bytetrack,video2/v02_20-18_f00340_t11.33_clear/gt000,video2/v02_20-18_f00340_t11.33_clear,0,video2,340,00340,11.33,clear,56,chair,True,True,0.4917,0.4425,51,0,False,both_detected
bytetrack,video2/v02_20-18_f00340_t11.33_clear/gt001,video2/v02_20-18_f00340_t11.33_clear,1,video2,340,00340,11.33,clear,56,chair,False,False,,,,,False,still_missed
bytetrack,video2/v02_20-18_f00340_t11.33_clear/gt002,video2/v02_20-18_f00340_t11.33_clear,2,video2,340,00340,11.33,clear,56,chair,False,False,,,,,False,still_missed
bytetrack,video2/v02_20-18_f00340_t11.33_clear/gt003,video2/v02_20-18_f00340_t11.33_clear,3,video2,340,00340,11.33,clear,56,chair,False,False,,,,,False,still_missed
bytetrack,video2/v02_20-18_f00340_t11.33_clear/gt004,video2/v02_20-18_f00340_t11.33_clear,4,video2,340,00340,11.33,clear,60,dining table,False,False,,,,,False,still_missed
bytetrack_persist_1,video2/v02_20-18_f00340_t11.33_clear/gt000,video2/v02_20-18_f00340_t11.33_clear,0,video2,340,00340,11.33,clear,56,chair,True,True,0.4917,0.4917,,0,False,both_detected
bytetrack_persist_1,video2/v02_20-18_f00340_t11.33_clear/gt001,video2/v02_20-18_f00340_t11.33_clear,1,video2,340,00340,11.33,clear,56,chair,False,False,,,,,False,still_missed
bytetrack_persist_1,video2/v02_20-18_f00340_t11.33_clear/gt002,video2/v02_20-18_f00340_t11.33_clear,2,video2,340,00340,11.33,clear,56,chair,False,False,,,,,False,still_missed
bytetrack_persist_1,video2/v02_20-18_f00340_t11.33_clear/gt003,video2/v02_20-18_f00340_t11.33_clear,3,video2,340,00340,11.33,clear,56,chair,False,False,,,,,False,still_missed
bytetrack_persist_1,video2/v02_20-18_f00340_t11.33_clear/gt004,video2/v02_20-18_f00340_t11.33_clear,4,video2,340,00340,11.33,clear,60,dining table,False,False,,,,,False,still_missed
bytetrack_persist_3,video2/v02_20-18_f00340_t11.33_clear/gt000,video2/v02_20-18_f00340_t11.33_clear,0,video2,340,00340,11.33,clear,56,chair,True,True,0.4917,0.4917,,0,False,both_detected
bytetrack_persist_3,video2/v02_20-18_f00340_t11.33_clear/gt001,video2/v02_20-18_f00340_t11.33_clear,1,video2,340,00340,11.33,clear,56,chair,False,False,,,,,False,still_missed
bytetrack_persist_3,video2/v02_20-18_f00340_t11.33_clear/gt002,video2/v02_20-18_f00340_t11.33_clear,2,video2,340,00340,11.33,clear,56,chair,False,False,,,,,False,still_missed
bytetrack_persist_3,video2/v02_20-18_f00340_t11.33_clear/gt003,video2/v02_20-18_f00340_t11.33_clear,3,video2,340,00340,11.33,clear,56,chair,False,False,,,,,False,still_missed
bytetrack_persist_3,video2/v02_20-18_f00340_t11.33_clear/gt004,video2/v02_20-18_f00340_t11.33_clear,4,video2,340,00340,11.33,clear,60,dining table,False,False,,,,,False,still_missed
bytetrack_persist_5,video2/v02_20-18_f00340_t11.33_clear/gt000,video2/v02_20-18_f00340_t11.33_clear,0,video2,340,00340,11.33,clear,56,chair,True,True,0.4917,0.4917,,0,False,both_detected
bytetrack_persist_5,video2/v02_20-18_f00340_t11.33_clear/gt001,video2/v02_20-18_f00340_t11.33_clear,1,video2,340,00340,11.33,clear,56,chair,False,False,,,,,False,still_missed
bytetrack_persist_5,video2/v02_20-18_f00340_t11.33_clear/gt002,video2/v02_20-18_f00340_t11.33_clear,2,video2,340,00340,11.33,clear,56,chair,False,False,,,,,False,still_missed
bytetrack_persist_5,video2/v02_20-18_f00340_t11.33_clear/gt003,video2/v02_20-18_f00340_t11.33_clear,3,video2,340,00340,11.33,clear,56,chair,False,False,,,,,False,still_missed
bytetrack_persist_5,video2/v02_20-18_f00340_t11.33_clear/gt004,video2/v02_20-18_f00340_t11.33_clear,4,video2,340,00340,11.33,clear,60,dining table,False,False,,,,,False,still_missed
botsort,video2/v02_20-18_f00340_t11.33_clear/gt000,video2/v02_20-18_f00340_t11.33_clear,0,video2,340,00340,11.33,clear,56,chair,True,True,0.4917,0.4425,53,0,False,both_detected
botsort,video2/v02_20-18_f00340_t11.33_clear/gt001,video2/v02_20-18_f00340_t11.33_clear,1,video2,340,00340,11.33,clear,56,chair,False,False,,,,,False,still_missed
botsort,video2/v02_20-18_f00340_t11.33_clear/gt002,video2/v02_20-18_f00340_t11.33_clear,2,video2,340,00340,11.33,clear,56,chair,False,False,,,,,False,still_missed
botsort,video2/v02_20-18_f00340_t11.33_clear/gt003,video2/v02_20-18_f00340_t11.33_clear,3,video2,340,00340,11.33,clear,56,chair,False,False,,,,,False,still_missed
botsort,video2/v02_20-18_f00340_t11.33_clear/gt004,video2/v02_20-18_f00340_t11.33_clear,4,video2,340,00340,11.33,clear,60,dining table,False,False,,,,,False,still_missed
botsort_persist_1,video2/v02_20-18_f00340_t11.33_clear/gt000,video2/v02_20-18_f00340_t11.33_clear,0,video2,340,00340,11.33,clear,56,chair,True,True,0.4917,0.4917,,0,False,both_detected
botsort_persist_1,video2/v02_20-18_f00340_t11.33_clear/gt001,video2/v02_20-18_f00340_t11.33_clear,1,video2,340,00340,11.33,clear,56,chair,False,False,,,,,False,still_missed
botsort_persist_1,video2/v02_20-18_f00340_t11.33_clear/gt002,video2/v02_20-18_f00340_t11.33_clear,2,video2,340,00340,11.33,clear,56,chair,False,False,,,,,False,still_missed
botsort_persist_1,video2/v02_20-18_f00340_t11.33_clear/gt003,video2/v02_20-18_f00340_t11.33_clear,3,video2,340,00340,11.33,clear,56,chair,False,False,,,,,False,still_missed
botsort_persist_1,video2/v02_20-18_f00340_t11.33_clear/gt004,video2/v02_20-18_f00340_t11.33_clear,4,video2,340,00340,11.33,clear,60,dining table,False,False,,,,,False,still_missed
botsort_persist_3,video2/v02_20-18_f00340_t11.33_clear/gt000,video2/v02_20-18_f00340_t11.33_clear,0,video2,340,00340,11.33,clear,56,chair,True,True,0.4917,0.4917,,0,False,both_detected
botsort_persist_3,video2/v02_20-18_f00340_t11.33_clear/gt001,video2/v02_20-18_f00340_t11.33_clear,1,video2,340,00340,11.33,clear,56,chair,False,False,,,,,False,still_missed
botsort_persist_3,video2/v02_20-18_f00340_t11.33_clear/gt002,video2/v02_20-18_f00340_t11.33_clear,2,video2,340,00340,11.33,clear,56,chair,False,False,,,,,False,still_missed
botsort_persist_3,video2/v02_20-18_f00340_t11.33_clear/gt003,video2/v02_20-18_f00340_t11.33_clear,3,video2,340,00340,11.33,clear,56,chair,False,False,,,,,False,still_missed
botsort_persist_3,video2/v02_20-18_f00340_t11.33_clear/gt004,video2/v02_20-18_f00340_t11.33_clear,4,video2,340,00340,11.33,clear,60,dining table,False,False,,,,,False,still_missed
botsort_persist_5,video2/v02_20-18_f00340_t11.33_clear/gt000,video2/v02_20-18_f00340_t11.33_clear,0,video2,340,00340,11.33,clear,56,chair,True,True,0.4917,0.4917,,0,False,both_detected
botsort_persist_5,video2/v02_20-18_f00340_t11.33_clear/gt001,video2/v02_20-18_f00340_t11.33_clear,1,video2,340,00340,11.33,clear,56,chair,False,False,,,,,False,still_missed
botsort_persist_5,video2/v02_20-18_f00340_t11.33_clear/gt002,video2/v02_20-18_f00340_t11.33_clear,2,video2,340,00340,11.33,clear,56,chair,False,False,,,,,False,still_missed
botsort_persist_5,video2/v02_20-18_f00340_t11.33_clear/gt003,video2/v02_20-18_f00340_t11.33_clear,3,video2,340,00340,11.33,clear,56,chair,False,False,,,,,False,still_missed
botsort_persist_5,video2/v02_20-18_f00340_t11.33_clear/gt004,video2/v02_20-18_f00340_t11.33_clear,4,video2,340,00340,11.33,clear,60,dining table,False,False,,,,,False,still_missed
bytetrack,video2/v02_20-18_f00453_t15.10_severe_blur/gt000,video2/v02_20-18_f00453_t15.10_severe_blur,0,video2,453,00453,15.10,severe_blur,56,chair,False,False,,,,,False,still_missed
bytetrack,video2/v02_20-18_f00453_t15.10_severe_blur/gt001,video2/v02_20-18_f00453_t15.10_severe_blur,1,video2,453,00453,15.10,severe_blur,56,chair,False,False,,,,,False,still_missed
bytetrack,video2/v02_20-18_f00453_t15.10_severe_blur/gt002,video2/v02_20-18_f00453_t15.10_severe_blur,2,video2,453,00453,15.10,severe_blur,56,chair,False,False,,,,,False,still_missed
bytetrack,video2/v02_20-18_f00453_t15.10_severe_blur/gt003,video2/v02_20-18_f00453_t15.10_severe_blur,3,video2,453,00453,15.10,severe_blur,60,dining table,False,False,,,,,False,still_missed
bytetrack_persist_1,video2/v02_20-18_f00453_t15.10_severe_blur/gt000,video2/v02_20-18_f00453_t15.10_severe_blur,0,video2,453,00453,15.10,severe_blur,56,chair,False,False,,,,,False,still_missed
bytetrack_persist_1,video2/v02_20-18_f00453_t15.10_severe_blur/gt001,video2/v02_20-18_f00453_t15.10_severe_blur,1,video2,453,00453,15.10,severe_blur,56,chair,False,False,,,,,False,still_missed
bytetrack_persist_1,video2/v02_20-18_f00453_t15.10_severe_blur/gt002,video2/v02_20-18_f00453_t15.10_severe_blur,2,video2,453,00453,15.10,severe_blur,56,chair,False,False,,,,,False,still_missed
bytetrack_persist_1,video2/v02_20-18_f00453_t15.10_severe_blur/gt003,video2/v02_20-18_f00453_t15.10_severe_blur,3,video2,453,00453,15.10,severe_blur,60,dining table,False,False,,,,,False,still_missed
bytetrack_persist_3,video2/v02_20-18_f00453_t15.10_severe_blur/gt000,video2/v02_20-18_f00453_t15.10_severe_blur,0,video2,453,00453,15.10,severe_blur,56,chair,False,False,,,,,False,still_missed
bytetrack_persist_3,video2/v02_20-18_f00453_t15.10_severe_blur/gt001,video2/v02_20-18_f00453_t15.10_severe_blur,1,video2,453,00453,15.10,severe_blur,56,chair,False,False,,,,,False,still_missed
bytetrack_persist_3,video2/v02_20-18_f00453_t15.10_severe_blur/gt002,video2/v02_20-18_f00453_t15.10_severe_blur,2,video2,453,00453,15.10,severe_blur,56,chair,False,False,,,,,False,still_missed
bytetrack_persist_3,video2/v02_20-18_f00453_t15.10_severe_blur/gt003,video2/v02_20-18_f00453_t15.10_severe_blur,3,video2,453,00453,15.10,severe_blur,60,dining table,False,False,,,,,False,still_missed
bytetrack_persist_5,video2/v02_20-18_f00453_t15.10_severe_blur/gt000,video2/v02_20-18_f00453_t15.10_severe_blur,0,video2,453,00453,15.10,severe_blur,56,chair,False,False,,,,,False,still_missed
bytetrack_persist_5,video2/v02_20-18_f00453_t15.10_severe_blur/gt001,video2/v02_20-18_f00453_t15.10_severe_blur,1,video2,453,00453,15.10,severe_blur,56,chair,False,False,,,,,False,still_missed
bytetrack_persist_5,video2/v02_20-18_f00453_t15.10_severe_blur/gt002,video2/v02_20-18_f00453_t15.10_severe_blur,2,video2,453,00453,15.10,severe_blur,56,chair,False,False,,,,,False,still_missed
bytetrack_persist_5,video2/v02_20-18_f00453_t15.10_severe_blur/gt003,video2/v02_20-18_f00453_t15.10_severe_blur,3,video2,453,00453,15.10,severe_blur,60,dining table,False,False,,,,,False,still_missed
botsort,video2/v02_20-18_f00453_t15.10_severe_blur/gt000,video2/v02_20-18_f00453_t15.10_severe_blur,0,video2,453,00453,15.10,severe_blur,56,chair,False,False,,,,,False,still_missed
botsort,video2/v02_20-18_f00453_t15.10_severe_blur/gt001,video2/v02_20-18_f00453_t15.10_severe_blur,1,video2,453,00453,15.10,severe_blur,56,chair,False,False,,,,,False,still_missed
botsort,video2/v02_20-18_f00453_t15.10_severe_blur/gt002,video2/v02_20-18_f00453_t15.10_severe_blur,2,video2,453,00453,15.10,severe_blur,56,chair,False,False,,,,,False,still_missed
botsort,video2/v02_20-18_f00453_t15.10_severe_blur/gt003,video2/v02_20-18_f00453_t15.10_severe_blur,3,video2,453,00453,15.10,severe_blur,60,dining table,False,False,,,,,False,still_missed
botsort_persist_1,video2/v02_20-18_f00453_t15.10_severe_blur/gt000,video2/v02_20-18_f00453_t15.10_severe_blur,0,video2,453,00453,15.10,severe_blur,56,chair,False,False,,,,,False,still_missed
botsort_persist_1,video2/v02_20-18_f00453_t15.10_severe_blur/gt001,video2/v02_20-18_f00453_t15.10_severe_blur,1,video2,453,00453,15.10,severe_blur,56,chair,False,False,,,,,False,still_missed
botsort_persist_1,video2/v02_20-18_f00453_t15.10_severe_blur/gt002,video2/v02_20-18_f00453_t15.10_severe_blur,2,video2,453,00453,15.10,severe_blur,56,chair,False,False,,,,,False,still_missed
botsort_persist_1,video2/v02_20-18_f00453_t15.10_severe_blur/gt003,video2/v02_20-18_f00453_t15.10_severe_blur,3,video2,453,00453,15.10,severe_blur,60,dining table,False,False,,,,,False,still_missed
botsort_persist_3,video2/v02_20-18_f00453_t15.10_severe_blur/gt000,video2/v02_20-18_f00453_t15.10_severe_blur,0,video2,453,00453,15.10,severe_blur,56,chair,False,False,,,,,False,still_missed
botsort_persist_3,video2/v02_20-18_f00453_t15.10_severe_blur/gt001,video2/v02_20-18_f00453_t15.10_severe_blur,1,video2,453,00453,15.10,severe_blur,56,chair,False,False,,,,,False,still_missed
botsort_persist_3,video2/v02_20-18_f00453_t15.10_severe_blur/gt002,video2/v02_20-18_f00453_t15.10_severe_blur,2,video2,453,00453,15.10,severe_blur,56,chair,False,False,,,,,False,still_missed
botsort_persist_3,video2/v02_20-18_f00453_t15.10_severe_blur/gt003,video2/v02_20-18_f00453_t15.10_severe_blur,3,video2,453,00453,15.10,severe_blur,60,dining table,False,False,,,,,False,still_missed
botsort_persist_5,video2/v02_20-18_f00453_t15.10_severe_blur/gt000,video2/v02_20-18_f00453_t15.10_severe_blur,0,video2,453,00453,15.10,severe_blur,56,chair,False,False,,,,,False,still_missed
botsort_persist_5,video2/v02_20-18_f00453_t15.10_severe_blur/gt001,video2/v02_20-18_f00453_t15.10_severe_blur,1,video2,453,00453,15.10,severe_blur,56,chair,False,False,,,,,False,still_missed
botsort_persist_5,video2/v02_20-18_f00453_t15.10_severe_blur/gt002,video2/v02_20-18_f00453_t15.10_severe_blur,2,video2,453,00453,15.10,severe_blur,56,chair,False,False,,,,,False,still_missed
botsort_persist_5,video2/v02_20-18_f00453_t15.10_severe_blur/gt003,video2/v02_20-18_f00453_t15.10_severe_blur,3,video2,453,00453,15.10,severe_blur,60,dining table,False,False,,,,,False,still_missed
bytetrack,video2/v02_20-18_f00567_t18.90_moderate_blur/gt000,video2/v02_20-18_f00567_t18.90_moderate_blur,0,video2,567,00567,18.90,moderate_blur,56,chair,False,False,,,,,False,still_missed
bytetrack,video2/v02_20-18_f00567_t18.90_moderate_blur/gt001,video2/v02_20-18_f00567_t18.90_moderate_blur,1,video2,567,00567,18.90,moderate_blur,56,chair,False,False,,,,,False,still_missed
bytetrack,video2/v02_20-18_f00567_t18.90_moderate_blur/gt002,video2/v02_20-18_f00567_t18.90_moderate_blur,2,video2,567,00567,18.90,moderate_blur,56,chair,False,False,,,,,False,still_missed
bytetrack,video2/v02_20-18_f00567_t18.90_moderate_blur/gt003,video2/v02_20-18_f00567_t18.90_moderate_blur,3,video2,567,00567,18.90,moderate_blur,56,chair,False,False,,,,,False,still_missed
bytetrack,video2/v02_20-18_f00567_t18.90_moderate_blur/gt004,video2/v02_20-18_f00567_t18.90_moderate_blur,4,video2,567,00567,18.90,moderate_blur,56,chair,False,False,,,,,False,still_missed
bytetrack,video2/v02_20-18_f00567_t18.90_moderate_blur/gt005,video2/v02_20-18_f00567_t18.90_moderate_blur,5,video2,567,00567,18.90,moderate_blur,60,dining table,False,False,,,,,False,still_missed
bytetrack,video2/v02_20-18_f00567_t18.90_moderate_blur/gt006,video2/v02_20-18_f00567_t18.90_moderate_blur,6,video2,567,00567,18.90,moderate_blur,60,dining table,False,False,,,,,False,still_missed
bytetrack_persist_1,video2/v02_20-18_f00567_t18.90_moderate_blur/gt000,video2/v02_20-18_f00567_t18.90_moderate_blur,0,video2,567,00567,18.90,moderate_blur,56,chair,False,False,,,,,False,still_missed
bytetrack_persist_1,video2/v02_20-18_f00567_t18.90_moderate_blur/gt001,video2/v02_20-18_f00567_t18.90_moderate_blur,1,video2,567,00567,18.90,moderate_blur,56,chair,False,False,,,,,False,still_missed
bytetrack_persist_1,video2/v02_20-18_f00567_t18.90_moderate_blur/gt002,video2/v02_20-18_f00567_t18.90_moderate_blur,2,video2,567,00567,18.90,moderate_blur,56,chair,False,False,,,,,False,still_missed
bytetrack_persist_1,video2/v02_20-18_f00567_t18.90_moderate_blur/gt003,video2/v02_20-18_f00567_t18.90_moderate_blur,3,video2,567,00567,18.90,moderate_blur,56,chair,False,False,,,,,False,still_missed
bytetrack_persist_1,video2/v02_20-18_f00567_t18.90_moderate_blur/gt004,video2/v02_20-18_f00567_t18.90_moderate_blur,4,video2,567,00567,18.90,moderate_blur,56,chair,False,False,,,,,False,still_missed
bytetrack_persist_1,video2/v02_20-18_f00567_t18.90_moderate_blur/gt005,video2/v02_20-18_f00567_t18.90_moderate_blur,5,video2,567,00567,18.90,moderate_blur,60,dining table,False,False,,,,,False,still_missed
bytetrack_persist_1,video2/v02_20-18_f00567_t18.90_moderate_blur/gt006,video2/v02_20-18_f00567_t18.90_moderate_blur,6,video2,567,00567,18.90,moderate_blur,60,dining table,False,False,,,,,False,still_missed
bytetrack_persist_3,video2/v02_20-18_f00567_t18.90_moderate_blur/gt000,video2/v02_20-18_f00567_t18.90_moderate_blur,0,video2,567,00567,18.90,moderate_blur,56,chair,False,False,,,,,False,still_missed
bytetrack_persist_3,video2/v02_20-18_f00567_t18.90_moderate_blur/gt001,video2/v02_20-18_f00567_t18.90_moderate_blur,1,video2,567,00567,18.90,moderate_blur,56,chair,False,False,,,,,False,still_missed
bytetrack_persist_3,video2/v02_20-18_f00567_t18.90_moderate_blur/gt002,video2/v02_20-18_f00567_t18.90_moderate_blur,2,video2,567,00567,18.90,moderate_blur,56,chair,False,False,,,,,False,still_missed
bytetrack_persist_3,video2/v02_20-18_f00567_t18.90_moderate_blur/gt003,video2/v02_20-18_f00567_t18.90_moderate_blur,3,video2,567,00567,18.90,moderate_blur,56,chair,False,False,,,,,False,still_missed
bytetrack_persist_3,video2/v02_20-18_f00567_t18.90_moderate_blur/gt004,video2/v02_20-18_f00567_t18.90_moderate_blur,4,video2,567,00567,18.90,moderate_blur,56,chair,False,False,,,,,False,still_missed
bytetrack_persist_3,video2/v02_20-18_f00567_t18.90_moderate_blur/gt005,video2/v02_20-18_f00567_t18.90_moderate_blur,5,video2,567,00567,18.90,moderate_blur,60,dining table,False,False,,,,,False,still_missed
bytetrack_persist_3,video2/v02_20-18_f00567_t18.90_moderate_blur/gt006,video2/v02_20-18_f00567_t18.90_moderate_blur,6,video2,567,00567,18.90,moderate_blur,60,dining table,False,False,,,,,False,still_missed
bytetrack_persist_5,video2/v02_20-18_f00567_t18.90_moderate_blur/gt000,video2/v02_20-18_f00567_t18.90_moderate_blur,0,video2,567,00567,18.90,moderate_blur,56,chair,False,False,,,,,False,still_missed
bytetrack_persist_5,video2/v02_20-18_f00567_t18.90_moderate_blur/gt001,video2/v02_20-18_f00567_t18.90_moderate_blur,1,video2,567,00567,18.90,moderate_blur,56,chair,False,False,,,,,False,still_missed
bytetrack_persist_5,video2/v02_20-18_f00567_t18.90_moderate_blur/gt002,video2/v02_20-18_f00567_t18.90_moderate_blur,2,video2,567,00567,18.90,moderate_blur,56,chair,False,False,,,,,False,still_missed
bytetrack_persist_5,video2/v02_20-18_f00567_t18.90_moderate_blur/gt003,video2/v02_20-18_f00567_t18.90_moderate_blur,3,video2,567,00567,18.90,moderate_blur,56,chair,False,False,,,,,False,still_missed
bytetrack_persist_5,video2/v02_20-18_f00567_t18.90_moderate_blur/gt004,video2/v02_20-18_f00567_t18.90_moderate_blur,4,video2,567,00567,18.90,moderate_blur,56,chair,False,False,,,,,False,still_missed
bytetrack_persist_5,video2/v02_20-18_f00567_t18.90_moderate_blur/gt005,video2/v02_20-18_f00567_t18.90_moderate_blur,5,video2,567,00567,18.90,moderate_blur,60,dining table,False,False,,,,,False,still_missed
bytetrack_persist_5,video2/v02_20-18_f00567_t18.90_moderate_blur/gt006,video2/v02_20-18_f00567_t18.90_moderate_blur,6,video2,567,00567,18.90,moderate_blur,60,dining table,False,False,,,,,False,still_missed
botsort,video2/v02_20-18_f00567_t18.90_moderate_blur/gt000,video2/v02_20-18_f00567_t18.90_moderate_blur,0,video2,567,00567,18.90,moderate_blur,56,chair,False,False,,,,,False,still_missed
botsort,video2/v02_20-18_f00567_t18.90_moderate_blur/gt001,video2/v02_20-18_f00567_t18.90_moderate_blur,1,video2,567,00567,18.90,moderate_blur,56,chair,False,False,,,,,False,still_missed
botsort,video2/v02_20-18_f00567_t18.90_moderate_blur/gt002,video2/v02_20-18_f00567_t18.90_moderate_blur,2,video2,567,00567,18.90,moderate_blur,56,chair,False,False,,,,,False,still_missed
botsort,video2/v02_20-18_f00567_t18.90_moderate_blur/gt003,video2/v02_20-18_f00567_t18.90_moderate_blur,3,video2,567,00567,18.90,moderate_blur,56,chair,False,False,,,,,False,still_missed
botsort,video2/v02_20-18_f00567_t18.90_moderate_blur/gt004,video2/v02_20-18_f00567_t18.90_moderate_blur,4,video2,567,00567,18.90,moderate_blur,56,chair,False,False,,,,,False,still_missed
botsort,video2/v02_20-18_f00567_t18.90_moderate_blur/gt005,video2/v02_20-18_f00567_t18.90_moderate_blur,5,video2,567,00567,18.90,moderate_blur,60,dining table,False,False,,,,,False,still_missed
botsort,video2/v02_20-18_f00567_t18.90_moderate_blur/gt006,video2/v02_20-18_f00567_t18.90_moderate_blur,6,video2,567,00567,18.90,moderate_blur,60,dining table,False,False,,,,,False,still_missed
botsort_persist_1,video2/v02_20-18_f00567_t18.90_moderate_blur/gt000,video2/v02_20-18_f00567_t18.90_moderate_blur,0,video2,567,00567,18.90,moderate_blur,56,chair,False,False,,,,,False,still_missed
botsort_persist_1,video2/v02_20-18_f00567_t18.90_moderate_blur/gt001,video2/v02_20-18_f00567_t18.90_moderate_blur,1,video2,567,00567,18.90,moderate_blur,56,chair,False,False,,,,,False,still_missed
botsort_persist_1,video2/v02_20-18_f00567_t18.90_moderate_blur/gt002,video2/v02_20-18_f00567_t18.90_moderate_blur,2,video2,567,00567,18.90,moderate_blur,56,chair,False,False,,,,,False,still_missed
botsort_persist_1,video2/v02_20-18_f00567_t18.90_moderate_blur/gt003,video2/v02_20-18_f00567_t18.90_moderate_blur,3,video2,567,00567,18.90,moderate_blur,56,chair,False,False,,,,,False,still_missed
botsort_persist_1,video2/v02_20-18_f00567_t18.90_moderate_blur/gt004,video2/v02_20-18_f00567_t18.90_moderate_blur,4,video2,567,00567,18.90,moderate_blur,56,chair,False,False,,,,,False,still_missed
botsort_persist_1,video2/v02_20-18_f00567_t18.90_moderate_blur/gt005,video2/v02_20-18_f00567_t18.90_moderate_blur,5,video2,567,00567,18.90,moderate_blur,60,dining table,False,False,,,,,False,still_missed
botsort_persist_1,video2/v02_20-18_f00567_t18.90_moderate_blur/gt006,video2/v02_20-18_f00567_t18.90_moderate_blur,6,video2,567,00567,18.90,moderate_blur,60,dining table,False,False,,,,,False,still_missed
botsort_persist_3,video2/v02_20-18_f00567_t18.90_moderate_blur/gt000,video2/v02_20-18_f00567_t18.90_moderate_blur,0,video2,567,00567,18.90,moderate_blur,56,chair,False,False,,,,,False,still_missed
botsort_persist_3,video2/v02_20-18_f00567_t18.90_moderate_blur/gt001,video2/v02_20-18_f00567_t18.90_moderate_blur,1,video2,567,00567,18.90,moderate_blur,56,chair,False,False,,,,,False,still_missed
botsort_persist_3,video2/v02_20-18_f00567_t18.90_moderate_blur/gt002,video2/v02_20-18_f00567_t18.90_moderate_blur,2,video2,567,00567,18.90,moderate_blur,56,chair,False,False,,,,,False,still_missed
botsort_persist_3,video2/v02_20-18_f00567_t18.90_moderate_blur/gt003,video2/v02_20-18_f00567_t18.90_moderate_blur,3,video2,567,00567,18.90,moderate_blur,56,chair,False,False,,,,,False,still_missed
botsort_persist_3,video2/v02_20-18_f00567_t18.90_moderate_blur/gt004,video2/v02_20-18_f00567_t18.90_moderate_blur,4,video2,567,00567,18.90,moderate_blur,56,chair,False,False,,,,,False,still_missed
botsort_persist_3,video2/v02_20-18_f00567_t18.90_moderate_blur/gt005,video2/v02_20-18_f00567_t18.90_moderate_blur,5,video2,567,00567,18.90,moderate_blur,60,dining table,False,False,,,,,False,still_missed
botsort_persist_3,video2/v02_20-18_f00567_t18.90_moderate_blur/gt006,video2/v02_20-18_f00567_t18.90_moderate_blur,6,video2,567,00567,18.90,moderate_blur,60,dining table,False,False,,,,,False,still_missed
botsort_persist_5,video2/v02_20-18_f00567_t18.90_moderate_blur/gt000,video2/v02_20-18_f00567_t18.90_moderate_blur,0,video2,567,00567,18.90,moderate_blur,56,chair,False,False,,,,,False,still_missed
botsort_persist_5,video2/v02_20-18_f00567_t18.90_moderate_blur/gt001,video2/v02_20-18_f00567_t18.90_moderate_blur,1,video2,567,00567,18.90,moderate_blur,56,chair,False,False,,,,,False,still_missed
botsort_persist_5,video2/v02_20-18_f00567_t18.90_moderate_blur/gt002,video2/v02_20-18_f00567_t18.90_moderate_blur,2,video2,567,00567,18.90,moderate_blur,56,chair,False,False,,,,,False,still_missed
botsort_persist_5,video2/v02_20-18_f00567_t18.90_moderate_blur/gt003,video2/v02_20-18_f00567_t18.90_moderate_blur,3,video2,567,00567,18.90,moderate_blur,56,chair,False,False,,,,,False,still_missed
botsort_persist_5,video2/v02_20-18_f00567_t18.90_moderate_blur/gt004,video2/v02_20-18_f00567_t18.90_moderate_blur,4,video2,567,00567,18.90,moderate_blur,56,chair,False,False,,,,,False,still_missed
botsort_persist_5,video2/v02_20-18_f00567_t18.90_moderate_blur/gt005,video2/v02_20-18_f00567_t18.90_moderate_blur,5,video2,567,00567,18.90,moderate_blur,60,dining table,False,False,,,,,False,still_missed
botsort_persist_5,video2/v02_20-18_f00567_t18.90_moderate_blur/gt006,video2/v02_20-18_f00567_t18.90_moderate_blur,6,video2,567,00567,18.90,moderate_blur,60,dining table,False,False,,,,,False,still_missed
bytetrack,video2/v02_20-18_f00680_t22.67_severe_blur/gt000,video2/v02_20-18_f00680_t22.67_severe_blur,0,video2,680,00680,22.67,severe_blur,56,chair,False,False,,,,,False,still_missed
bytetrack,video2/v02_20-18_f00680_t22.67_severe_blur/gt001,video2/v02_20-18_f00680_t22.67_severe_blur,1,video2,680,00680,22.67,severe_blur,56,chair,False,False,,,,,False,still_missed
bytetrack,video2/v02_20-18_f00680_t22.67_severe_blur/gt002,video2/v02_20-18_f00680_t22.67_severe_blur,2,video2,680,00680,22.67,severe_blur,60,dining table,False,False,,,,,False,still_missed
bytetrack,video2/v02_20-18_f00680_t22.67_severe_blur/gt003,video2/v02_20-18_f00680_t22.67_severe_blur,3,video2,680,00680,22.67,severe_blur,60,dining table,False,False,,,,,False,still_missed
bytetrack_persist_1,video2/v02_20-18_f00680_t22.67_severe_blur/gt000,video2/v02_20-18_f00680_t22.67_severe_blur,0,video2,680,00680,22.67,severe_blur,56,chair,False,False,,,,,False,still_missed
bytetrack_persist_1,video2/v02_20-18_f00680_t22.67_severe_blur/gt001,video2/v02_20-18_f00680_t22.67_severe_blur,1,video2,680,00680,22.67,severe_blur,56,chair,False,False,,,,,False,still_missed
bytetrack_persist_1,video2/v02_20-18_f00680_t22.67_severe_blur/gt002,video2/v02_20-18_f00680_t22.67_severe_blur,2,video2,680,00680,22.67,severe_blur,60,dining table,False,False,,,,,False,still_missed
bytetrack_persist_1,video2/v02_20-18_f00680_t22.67_severe_blur/gt003,video2/v02_20-18_f00680_t22.67_severe_blur,3,video2,680,00680,22.67,severe_blur,60,dining table,False,False,,,,,False,still_missed
bytetrack_persist_3,video2/v02_20-18_f00680_t22.67_severe_blur/gt000,video2/v02_20-18_f00680_t22.67_severe_blur,0,video2,680,00680,22.67,severe_blur,56,chair,False,False,,,,,False,still_missed
bytetrack_persist_3,video2/v02_20-18_f00680_t22.67_severe_blur/gt001,video2/v02_20-18_f00680_t22.67_severe_blur,1,video2,680,00680,22.67,severe_blur,56,chair,False,False,,,,,False,still_missed
bytetrack_persist_3,video2/v02_20-18_f00680_t22.67_severe_blur/gt002,video2/v02_20-18_f00680_t22.67_severe_blur,2,video2,680,00680,22.67,severe_blur,60,dining table,False,False,,,,,False,still_missed
bytetrack_persist_3,video2/v02_20-18_f00680_t22.67_severe_blur/gt003,video2/v02_20-18_f00680_t22.67_severe_blur,3,video2,680,00680,22.67,severe_blur,60,dining table,False,False,,,,,False,still_missed
bytetrack_persist_5,video2/v02_20-18_f00680_t22.67_severe_blur/gt000,video2/v02_20-18_f00680_t22.67_severe_blur,0,video2,680,00680,22.67,severe_blur,56,chair,False,False,,,,,False,still_missed
bytetrack_persist_5,video2/v02_20-18_f00680_t22.67_severe_blur/gt001,video2/v02_20-18_f00680_t22.67_severe_blur,1,video2,680,00680,22.67,severe_blur,56,chair,False,False,,,,,False,still_missed
bytetrack_persist_5,video2/v02_20-18_f00680_t22.67_severe_blur/gt002,video2/v02_20-18_f00680_t22.67_severe_blur,2,video2,680,00680,22.67,severe_blur,60,dining table,False,False,,,,,False,still_missed
bytetrack_persist_5,video2/v02_20-18_f00680_t22.67_severe_blur/gt003,video2/v02_20-18_f00680_t22.67_severe_blur,3,video2,680,00680,22.67,severe_blur,60,dining table,False,False,,,,,False,still_missed
botsort,video2/v02_20-18_f00680_t22.67_severe_blur/gt000,video2/v02_20-18_f00680_t22.67_severe_blur,0,video2,680,00680,22.67,severe_blur,56,chair,False,False,,,,,False,still_missed
botsort,video2/v02_20-18_f00680_t22.67_severe_blur/gt001,video2/v02_20-18_f00680_t22.67_severe_blur,1,video2,680,00680,22.67,severe_blur,56,chair,False,False,,,,,False,still_missed
botsort,video2/v02_20-18_f00680_t22.67_severe_blur/gt002,video2/v02_20-18_f00680_t22.67_severe_blur,2,video2,680,00680,22.67,severe_blur,60,dining table,False,False,,,,,False,still_missed
botsort,video2/v02_20-18_f00680_t22.67_severe_blur/gt003,video2/v02_20-18_f00680_t22.67_severe_blur,3,video2,680,00680,22.67,severe_blur,60,dining table,False,False,,,,,False,still_missed
botsort_persist_1,video2/v02_20-18_f00680_t22.67_severe_blur/gt000,video2/v02_20-18_f00680_t22.67_severe_blur,0,video2,680,00680,22.67,severe_blur,56,chair,False,False,,,,,False,still_missed
botsort_persist_1,video2/v02_20-18_f00680_t22.67_severe_blur/gt001,video2/v02_20-18_f00680_t22.67_severe_blur,1,video2,680,00680,22.67,severe_blur,56,chair,False,False,,,,,False,still_missed
botsort_persist_1,video2/v02_20-18_f00680_t22.67_severe_blur/gt002,video2/v02_20-18_f00680_t22.67_severe_blur,2,video2,680,00680,22.67,severe_blur,60,dining table,False,False,,,,,False,still_missed
botsort_persist_1,video2/v02_20-18_f00680_t22.67_severe_blur/gt003,video2/v02_20-18_f00680_t22.67_severe_blur,3,video2,680,00680,22.67,severe_blur,60,dining table,False,False,,,,,False,still_missed
botsort_persist_3,video2/v02_20-18_f00680_t22.67_severe_blur/gt000,video2/v02_20-18_f00680_t22.67_severe_blur,0,video2,680,00680,22.67,severe_blur,56,chair,False,False,,,,,False,still_missed
botsort_persist_3,video2/v02_20-18_f00680_t22.67_severe_blur/gt001,video2/v02_20-18_f00680_t22.67_severe_blur,1,video2,680,00680,22.67,severe_blur,56,chair,False,False,,,,,False,still_missed
botsort_persist_3,video2/v02_20-18_f00680_t22.67_severe_blur/gt002,video2/v02_20-18_f00680_t22.67_severe_blur,2,video2,680,00680,22.67,severe_blur,60,dining table,False,False,,,,,False,still_missed
botsort_persist_3,video2/v02_20-18_f00680_t22.67_severe_blur/gt003,video2/v02_20-18_f00680_t22.67_severe_blur,3,video2,680,00680,22.67,severe_blur,60,dining table,False,False,,,,,False,still_missed
botsort_persist_5,video2/v02_20-18_f00680_t22.67_severe_blur/gt000,video2/v02_20-18_f00680_t22.67_severe_blur,0,video2,680,00680,22.67,severe_blur,56,chair,False,False,,,,,False,still_missed
botsort_persist_5,video2/v02_20-18_f00680_t22.67_severe_blur/gt001,video2/v02_20-18_f00680_t22.67_severe_blur,1,video2,680,00680,22.67,severe_blur,56,chair,False,False,,,,,False,still_missed
botsort_persist_5,video2/v02_20-18_f00680_t22.67_severe_blur/gt002,video2/v02_20-18_f00680_t22.67_severe_blur,2,video2,680,00680,22.67,severe_blur,60,dining table,False,False,,,,,False,still_missed
botsort_persist_5,video2/v02_20-18_f00680_t22.67_severe_blur/gt003,video2/v02_20-18_f00680_t22.67_severe_blur,3,video2,680,00680,22.67,severe_blur,60,dining table,False,False,,,,,False,still_missed
bytetrack,video2/v02_20-18_f00718_t23.93_clear/gt000,video2/v02_20-18_f00718_t23.93_clear,0,video2,718,00718,23.93,clear,56,chair,True,True,0.6877,0.6663,93,0,False,both_detected
bytetrack,video2/v02_20-18_f00718_t23.93_clear/gt001,video2/v02_20-18_f00718_t23.93_clear,1,video2,718,00718,23.93,clear,56,chair,False,False,,,,,False,still_missed
bytetrack_persist_1,video2/v02_20-18_f00718_t23.93_clear/gt000,video2/v02_20-18_f00718_t23.93_clear,0,video2,718,00718,23.93,clear,56,chair,True,True,0.6877,0.6877,,0,False,both_detected
bytetrack_persist_1,video2/v02_20-18_f00718_t23.93_clear/gt001,video2/v02_20-18_f00718_t23.93_clear,1,video2,718,00718,23.93,clear,56,chair,False,False,,,,,False,still_missed
bytetrack_persist_3,video2/v02_20-18_f00718_t23.93_clear/gt000,video2/v02_20-18_f00718_t23.93_clear,0,video2,718,00718,23.93,clear,56,chair,True,True,0.6877,0.6877,,0,False,both_detected
bytetrack_persist_3,video2/v02_20-18_f00718_t23.93_clear/gt001,video2/v02_20-18_f00718_t23.93_clear,1,video2,718,00718,23.93,clear,56,chair,False,False,,,,,False,still_missed
bytetrack_persist_5,video2/v02_20-18_f00718_t23.93_clear/gt000,video2/v02_20-18_f00718_t23.93_clear,0,video2,718,00718,23.93,clear,56,chair,True,True,0.6877,0.6877,,0,False,both_detected
bytetrack_persist_5,video2/v02_20-18_f00718_t23.93_clear/gt001,video2/v02_20-18_f00718_t23.93_clear,1,video2,718,00718,23.93,clear,56,chair,False,False,,,,,False,still_missed
botsort,video2/v02_20-18_f00718_t23.93_clear/gt000,video2/v02_20-18_f00718_t23.93_clear,0,video2,718,00718,23.93,clear,56,chair,True,True,0.6877,0.6663,93,0,False,both_detected
botsort,video2/v02_20-18_f00718_t23.93_clear/gt001,video2/v02_20-18_f00718_t23.93_clear,1,video2,718,00718,23.93,clear,56,chair,False,False,,,,,False,still_missed
botsort_persist_1,video2/v02_20-18_f00718_t23.93_clear/gt000,video2/v02_20-18_f00718_t23.93_clear,0,video2,718,00718,23.93,clear,56,chair,True,True,0.6877,0.6877,,0,False,both_detected
botsort_persist_1,video2/v02_20-18_f00718_t23.93_clear/gt001,video2/v02_20-18_f00718_t23.93_clear,1,video2,718,00718,23.93,clear,56,chair,False,False,,,,,False,still_missed
botsort_persist_3,video2/v02_20-18_f00718_t23.93_clear/gt000,video2/v02_20-18_f00718_t23.93_clear,0,video2,718,00718,23.93,clear,56,chair,True,True,0.6877,0.6877,,0,False,both_detected
botsort_persist_3,video2/v02_20-18_f00718_t23.93_clear/gt001,video2/v02_20-18_f00718_t23.93_clear,1,video2,718,00718,23.93,clear,56,chair,False,False,,,,,False,still_missed
botsort_persist_5,video2/v02_20-18_f00718_t23.93_clear/gt000,video2/v02_20-18_f00718_t23.93_clear,0,video2,718,00718,23.93,clear,56,chair,True,True,0.6877,0.6877,,0,False,both_detected
botsort_persist_5,video2/v02_20-18_f00718_t23.93_clear/gt001,video2/v02_20-18_f00718_t23.93_clear,1,video2,718,00718,23.93,clear,56,chair,False,False,,,,,False,still_missed
bytetrack,video2/v02_20-18_f00794_t26.47_moderate_blur/gt000,video2/v02_20-18_f00794_t26.47_moderate_blur,0,video2,794,00794,26.47,moderate_blur,56,chair,True,False,0.3634,,,,False,lost
bytetrack,video2/v02_20-18_f00794_t26.47_moderate_blur/gt001,video2/v02_20-18_f00794_t26.47_moderate_blur,1,video2,794,00794,26.47,moderate_blur,56,chair,False,True,,0.2731,103,0,False,rescued
bytetrack,video2/v02_20-18_f00794_t26.47_moderate_blur/gt002,video2/v02_20-18_f00794_t26.47_moderate_blur,2,video2,794,00794,26.47,moderate_blur,56,chair,False,True,,0.2551,93,0,False,rescued
bytetrack,video2/v02_20-18_f00794_t26.47_moderate_blur/gt003,video2/v02_20-18_f00794_t26.47_moderate_blur,3,video2,794,00794,26.47,moderate_blur,56,chair,False,False,,,,,False,still_missed
bytetrack_persist_1,video2/v02_20-18_f00794_t26.47_moderate_blur/gt000,video2/v02_20-18_f00794_t26.47_moderate_blur,0,video2,794,00794,26.47,moderate_blur,56,chair,True,True,0.3634,0.3634,,0,False,both_detected
bytetrack_persist_1,video2/v02_20-18_f00794_t26.47_moderate_blur/gt001,video2/v02_20-18_f00794_t26.47_moderate_blur,1,video2,794,00794,26.47,moderate_blur,56,chair,False,False,,,,,False,still_missed
bytetrack_persist_1,video2/v02_20-18_f00794_t26.47_moderate_blur/gt002,video2/v02_20-18_f00794_t26.47_moderate_blur,2,video2,794,00794,26.47,moderate_blur,56,chair,False,False,,,,,False,still_missed
bytetrack_persist_1,video2/v02_20-18_f00794_t26.47_moderate_blur/gt003,video2/v02_20-18_f00794_t26.47_moderate_blur,3,video2,794,00794,26.47,moderate_blur,56,chair,False,False,,,,,False,still_missed
bytetrack_persist_3,video2/v02_20-18_f00794_t26.47_moderate_blur/gt000,video2/v02_20-18_f00794_t26.47_moderate_blur,0,video2,794,00794,26.47,moderate_blur,56,chair,True,True,0.3634,0.3634,,0,False,both_detected
bytetrack_persist_3,video2/v02_20-18_f00794_t26.47_moderate_blur/gt001,video2/v02_20-18_f00794_t26.47_moderate_blur,1,video2,794,00794,26.47,moderate_blur,56,chair,False,False,,,,,False,still_missed
bytetrack_persist_3,video2/v02_20-18_f00794_t26.47_moderate_blur/gt002,video2/v02_20-18_f00794_t26.47_moderate_blur,2,video2,794,00794,26.47,moderate_blur,56,chair,False,False,,,,,False,still_missed
bytetrack_persist_3,video2/v02_20-18_f00794_t26.47_moderate_blur/gt003,video2/v02_20-18_f00794_t26.47_moderate_blur,3,video2,794,00794,26.47,moderate_blur,56,chair,False,False,,,,,False,still_missed
bytetrack_persist_5,video2/v02_20-18_f00794_t26.47_moderate_blur/gt000,video2/v02_20-18_f00794_t26.47_moderate_blur,0,video2,794,00794,26.47,moderate_blur,56,chair,True,True,0.3634,0.3634,,0,False,both_detected
bytetrack_persist_5,video2/v02_20-18_f00794_t26.47_moderate_blur/gt001,video2/v02_20-18_f00794_t26.47_moderate_blur,1,video2,794,00794,26.47,moderate_blur,56,chair,False,False,,,,,False,still_missed
bytetrack_persist_5,video2/v02_20-18_f00794_t26.47_moderate_blur/gt002,video2/v02_20-18_f00794_t26.47_moderate_blur,2,video2,794,00794,26.47,moderate_blur,56,chair,False,False,,,,,False,still_missed
bytetrack_persist_5,video2/v02_20-18_f00794_t26.47_moderate_blur/gt003,video2/v02_20-18_f00794_t26.47_moderate_blur,3,video2,794,00794,26.47,moderate_blur,56,chair,False,False,,,,,False,still_missed
botsort,video2/v02_20-18_f00794_t26.47_moderate_blur/gt000,video2/v02_20-18_f00794_t26.47_moderate_blur,0,video2,794,00794,26.47,moderate_blur,56,chair,True,False,0.3634,,,,False,lost
botsort,video2/v02_20-18_f00794_t26.47_moderate_blur/gt001,video2/v02_20-18_f00794_t26.47_moderate_blur,1,video2,794,00794,26.47,moderate_blur,56,chair,False,True,,0.2731,97,0,False,rescued
botsort,video2/v02_20-18_f00794_t26.47_moderate_blur/gt002,video2/v02_20-18_f00794_t26.47_moderate_blur,2,video2,794,00794,26.47,moderate_blur,56,chair,False,True,,0.2551,93,0,False,rescued
botsort,video2/v02_20-18_f00794_t26.47_moderate_blur/gt003,video2/v02_20-18_f00794_t26.47_moderate_blur,3,video2,794,00794,26.47,moderate_blur,56,chair,False,False,,,,,False,still_missed
botsort_persist_1,video2/v02_20-18_f00794_t26.47_moderate_blur/gt000,video2/v02_20-18_f00794_t26.47_moderate_blur,0,video2,794,00794,26.47,moderate_blur,56,chair,True,True,0.3634,0.3634,,0,False,both_detected
botsort_persist_1,video2/v02_20-18_f00794_t26.47_moderate_blur/gt001,video2/v02_20-18_f00794_t26.47_moderate_blur,1,video2,794,00794,26.47,moderate_blur,56,chair,False,False,,,,,False,still_missed
botsort_persist_1,video2/v02_20-18_f00794_t26.47_moderate_blur/gt002,video2/v02_20-18_f00794_t26.47_moderate_blur,2,video2,794,00794,26.47,moderate_blur,56,chair,False,False,,,,,False,still_missed
botsort_persist_1,video2/v02_20-18_f00794_t26.47_moderate_blur/gt003,video2/v02_20-18_f00794_t26.47_moderate_blur,3,video2,794,00794,26.47,moderate_blur,56,chair,False,False,,,,,False,still_missed
botsort_persist_3,video2/v02_20-18_f00794_t26.47_moderate_blur/gt000,video2/v02_20-18_f00794_t26.47_moderate_blur,0,video2,794,00794,26.47,moderate_blur,56,chair,True,True,0.3634,0.3634,,0,False,both_detected
botsort_persist_3,video2/v02_20-18_f00794_t26.47_moderate_blur/gt001,video2/v02_20-18_f00794_t26.47_moderate_blur,1,video2,794,00794,26.47,moderate_blur,56,chair,False,False,,,,,False,still_missed
botsort_persist_3,video2/v02_20-18_f00794_t26.47_moderate_blur/gt002,video2/v02_20-18_f00794_t26.47_moderate_blur,2,video2,794,00794,26.47,moderate_blur,56,chair,False,False,,,,,False,still_missed
botsort_persist_3,video2/v02_20-18_f00794_t26.47_moderate_blur/gt003,video2/v02_20-18_f00794_t26.47_moderate_blur,3,video2,794,00794,26.47,moderate_blur,56,chair,False,False,,,,,False,still_missed
botsort_persist_5,video2/v02_20-18_f00794_t26.47_moderate_blur/gt000,video2/v02_20-18_f00794_t26.47_moderate_blur,0,video2,794,00794,26.47,moderate_blur,56,chair,True,True,0.3634,0.3634,,0,False,both_detected
botsort_persist_5,video2/v02_20-18_f00794_t26.47_moderate_blur/gt001,video2/v02_20-18_f00794_t26.47_moderate_blur,1,video2,794,00794,26.47,moderate_blur,56,chair,False,False,,,,,False,still_missed
botsort_persist_5,video2/v02_20-18_f00794_t26.47_moderate_blur/gt002,video2/v02_20-18_f00794_t26.47_moderate_blur,2,video2,794,00794,26.47,moderate_blur,56,chair,False,False,,,,,False,still_missed
botsort_persist_5,video2/v02_20-18_f00794_t26.47_moderate_blur/gt003,video2/v02_20-18_f00794_t26.47_moderate_blur,3,video2,794,00794,26.47,moderate_blur,56,chair,False,False,,,,,False,still_missed
bytetrack,video3/v03_20-20_f00000_t00.00_clear/gt000,video3/v03_20-20_f00000_t00.00_clear,0,video3,0,00000,00.00,clear,0,person,True,True,0.9103,0.9092,1,0,False,both_detected
bytetrack,video3/v03_20-20_f00000_t00.00_clear/gt001,video3/v03_20-20_f00000_t00.00_clear,1,video3,0,00000,00.00,clear,56,chair,True,True,0.5586,0.5787,2,0,False,both_detected
bytetrack,video3/v03_20-20_f00000_t00.00_clear/gt002,video3/v03_20-20_f00000_t00.00_clear,2,video3,0,00000,00.00,clear,39,bottle,True,True,0.4599,0.3981,3,0,False,both_detected
bytetrack,video3/v03_20-20_f00000_t00.00_clear/gt003,video3/v03_20-20_f00000_t00.00_clear,3,video3,0,00000,00.00,clear,0,person,True,False,0.1896,,,,False,lost
bytetrack,video3/v03_20-20_f00000_t00.00_clear/gt004,video3/v03_20-20_f00000_t00.00_clear,4,video3,0,00000,00.00,clear,0,person,False,False,,,,,False,still_missed
bytetrack,video3/v03_20-20_f00000_t00.00_clear/gt005,video3/v03_20-20_f00000_t00.00_clear,5,video3,0,00000,00.00,clear,0,person,False,False,,,,,False,still_missed
bytetrack,video3/v03_20-20_f00000_t00.00_clear/gt006,video3/v03_20-20_f00000_t00.00_clear,6,video3,0,00000,00.00,clear,24,backpack,False,False,,,,,False,still_missed
bytetrack,video3/v03_20-20_f00000_t00.00_clear/gt007,video3/v03_20-20_f00000_t00.00_clear,7,video3,0,00000,00.00,clear,0,person,False,False,,,,,False,still_missed
bytetrack,video3/v03_20-20_f00000_t00.00_clear/gt008,video3/v03_20-20_f00000_t00.00_clear,8,video3,0,00000,00.00,clear,0,person,False,False,,,,,False,still_missed
bytetrack_persist_1,video3/v03_20-20_f00000_t00.00_clear/gt000,video3/v03_20-20_f00000_t00.00_clear,0,video3,0,00000,00.00,clear,0,person,True,True,0.9103,0.9103,,0,False,both_detected
bytetrack_persist_1,video3/v03_20-20_f00000_t00.00_clear/gt001,video3/v03_20-20_f00000_t00.00_clear,1,video3,0,00000,00.00,clear,56,chair,True,True,0.5586,0.5586,,0,False,both_detected
bytetrack_persist_1,video3/v03_20-20_f00000_t00.00_clear/gt002,video3/v03_20-20_f00000_t00.00_clear,2,video3,0,00000,00.00,clear,39,bottle,True,True,0.4599,0.4599,,0,False,both_detected
bytetrack_persist_1,video3/v03_20-20_f00000_t00.00_clear/gt003,video3/v03_20-20_f00000_t00.00_clear,3,video3,0,00000,00.00,clear,0,person,True,True,0.1896,0.1896,,0,False,both_detected
bytetrack_persist_1,video3/v03_20-20_f00000_t00.00_clear/gt004,video3/v03_20-20_f00000_t00.00_clear,4,video3,0,00000,00.00,clear,0,person,False,False,,,,,False,still_missed
bytetrack_persist_1,video3/v03_20-20_f00000_t00.00_clear/gt005,video3/v03_20-20_f00000_t00.00_clear,5,video3,0,00000,00.00,clear,0,person,False,False,,,,,False,still_missed
bytetrack_persist_1,video3/v03_20-20_f00000_t00.00_clear/gt006,video3/v03_20-20_f00000_t00.00_clear,6,video3,0,00000,00.00,clear,24,backpack,False,False,,,,,False,still_missed
bytetrack_persist_1,video3/v03_20-20_f00000_t00.00_clear/gt007,video3/v03_20-20_f00000_t00.00_clear,7,video3,0,00000,00.00,clear,0,person,False,False,,,,,False,still_missed
bytetrack_persist_1,video3/v03_20-20_f00000_t00.00_clear/gt008,video3/v03_20-20_f00000_t00.00_clear,8,video3,0,00000,00.00,clear,0,person,False,False,,,,,False,still_missed
bytetrack_persist_3,video3/v03_20-20_f00000_t00.00_clear/gt000,video3/v03_20-20_f00000_t00.00_clear,0,video3,0,00000,00.00,clear,0,person,True,True,0.9103,0.9103,,0,False,both_detected
bytetrack_persist_3,video3/v03_20-20_f00000_t00.00_clear/gt001,video3/v03_20-20_f00000_t00.00_clear,1,video3,0,00000,00.00,clear,56,chair,True,True,0.5586,0.5586,,0,False,both_detected
bytetrack_persist_3,video3/v03_20-20_f00000_t00.00_clear/gt002,video3/v03_20-20_f00000_t00.00_clear,2,video3,0,00000,00.00,clear,39,bottle,True,True,0.4599,0.4599,,0,False,both_detected
bytetrack_persist_3,video3/v03_20-20_f00000_t00.00_clear/gt003,video3/v03_20-20_f00000_t00.00_clear,3,video3,0,00000,00.00,clear,0,person,True,True,0.1896,0.1896,,0,False,both_detected
bytetrack_persist_3,video3/v03_20-20_f00000_t00.00_clear/gt004,video3/v03_20-20_f00000_t00.00_clear,4,video3,0,00000,00.00,clear,0,person,False,False,,,,,False,still_missed
bytetrack_persist_3,video3/v03_20-20_f00000_t00.00_clear/gt005,video3/v03_20-20_f00000_t00.00_clear,5,video3,0,00000,00.00,clear,0,person,False,False,,,,,False,still_missed
bytetrack_persist_3,video3/v03_20-20_f00000_t00.00_clear/gt006,video3/v03_20-20_f00000_t00.00_clear,6,video3,0,00000,00.00,clear,24,backpack,False,False,,,,,False,still_missed
bytetrack_persist_3,video3/v03_20-20_f00000_t00.00_clear/gt007,video3/v03_20-20_f00000_t00.00_clear,7,video3,0,00000,00.00,clear,0,person,False,False,,,,,False,still_missed
bytetrack_persist_3,video3/v03_20-20_f00000_t00.00_clear/gt008,video3/v03_20-20_f00000_t00.00_clear,8,video3,0,00000,00.00,clear,0,person,False,False,,,,,False,still_missed
bytetrack_persist_5,video3/v03_20-20_f00000_t00.00_clear/gt000,video3/v03_20-20_f00000_t00.00_clear,0,video3,0,00000,00.00,clear,0,person,True,True,0.9103,0.9103,,0,False,both_detected
bytetrack_persist_5,video3/v03_20-20_f00000_t00.00_clear/gt001,video3/v03_20-20_f00000_t00.00_clear,1,video3,0,00000,00.00,clear,56,chair,True,True,0.5586,0.5586,,0,False,both_detected
bytetrack_persist_5,video3/v03_20-20_f00000_t00.00_clear/gt002,video3/v03_20-20_f00000_t00.00_clear,2,video3,0,00000,00.00,clear,39,bottle,True,True,0.4599,0.4599,,0,False,both_detected
bytetrack_persist_5,video3/v03_20-20_f00000_t00.00_clear/gt003,video3/v03_20-20_f00000_t00.00_clear,3,video3,0,00000,00.00,clear,0,person,True,True,0.1896,0.1896,,0,False,both_detected
bytetrack_persist_5,video3/v03_20-20_f00000_t00.00_clear/gt004,video3/v03_20-20_f00000_t00.00_clear,4,video3,0,00000,00.00,clear,0,person,False,False,,,,,False,still_missed
bytetrack_persist_5,video3/v03_20-20_f00000_t00.00_clear/gt005,video3/v03_20-20_f00000_t00.00_clear,5,video3,0,00000,00.00,clear,0,person,False,False,,,,,False,still_missed
bytetrack_persist_5,video3/v03_20-20_f00000_t00.00_clear/gt006,video3/v03_20-20_f00000_t00.00_clear,6,video3,0,00000,00.00,clear,24,backpack,False,False,,,,,False,still_missed
bytetrack_persist_5,video3/v03_20-20_f00000_t00.00_clear/gt007,video3/v03_20-20_f00000_t00.00_clear,7,video3,0,00000,00.00,clear,0,person,False,False,,,,,False,still_missed
bytetrack_persist_5,video3/v03_20-20_f00000_t00.00_clear/gt008,video3/v03_20-20_f00000_t00.00_clear,8,video3,0,00000,00.00,clear,0,person,False,False,,,,,False,still_missed
botsort,video3/v03_20-20_f00000_t00.00_clear/gt000,video3/v03_20-20_f00000_t00.00_clear,0,video3,0,00000,00.00,clear,0,person,True,True,0.9103,0.9092,1,0,False,both_detected
botsort,video3/v03_20-20_f00000_t00.00_clear/gt001,video3/v03_20-20_f00000_t00.00_clear,1,video3,0,00000,00.00,clear,56,chair,True,True,0.5586,0.5787,2,0,False,both_detected
botsort,video3/v03_20-20_f00000_t00.00_clear/gt002,video3/v03_20-20_f00000_t00.00_clear,2,video3,0,00000,00.00,clear,39,bottle,True,True,0.4599,0.3981,3,0,False,both_detected
botsort,video3/v03_20-20_f00000_t00.00_clear/gt003,video3/v03_20-20_f00000_t00.00_clear,3,video3,0,00000,00.00,clear,0,person,True,False,0.1896,,,,False,lost
botsort,video3/v03_20-20_f00000_t00.00_clear/gt004,video3/v03_20-20_f00000_t00.00_clear,4,video3,0,00000,00.00,clear,0,person,False,False,,,,,False,still_missed
botsort,video3/v03_20-20_f00000_t00.00_clear/gt005,video3/v03_20-20_f00000_t00.00_clear,5,video3,0,00000,00.00,clear,0,person,False,False,,,,,False,still_missed
botsort,video3/v03_20-20_f00000_t00.00_clear/gt006,video3/v03_20-20_f00000_t00.00_clear,6,video3,0,00000,00.00,clear,24,backpack,False,False,,,,,False,still_missed
botsort,video3/v03_20-20_f00000_t00.00_clear/gt007,video3/v03_20-20_f00000_t00.00_clear,7,video3,0,00000,00.00,clear,0,person,False,False,,,,,False,still_missed
botsort,video3/v03_20-20_f00000_t00.00_clear/gt008,video3/v03_20-20_f00000_t00.00_clear,8,video3,0,00000,00.00,clear,0,person,False,False,,,,,False,still_missed
botsort_persist_1,video3/v03_20-20_f00000_t00.00_clear/gt000,video3/v03_20-20_f00000_t00.00_clear,0,video3,0,00000,00.00,clear,0,person,True,True,0.9103,0.9103,,0,False,both_detected
botsort_persist_1,video3/v03_20-20_f00000_t00.00_clear/gt001,video3/v03_20-20_f00000_t00.00_clear,1,video3,0,00000,00.00,clear,56,chair,True,True,0.5586,0.5586,,0,False,both_detected
botsort_persist_1,video3/v03_20-20_f00000_t00.00_clear/gt002,video3/v03_20-20_f00000_t00.00_clear,2,video3,0,00000,00.00,clear,39,bottle,True,True,0.4599,0.4599,,0,False,both_detected
botsort_persist_1,video3/v03_20-20_f00000_t00.00_clear/gt003,video3/v03_20-20_f00000_t00.00_clear,3,video3,0,00000,00.00,clear,0,person,True,True,0.1896,0.1896,,0,False,both_detected
botsort_persist_1,video3/v03_20-20_f00000_t00.00_clear/gt004,video3/v03_20-20_f00000_t00.00_clear,4,video3,0,00000,00.00,clear,0,person,False,False,,,,,False,still_missed
botsort_persist_1,video3/v03_20-20_f00000_t00.00_clear/gt005,video3/v03_20-20_f00000_t00.00_clear,5,video3,0,00000,00.00,clear,0,person,False,False,,,,,False,still_missed
botsort_persist_1,video3/v03_20-20_f00000_t00.00_clear/gt006,video3/v03_20-20_f00000_t00.00_clear,6,video3,0,00000,00.00,clear,24,backpack,False,False,,,,,False,still_missed
botsort_persist_1,video3/v03_20-20_f00000_t00.00_clear/gt007,video3/v03_20-20_f00000_t00.00_clear,7,video3,0,00000,00.00,clear,0,person,False,False,,,,,False,still_missed
botsort_persist_1,video3/v03_20-20_f00000_t00.00_clear/gt008,video3/v03_20-20_f00000_t00.00_clear,8,video3,0,00000,00.00,clear,0,person,False,False,,,,,False,still_missed
botsort_persist_3,video3/v03_20-20_f00000_t00.00_clear/gt000,video3/v03_20-20_f00000_t00.00_clear,0,video3,0,00000,00.00,clear,0,person,True,True,0.9103,0.9103,,0,False,both_detected
botsort_persist_3,video3/v03_20-20_f00000_t00.00_clear/gt001,video3/v03_20-20_f00000_t00.00_clear,1,video3,0,00000,00.00,clear,56,chair,True,True,0.5586,0.5586,,0,False,both_detected
botsort_persist_3,video3/v03_20-20_f00000_t00.00_clear/gt002,video3/v03_20-20_f00000_t00.00_clear,2,video3,0,00000,00.00,clear,39,bottle,True,True,0.4599,0.4599,,0,False,both_detected
botsort_persist_3,video3/v03_20-20_f00000_t00.00_clear/gt003,video3/v03_20-20_f00000_t00.00_clear,3,video3,0,00000,00.00,clear,0,person,True,True,0.1896,0.1896,,0,False,both_detected
botsort_persist_3,video3/v03_20-20_f00000_t00.00_clear/gt004,video3/v03_20-20_f00000_t00.00_clear,4,video3,0,00000,00.00,clear,0,person,False,False,,,,,False,still_missed
botsort_persist_3,video3/v03_20-20_f00000_t00.00_clear/gt005,video3/v03_20-20_f00000_t00.00_clear,5,video3,0,00000,00.00,clear,0,person,False,False,,,,,False,still_missed
botsort_persist_3,video3/v03_20-20_f00000_t00.00_clear/gt006,video3/v03_20-20_f00000_t00.00_clear,6,video3,0,00000,00.00,clear,24,backpack,False,False,,,,,False,still_missed
botsort_persist_3,video3/v03_20-20_f00000_t00.00_clear/gt007,video3/v03_20-20_f00000_t00.00_clear,7,video3,0,00000,00.00,clear,0,person,False,False,,,,,False,still_missed
botsort_persist_3,video3/v03_20-20_f00000_t00.00_clear/gt008,video3/v03_20-20_f00000_t00.00_clear,8,video3,0,00000,00.00,clear,0,person,False,False,,,,,False,still_missed
botsort_persist_5,video3/v03_20-20_f00000_t00.00_clear/gt000,video3/v03_20-20_f00000_t00.00_clear,0,video3,0,00000,00.00,clear,0,person,True,True,0.9103,0.9103,,0,False,both_detected
botsort_persist_5,video3/v03_20-20_f00000_t00.00_clear/gt001,video3/v03_20-20_f00000_t00.00_clear,1,video3,0,00000,00.00,clear,56,chair,True,True,0.5586,0.5586,,0,False,both_detected
botsort_persist_5,video3/v03_20-20_f00000_t00.00_clear/gt002,video3/v03_20-20_f00000_t00.00_clear,2,video3,0,00000,00.00,clear,39,bottle,True,True,0.4599,0.4599,,0,False,both_detected
botsort_persist_5,video3/v03_20-20_f00000_t00.00_clear/gt003,video3/v03_20-20_f00000_t00.00_clear,3,video3,0,00000,00.00,clear,0,person,True,True,0.1896,0.1896,,0,False,both_detected
botsort_persist_5,video3/v03_20-20_f00000_t00.00_clear/gt004,video3/v03_20-20_f00000_t00.00_clear,4,video3,0,00000,00.00,clear,0,person,False,False,,,,,False,still_missed
botsort_persist_5,video3/v03_20-20_f00000_t00.00_clear/gt005,video3/v03_20-20_f00000_t00.00_clear,5,video3,0,00000,00.00,clear,0,person,False,False,,,,,False,still_missed
botsort_persist_5,video3/v03_20-20_f00000_t00.00_clear/gt006,video3/v03_20-20_f00000_t00.00_clear,6,video3,0,00000,00.00,clear,24,backpack,False,False,,,,,False,still_missed
botsort_persist_5,video3/v03_20-20_f00000_t00.00_clear/gt007,video3/v03_20-20_f00000_t00.00_clear,7,video3,0,00000,00.00,clear,0,person,False,False,,,,,False,still_missed
botsort_persist_5,video3/v03_20-20_f00000_t00.00_clear/gt008,video3/v03_20-20_f00000_t00.00_clear,8,video3,0,00000,00.00,clear,0,person,False,False,,,,,False,still_missed
bytetrack,video3/v03_20-20_f00016_t00.53_clear/gt000,video3/v03_20-20_f00016_t00.53_clear,0,video3,16,00016,00.53,clear,56,chair,True,False,0.2555,,,,False,lost
bytetrack,video3/v03_20-20_f00016_t00.53_clear/gt001,video3/v03_20-20_f00016_t00.53_clear,1,video3,16,00016,00.53,clear,56,chair,False,False,,,,,False,still_missed
bytetrack,video3/v03_20-20_f00016_t00.53_clear/gt002,video3/v03_20-20_f00016_t00.53_clear,2,video3,16,00016,00.53,clear,56,chair,False,False,,,,,False,still_missed
bytetrack,video3/v03_20-20_f00016_t00.53_clear/gt003,video3/v03_20-20_f00016_t00.53_clear,3,video3,16,00016,00.53,clear,56,chair,False,False,,,,,False,still_missed
bytetrack,video3/v03_20-20_f00016_t00.53_clear/gt004,video3/v03_20-20_f00016_t00.53_clear,4,video3,16,00016,00.53,clear,56,chair,False,False,,,,,False,still_missed
bytetrack,video3/v03_20-20_f00016_t00.53_clear/gt005,video3/v03_20-20_f00016_t00.53_clear,5,video3,16,00016,00.53,clear,56,chair,False,False,,,,,False,still_missed
bytetrack,video3/v03_20-20_f00016_t00.53_clear/gt006,video3/v03_20-20_f00016_t00.53_clear,6,video3,16,00016,00.53,clear,39,bottle,False,False,,,,,False,still_missed
bytetrack_persist_1,video3/v03_20-20_f00016_t00.53_clear/gt000,video3/v03_20-20_f00016_t00.53_clear,0,video3,16,00016,00.53,clear,56,chair,True,True,0.2555,0.2555,,0,False,both_detected
bytetrack_persist_1,video3/v03_20-20_f00016_t00.53_clear/gt001,video3/v03_20-20_f00016_t00.53_clear,1,video3,16,00016,00.53,clear,56,chair,False,False,,,,,False,still_missed
bytetrack_persist_1,video3/v03_20-20_f00016_t00.53_clear/gt002,video3/v03_20-20_f00016_t00.53_clear,2,video3,16,00016,00.53,clear,56,chair,False,False,,,,,False,still_missed
bytetrack_persist_1,video3/v03_20-20_f00016_t00.53_clear/gt003,video3/v03_20-20_f00016_t00.53_clear,3,video3,16,00016,00.53,clear,56,chair,False,False,,,,,False,still_missed
bytetrack_persist_1,video3/v03_20-20_f00016_t00.53_clear/gt004,video3/v03_20-20_f00016_t00.53_clear,4,video3,16,00016,00.53,clear,56,chair,False,False,,,,,False,still_missed
bytetrack_persist_1,video3/v03_20-20_f00016_t00.53_clear/gt005,video3/v03_20-20_f00016_t00.53_clear,5,video3,16,00016,00.53,clear,56,chair,False,False,,,,,False,still_missed
bytetrack_persist_1,video3/v03_20-20_f00016_t00.53_clear/gt006,video3/v03_20-20_f00016_t00.53_clear,6,video3,16,00016,00.53,clear,39,bottle,False,False,,,,,False,still_missed
bytetrack_persist_3,video3/v03_20-20_f00016_t00.53_clear/gt000,video3/v03_20-20_f00016_t00.53_clear,0,video3,16,00016,00.53,clear,56,chair,True,True,0.2555,0.2555,,0,False,both_detected
bytetrack_persist_3,video3/v03_20-20_f00016_t00.53_clear/gt001,video3/v03_20-20_f00016_t00.53_clear,1,video3,16,00016,00.53,clear,56,chair,False,False,,,,,False,still_missed
bytetrack_persist_3,video3/v03_20-20_f00016_t00.53_clear/gt002,video3/v03_20-20_f00016_t00.53_clear,2,video3,16,00016,00.53,clear,56,chair,False,False,,,,,False,still_missed
bytetrack_persist_3,video3/v03_20-20_f00016_t00.53_clear/gt003,video3/v03_20-20_f00016_t00.53_clear,3,video3,16,00016,00.53,clear,56,chair,False,False,,,,,False,still_missed
bytetrack_persist_3,video3/v03_20-20_f00016_t00.53_clear/gt004,video3/v03_20-20_f00016_t00.53_clear,4,video3,16,00016,00.53,clear,56,chair,False,False,,,,,False,still_missed
bytetrack_persist_3,video3/v03_20-20_f00016_t00.53_clear/gt005,video3/v03_20-20_f00016_t00.53_clear,5,video3,16,00016,00.53,clear,56,chair,False,False,,,,,False,still_missed
bytetrack_persist_3,video3/v03_20-20_f00016_t00.53_clear/gt006,video3/v03_20-20_f00016_t00.53_clear,6,video3,16,00016,00.53,clear,39,bottle,False,False,,,,,False,still_missed
bytetrack_persist_5,video3/v03_20-20_f00016_t00.53_clear/gt000,video3/v03_20-20_f00016_t00.53_clear,0,video3,16,00016,00.53,clear,56,chair,True,True,0.2555,0.2555,,0,False,both_detected
bytetrack_persist_5,video3/v03_20-20_f00016_t00.53_clear/gt001,video3/v03_20-20_f00016_t00.53_clear,1,video3,16,00016,00.53,clear,56,chair,False,False,,,,,False,still_missed
bytetrack_persist_5,video3/v03_20-20_f00016_t00.53_clear/gt002,video3/v03_20-20_f00016_t00.53_clear,2,video3,16,00016,00.53,clear,56,chair,False,False,,,,,False,still_missed
bytetrack_persist_5,video3/v03_20-20_f00016_t00.53_clear/gt003,video3/v03_20-20_f00016_t00.53_clear,3,video3,16,00016,00.53,clear,56,chair,False,False,,,,,False,still_missed
bytetrack_persist_5,video3/v03_20-20_f00016_t00.53_clear/gt004,video3/v03_20-20_f00016_t00.53_clear,4,video3,16,00016,00.53,clear,56,chair,False,False,,,,,False,still_missed
bytetrack_persist_5,video3/v03_20-20_f00016_t00.53_clear/gt005,video3/v03_20-20_f00016_t00.53_clear,5,video3,16,00016,00.53,clear,56,chair,False,False,,,,,False,still_missed
bytetrack_persist_5,video3/v03_20-20_f00016_t00.53_clear/gt006,video3/v03_20-20_f00016_t00.53_clear,6,video3,16,00016,00.53,clear,39,bottle,False,False,,,,,False,still_missed
botsort,video3/v03_20-20_f00016_t00.53_clear/gt000,video3/v03_20-20_f00016_t00.53_clear,0,video3,16,00016,00.53,clear,56,chair,True,False,0.2555,,,,False,lost
botsort,video3/v03_20-20_f00016_t00.53_clear/gt001,video3/v03_20-20_f00016_t00.53_clear,1,video3,16,00016,00.53,clear,56,chair,False,False,,,,,False,still_missed
botsort,video3/v03_20-20_f00016_t00.53_clear/gt002,video3/v03_20-20_f00016_t00.53_clear,2,video3,16,00016,00.53,clear,56,chair,False,False,,,,,False,still_missed
botsort,video3/v03_20-20_f00016_t00.53_clear/gt003,video3/v03_20-20_f00016_t00.53_clear,3,video3,16,00016,00.53,clear,56,chair,False,False,,,,,False,still_missed
botsort,video3/v03_20-20_f00016_t00.53_clear/gt004,video3/v03_20-20_f00016_t00.53_clear,4,video3,16,00016,00.53,clear,56,chair,False,False,,,,,False,still_missed
botsort,video3/v03_20-20_f00016_t00.53_clear/gt005,video3/v03_20-20_f00016_t00.53_clear,5,video3,16,00016,00.53,clear,56,chair,False,False,,,,,False,still_missed
botsort,video3/v03_20-20_f00016_t00.53_clear/gt006,video3/v03_20-20_f00016_t00.53_clear,6,video3,16,00016,00.53,clear,39,bottle,False,False,,,,,False,still_missed
botsort_persist_1,video3/v03_20-20_f00016_t00.53_clear/gt000,video3/v03_20-20_f00016_t00.53_clear,0,video3,16,00016,00.53,clear,56,chair,True,True,0.2555,0.2555,,0,False,both_detected
botsort_persist_1,video3/v03_20-20_f00016_t00.53_clear/gt001,video3/v03_20-20_f00016_t00.53_clear,1,video3,16,00016,00.53,clear,56,chair,False,False,,,,,False,still_missed
botsort_persist_1,video3/v03_20-20_f00016_t00.53_clear/gt002,video3/v03_20-20_f00016_t00.53_clear,2,video3,16,00016,00.53,clear,56,chair,False,False,,,,,False,still_missed
botsort_persist_1,video3/v03_20-20_f00016_t00.53_clear/gt003,video3/v03_20-20_f00016_t00.53_clear,3,video3,16,00016,00.53,clear,56,chair,False,False,,,,,False,still_missed
botsort_persist_1,video3/v03_20-20_f00016_t00.53_clear/gt004,video3/v03_20-20_f00016_t00.53_clear,4,video3,16,00016,00.53,clear,56,chair,False,False,,,,,False,still_missed
botsort_persist_1,video3/v03_20-20_f00016_t00.53_clear/gt005,video3/v03_20-20_f00016_t00.53_clear,5,video3,16,00016,00.53,clear,56,chair,False,False,,,,,False,still_missed
botsort_persist_1,video3/v03_20-20_f00016_t00.53_clear/gt006,video3/v03_20-20_f00016_t00.53_clear,6,video3,16,00016,00.53,clear,39,bottle,False,False,,,,,False,still_missed
botsort_persist_3,video3/v03_20-20_f00016_t00.53_clear/gt000,video3/v03_20-20_f00016_t00.53_clear,0,video3,16,00016,00.53,clear,56,chair,True,True,0.2555,0.2555,,0,False,both_detected
botsort_persist_3,video3/v03_20-20_f00016_t00.53_clear/gt001,video3/v03_20-20_f00016_t00.53_clear,1,video3,16,00016,00.53,clear,56,chair,False,False,,,,,False,still_missed
botsort_persist_3,video3/v03_20-20_f00016_t00.53_clear/gt002,video3/v03_20-20_f00016_t00.53_clear,2,video3,16,00016,00.53,clear,56,chair,False,False,,,,,False,still_missed
botsort_persist_3,video3/v03_20-20_f00016_t00.53_clear/gt003,video3/v03_20-20_f00016_t00.53_clear,3,video3,16,00016,00.53,clear,56,chair,False,False,,,,,False,still_missed
botsort_persist_3,video3/v03_20-20_f00016_t00.53_clear/gt004,video3/v03_20-20_f00016_t00.53_clear,4,video3,16,00016,00.53,clear,56,chair,False,False,,,,,False,still_missed
botsort_persist_3,video3/v03_20-20_f00016_t00.53_clear/gt005,video3/v03_20-20_f00016_t00.53_clear,5,video3,16,00016,00.53,clear,56,chair,False,False,,,,,False,still_missed
botsort_persist_3,video3/v03_20-20_f00016_t00.53_clear/gt006,video3/v03_20-20_f00016_t00.53_clear,6,video3,16,00016,00.53,clear,39,bottle,False,False,,,,,False,still_missed
botsort_persist_5,video3/v03_20-20_f00016_t00.53_clear/gt000,video3/v03_20-20_f00016_t00.53_clear,0,video3,16,00016,00.53,clear,56,chair,True,True,0.2555,0.2555,,0,False,both_detected
botsort_persist_5,video3/v03_20-20_f00016_t00.53_clear/gt001,video3/v03_20-20_f00016_t00.53_clear,1,video3,16,00016,00.53,clear,56,chair,False,False,,,,,False,still_missed
botsort_persist_5,video3/v03_20-20_f00016_t00.53_clear/gt002,video3/v03_20-20_f00016_t00.53_clear,2,video3,16,00016,00.53,clear,56,chair,False,False,,,,,False,still_missed
botsort_persist_5,video3/v03_20-20_f00016_t00.53_clear/gt003,video3/v03_20-20_f00016_t00.53_clear,3,video3,16,00016,00.53,clear,56,chair,False,False,,,,,False,still_missed
botsort_persist_5,video3/v03_20-20_f00016_t00.53_clear/gt004,video3/v03_20-20_f00016_t00.53_clear,4,video3,16,00016,00.53,clear,56,chair,False,False,,,,,False,still_missed
botsort_persist_5,video3/v03_20-20_f00016_t00.53_clear/gt005,video3/v03_20-20_f00016_t00.53_clear,5,video3,16,00016,00.53,clear,56,chair,False,False,,,,,False,still_missed
botsort_persist_5,video3/v03_20-20_f00016_t00.53_clear/gt006,video3/v03_20-20_f00016_t00.53_clear,6,video3,16,00016,00.53,clear,39,bottle,False,False,,,,,False,still_missed
bytetrack,video3/v03_20-20_f00048_t01.60_moderate_blur/gt000,video3/v03_20-20_f00048_t01.60_moderate_blur,0,video3,48,00048,01.60,moderate_blur,24,backpack,False,False,,,,,False,still_missed
bytetrack,video3/v03_20-20_f00048_t01.60_moderate_blur/gt001,video3/v03_20-20_f00048_t01.60_moderate_blur,1,video3,48,00048,01.60,moderate_blur,39,bottle,False,False,,,,,False,still_missed
bytetrack,video3/v03_20-20_f00048_t01.60_moderate_blur/gt002,video3/v03_20-20_f00048_t01.60_moderate_blur,2,video3,48,00048,01.60,moderate_blur,0,person,False,False,,,,,False,still_missed
bytetrack,video3/v03_20-20_f00048_t01.60_moderate_blur/gt003,video3/v03_20-20_f00048_t01.60_moderate_blur,3,video3,48,00048,01.60,moderate_blur,0,person,False,False,,,,,False,still_missed
bytetrack,video3/v03_20-20_f00048_t01.60_moderate_blur/gt004,video3/v03_20-20_f00048_t01.60_moderate_blur,4,video3,48,00048,01.60,moderate_blur,56,chair,False,False,,,,,False,still_missed
bytetrack,video3/v03_20-20_f00048_t01.60_moderate_blur/gt005,video3/v03_20-20_f00048_t01.60_moderate_blur,5,video3,48,00048,01.60,moderate_blur,56,chair,False,False,,,,,False,still_missed
bytetrack_persist_1,video3/v03_20-20_f00048_t01.60_moderate_blur/gt000,video3/v03_20-20_f00048_t01.60_moderate_blur,0,video3,48,00048,01.60,moderate_blur,24,backpack,False,False,,,,,False,still_missed
bytetrack_persist_1,video3/v03_20-20_f00048_t01.60_moderate_blur/gt001,video3/v03_20-20_f00048_t01.60_moderate_blur,1,video3,48,00048,01.60,moderate_blur,39,bottle,False,False,,,,,False,still_missed
bytetrack_persist_1,video3/v03_20-20_f00048_t01.60_moderate_blur/gt002,video3/v03_20-20_f00048_t01.60_moderate_blur,2,video3,48,00048,01.60,moderate_blur,0,person,False,False,,,,,False,still_missed
bytetrack_persist_1,video3/v03_20-20_f00048_t01.60_moderate_blur/gt003,video3/v03_20-20_f00048_t01.60_moderate_blur,3,video3,48,00048,01.60,moderate_blur,0,person,False,False,,,,,False,still_missed
bytetrack_persist_1,video3/v03_20-20_f00048_t01.60_moderate_blur/gt004,video3/v03_20-20_f00048_t01.60_moderate_blur,4,video3,48,00048,01.60,moderate_blur,56,chair,False,False,,,,,False,still_missed
bytetrack_persist_1,video3/v03_20-20_f00048_t01.60_moderate_blur/gt005,video3/v03_20-20_f00048_t01.60_moderate_blur,5,video3,48,00048,01.60,moderate_blur,56,chair,False,False,,,,,False,still_missed
bytetrack_persist_3,video3/v03_20-20_f00048_t01.60_moderate_blur/gt000,video3/v03_20-20_f00048_t01.60_moderate_blur,0,video3,48,00048,01.60,moderate_blur,24,backpack,False,False,,,,,False,still_missed
bytetrack_persist_3,video3/v03_20-20_f00048_t01.60_moderate_blur/gt001,video3/v03_20-20_f00048_t01.60_moderate_blur,1,video3,48,00048,01.60,moderate_blur,39,bottle,False,False,,,,,False,still_missed
bytetrack_persist_3,video3/v03_20-20_f00048_t01.60_moderate_blur/gt002,video3/v03_20-20_f00048_t01.60_moderate_blur,2,video3,48,00048,01.60,moderate_blur,0,person,False,False,,,,,False,still_missed
bytetrack_persist_3,video3/v03_20-20_f00048_t01.60_moderate_blur/gt003,video3/v03_20-20_f00048_t01.60_moderate_blur,3,video3,48,00048,01.60,moderate_blur,0,person,False,False,,,,,False,still_missed
bytetrack_persist_3,video3/v03_20-20_f00048_t01.60_moderate_blur/gt004,video3/v03_20-20_f00048_t01.60_moderate_blur,4,video3,48,00048,01.60,moderate_blur,56,chair,False,False,,,,,False,still_missed
bytetrack_persist_3,video3/v03_20-20_f00048_t01.60_moderate_blur/gt005,video3/v03_20-20_f00048_t01.60_moderate_blur,5,video3,48,00048,01.60,moderate_blur,56,chair,False,False,,,,,False,still_missed
bytetrack_persist_5,video3/v03_20-20_f00048_t01.60_moderate_blur/gt000,video3/v03_20-20_f00048_t01.60_moderate_blur,0,video3,48,00048,01.60,moderate_blur,24,backpack,False,False,,,,,False,still_missed
bytetrack_persist_5,video3/v03_20-20_f00048_t01.60_moderate_blur/gt001,video3/v03_20-20_f00048_t01.60_moderate_blur,1,video3,48,00048,01.60,moderate_blur,39,bottle,False,False,,,,,False,still_missed
bytetrack_persist_5,video3/v03_20-20_f00048_t01.60_moderate_blur/gt002,video3/v03_20-20_f00048_t01.60_moderate_blur,2,video3,48,00048,01.60,moderate_blur,0,person,False,False,,,,,False,still_missed
bytetrack_persist_5,video3/v03_20-20_f00048_t01.60_moderate_blur/gt003,video3/v03_20-20_f00048_t01.60_moderate_blur,3,video3,48,00048,01.60,moderate_blur,0,person,False,False,,,,,False,still_missed
bytetrack_persist_5,video3/v03_20-20_f00048_t01.60_moderate_blur/gt004,video3/v03_20-20_f00048_t01.60_moderate_blur,4,video3,48,00048,01.60,moderate_blur,56,chair,False,False,,,,,False,still_missed
bytetrack_persist_5,video3/v03_20-20_f00048_t01.60_moderate_blur/gt005,video3/v03_20-20_f00048_t01.60_moderate_blur,5,video3,48,00048,01.60,moderate_blur,56,chair,False,False,,,,,False,still_missed
botsort,video3/v03_20-20_f00048_t01.60_moderate_blur/gt000,video3/v03_20-20_f00048_t01.60_moderate_blur,0,video3,48,00048,01.60,moderate_blur,24,backpack,False,False,,,,,False,still_missed
botsort,video3/v03_20-20_f00048_t01.60_moderate_blur/gt001,video3/v03_20-20_f00048_t01.60_moderate_blur,1,video3,48,00048,01.60,moderate_blur,39,bottle,False,False,,,,,False,still_missed
botsort,video3/v03_20-20_f00048_t01.60_moderate_blur/gt002,video3/v03_20-20_f00048_t01.60_moderate_blur,2,video3,48,00048,01.60,moderate_blur,0,person,False,False,,,,,False,still_missed
botsort,video3/v03_20-20_f00048_t01.60_moderate_blur/gt003,video3/v03_20-20_f00048_t01.60_moderate_blur,3,video3,48,00048,01.60,moderate_blur,0,person,False,False,,,,,False,still_missed
botsort,video3/v03_20-20_f00048_t01.60_moderate_blur/gt004,video3/v03_20-20_f00048_t01.60_moderate_blur,4,video3,48,00048,01.60,moderate_blur,56,chair,False,False,,,,,False,still_missed
botsort,video3/v03_20-20_f00048_t01.60_moderate_blur/gt005,video3/v03_20-20_f00048_t01.60_moderate_blur,5,video3,48,00048,01.60,moderate_blur,56,chair,False,False,,,,,False,still_missed
botsort_persist_1,video3/v03_20-20_f00048_t01.60_moderate_blur/gt000,video3/v03_20-20_f00048_t01.60_moderate_blur,0,video3,48,00048,01.60,moderate_blur,24,backpack,False,False,,,,,False,still_missed
botsort_persist_1,video3/v03_20-20_f00048_t01.60_moderate_blur/gt001,video3/v03_20-20_f00048_t01.60_moderate_blur,1,video3,48,00048,01.60,moderate_blur,39,bottle,False,False,,,,,False,still_missed
botsort_persist_1,video3/v03_20-20_f00048_t01.60_moderate_blur/gt002,video3/v03_20-20_f00048_t01.60_moderate_blur,2,video3,48,00048,01.60,moderate_blur,0,person,False,False,,,,,False,still_missed
botsort_persist_1,video3/v03_20-20_f00048_t01.60_moderate_blur/gt003,video3/v03_20-20_f00048_t01.60_moderate_blur,3,video3,48,00048,01.60,moderate_blur,0,person,False,False,,,,,False,still_missed
botsort_persist_1,video3/v03_20-20_f00048_t01.60_moderate_blur/gt004,video3/v03_20-20_f00048_t01.60_moderate_blur,4,video3,48,00048,01.60,moderate_blur,56,chair,False,False,,,,,False,still_missed
botsort_persist_1,video3/v03_20-20_f00048_t01.60_moderate_blur/gt005,video3/v03_20-20_f00048_t01.60_moderate_blur,5,video3,48,00048,01.60,moderate_blur,56,chair,False,False,,,,,False,still_missed
botsort_persist_3,video3/v03_20-20_f00048_t01.60_moderate_blur/gt000,video3/v03_20-20_f00048_t01.60_moderate_blur,0,video3,48,00048,01.60,moderate_blur,24,backpack,False,False,,,,,False,still_missed
botsort_persist_3,video3/v03_20-20_f00048_t01.60_moderate_blur/gt001,video3/v03_20-20_f00048_t01.60_moderate_blur,1,video3,48,00048,01.60,moderate_blur,39,bottle,False,False,,,,,False,still_missed
botsort_persist_3,video3/v03_20-20_f00048_t01.60_moderate_blur/gt002,video3/v03_20-20_f00048_t01.60_moderate_blur,2,video3,48,00048,01.60,moderate_blur,0,person,False,False,,,,,False,still_missed
botsort_persist_3,video3/v03_20-20_f00048_t01.60_moderate_blur/gt003,video3/v03_20-20_f00048_t01.60_moderate_blur,3,video3,48,00048,01.60,moderate_blur,0,person,False,False,,,,,False,still_missed
botsort_persist_3,video3/v03_20-20_f00048_t01.60_moderate_blur/gt004,video3/v03_20-20_f00048_t01.60_moderate_blur,4,video3,48,00048,01.60,moderate_blur,56,chair,False,False,,,,,False,still_missed
botsort_persist_3,video3/v03_20-20_f00048_t01.60_moderate_blur/gt005,video3/v03_20-20_f00048_t01.60_moderate_blur,5,video3,48,00048,01.60,moderate_blur,56,chair,False,False,,,,,False,still_missed
botsort_persist_5,video3/v03_20-20_f00048_t01.60_moderate_blur/gt000,video3/v03_20-20_f00048_t01.60_moderate_blur,0,video3,48,00048,01.60,moderate_blur,24,backpack,False,False,,,,,False,still_missed
botsort_persist_5,video3/v03_20-20_f00048_t01.60_moderate_blur/gt001,video3/v03_20-20_f00048_t01.60_moderate_blur,1,video3,48,00048,01.60,moderate_blur,39,bottle,False,False,,,,,False,still_missed
botsort_persist_5,video3/v03_20-20_f00048_t01.60_moderate_blur/gt002,video3/v03_20-20_f00048_t01.60_moderate_blur,2,video3,48,00048,01.60,moderate_blur,0,person,False,False,,,,,False,still_missed
botsort_persist_5,video3/v03_20-20_f00048_t01.60_moderate_blur/gt003,video3/v03_20-20_f00048_t01.60_moderate_blur,3,video3,48,00048,01.60,moderate_blur,0,person,False,False,,,,,False,still_missed
botsort_persist_5,video3/v03_20-20_f00048_t01.60_moderate_blur/gt004,video3/v03_20-20_f00048_t01.60_moderate_blur,4,video3,48,00048,01.60,moderate_blur,56,chair,False,False,,,,,False,still_missed
botsort_persist_5,video3/v03_20-20_f00048_t01.60_moderate_blur/gt005,video3/v03_20-20_f00048_t01.60_moderate_blur,5,video3,48,00048,01.60,moderate_blur,56,chair,False,False,,,,,False,still_missed
bytetrack,video3/v03_20-20_f00064_t02.13_clear/gt000,video3/v03_20-20_f00064_t02.13_clear,0,video3,64,00064,02.13,clear,24,backpack,True,False,0.3142,,,,False,lost
bytetrack,video3/v03_20-20_f00064_t02.13_clear/gt001,video3/v03_20-20_f00064_t02.13_clear,1,video3,64,00064,02.13,clear,0,person,False,False,,,,,False,still_missed
bytetrack,video3/v03_20-20_f00064_t02.13_clear/gt002,video3/v03_20-20_f00064_t02.13_clear,2,video3,64,00064,02.13,clear,56,chair,False,False,,,,,False,still_missed
bytetrack,video3/v03_20-20_f00064_t02.13_clear/gt003,video3/v03_20-20_f00064_t02.13_clear,3,video3,64,00064,02.13,clear,0,person,False,False,,,,,False,still_missed
bytetrack,video3/v03_20-20_f00064_t02.13_clear/gt004,video3/v03_20-20_f00064_t02.13_clear,4,video3,64,00064,02.13,clear,56,chair,False,False,,,,,False,still_missed
bytetrack,video3/v03_20-20_f00064_t02.13_clear/gt005,video3/v03_20-20_f00064_t02.13_clear,5,video3,64,00064,02.13,clear,56,chair,False,False,,,,,False,still_missed
bytetrack,video3/v03_20-20_f00064_t02.13_clear/gt006,video3/v03_20-20_f00064_t02.13_clear,6,video3,64,00064,02.13,clear,60,dining table,False,False,,,,,False,still_missed
bytetrack_persist_1,video3/v03_20-20_f00064_t02.13_clear/gt000,video3/v03_20-20_f00064_t02.13_clear,0,video3,64,00064,02.13,clear,24,backpack,True,True,0.3142,0.3142,,0,False,both_detected
bytetrack_persist_1,video3/v03_20-20_f00064_t02.13_clear/gt001,video3/v03_20-20_f00064_t02.13_clear,1,video3,64,00064,02.13,clear,0,person,False,False,,,,,False,still_missed
bytetrack_persist_1,video3/v03_20-20_f00064_t02.13_clear/gt002,video3/v03_20-20_f00064_t02.13_clear,2,video3,64,00064,02.13,clear,56,chair,False,False,,,,,False,still_missed
bytetrack_persist_1,video3/v03_20-20_f00064_t02.13_clear/gt003,video3/v03_20-20_f00064_t02.13_clear,3,video3,64,00064,02.13,clear,0,person,False,False,,,,,False,still_missed
bytetrack_persist_1,video3/v03_20-20_f00064_t02.13_clear/gt004,video3/v03_20-20_f00064_t02.13_clear,4,video3,64,00064,02.13,clear,56,chair,False,False,,,,,False,still_missed
bytetrack_persist_1,video3/v03_20-20_f00064_t02.13_clear/gt005,video3/v03_20-20_f00064_t02.13_clear,5,video3,64,00064,02.13,clear,56,chair,False,False,,,,,False,still_missed
bytetrack_persist_1,video3/v03_20-20_f00064_t02.13_clear/gt006,video3/v03_20-20_f00064_t02.13_clear,6,video3,64,00064,02.13,clear,60,dining table,False,False,,,,,False,still_missed
bytetrack_persist_3,video3/v03_20-20_f00064_t02.13_clear/gt000,video3/v03_20-20_f00064_t02.13_clear,0,video3,64,00064,02.13,clear,24,backpack,True,True,0.3142,0.3142,,0,False,both_detected
bytetrack_persist_3,video3/v03_20-20_f00064_t02.13_clear/gt001,video3/v03_20-20_f00064_t02.13_clear,1,video3,64,00064,02.13,clear,0,person,False,False,,,,,False,still_missed
bytetrack_persist_3,video3/v03_20-20_f00064_t02.13_clear/gt002,video3/v03_20-20_f00064_t02.13_clear,2,video3,64,00064,02.13,clear,56,chair,False,False,,,,,False,still_missed
bytetrack_persist_3,video3/v03_20-20_f00064_t02.13_clear/gt003,video3/v03_20-20_f00064_t02.13_clear,3,video3,64,00064,02.13,clear,0,person,False,False,,,,,False,still_missed
bytetrack_persist_3,video3/v03_20-20_f00064_t02.13_clear/gt004,video3/v03_20-20_f00064_t02.13_clear,4,video3,64,00064,02.13,clear,56,chair,False,False,,,,,False,still_missed
bytetrack_persist_3,video3/v03_20-20_f00064_t02.13_clear/gt005,video3/v03_20-20_f00064_t02.13_clear,5,video3,64,00064,02.13,clear,56,chair,False,False,,,,,False,still_missed
bytetrack_persist_3,video3/v03_20-20_f00064_t02.13_clear/gt006,video3/v03_20-20_f00064_t02.13_clear,6,video3,64,00064,02.13,clear,60,dining table,False,False,,,,,False,still_missed
bytetrack_persist_5,video3/v03_20-20_f00064_t02.13_clear/gt000,video3/v03_20-20_f00064_t02.13_clear,0,video3,64,00064,02.13,clear,24,backpack,True,True,0.3142,0.3142,,0,False,both_detected
bytetrack_persist_5,video3/v03_20-20_f00064_t02.13_clear/gt001,video3/v03_20-20_f00064_t02.13_clear,1,video3,64,00064,02.13,clear,0,person,False,False,,,,,False,still_missed
bytetrack_persist_5,video3/v03_20-20_f00064_t02.13_clear/gt002,video3/v03_20-20_f00064_t02.13_clear,2,video3,64,00064,02.13,clear,56,chair,False,False,,,,,False,still_missed
bytetrack_persist_5,video3/v03_20-20_f00064_t02.13_clear/gt003,video3/v03_20-20_f00064_t02.13_clear,3,video3,64,00064,02.13,clear,0,person,False,False,,,,,False,still_missed
bytetrack_persist_5,video3/v03_20-20_f00064_t02.13_clear/gt004,video3/v03_20-20_f00064_t02.13_clear,4,video3,64,00064,02.13,clear,56,chair,False,False,,,,,False,still_missed
bytetrack_persist_5,video3/v03_20-20_f00064_t02.13_clear/gt005,video3/v03_20-20_f00064_t02.13_clear,5,video3,64,00064,02.13,clear,56,chair,False,False,,,,,False,still_missed
bytetrack_persist_5,video3/v03_20-20_f00064_t02.13_clear/gt006,video3/v03_20-20_f00064_t02.13_clear,6,video3,64,00064,02.13,clear,60,dining table,False,False,,,,,False,still_missed
botsort,video3/v03_20-20_f00064_t02.13_clear/gt000,video3/v03_20-20_f00064_t02.13_clear,0,video3,64,00064,02.13,clear,24,backpack,True,False,0.3142,,,,False,lost
botsort,video3/v03_20-20_f00064_t02.13_clear/gt001,video3/v03_20-20_f00064_t02.13_clear,1,video3,64,00064,02.13,clear,0,person,False,False,,,,,False,still_missed
botsort,video3/v03_20-20_f00064_t02.13_clear/gt002,video3/v03_20-20_f00064_t02.13_clear,2,video3,64,00064,02.13,clear,56,chair,False,False,,,,,False,still_missed
botsort,video3/v03_20-20_f00064_t02.13_clear/gt003,video3/v03_20-20_f00064_t02.13_clear,3,video3,64,00064,02.13,clear,0,person,False,False,,,,,False,still_missed
botsort,video3/v03_20-20_f00064_t02.13_clear/gt004,video3/v03_20-20_f00064_t02.13_clear,4,video3,64,00064,02.13,clear,56,chair,False,False,,,,,False,still_missed
botsort,video3/v03_20-20_f00064_t02.13_clear/gt005,video3/v03_20-20_f00064_t02.13_clear,5,video3,64,00064,02.13,clear,56,chair,False,False,,,,,False,still_missed
botsort,video3/v03_20-20_f00064_t02.13_clear/gt006,video3/v03_20-20_f00064_t02.13_clear,6,video3,64,00064,02.13,clear,60,dining table,False,False,,,,,False,still_missed
botsort_persist_1,video3/v03_20-20_f00064_t02.13_clear/gt000,video3/v03_20-20_f00064_t02.13_clear,0,video3,64,00064,02.13,clear,24,backpack,True,True,0.3142,0.3142,,0,False,both_detected
botsort_persist_1,video3/v03_20-20_f00064_t02.13_clear/gt001,video3/v03_20-20_f00064_t02.13_clear,1,video3,64,00064,02.13,clear,0,person,False,False,,,,,False,still_missed
botsort_persist_1,video3/v03_20-20_f00064_t02.13_clear/gt002,video3/v03_20-20_f00064_t02.13_clear,2,video3,64,00064,02.13,clear,56,chair,False,False,,,,,False,still_missed
botsort_persist_1,video3/v03_20-20_f00064_t02.13_clear/gt003,video3/v03_20-20_f00064_t02.13_clear,3,video3,64,00064,02.13,clear,0,person,False,False,,,,,False,still_missed
botsort_persist_1,video3/v03_20-20_f00064_t02.13_clear/gt004,video3/v03_20-20_f00064_t02.13_clear,4,video3,64,00064,02.13,clear,56,chair,False,False,,,,,False,still_missed
botsort_persist_1,video3/v03_20-20_f00064_t02.13_clear/gt005,video3/v03_20-20_f00064_t02.13_clear,5,video3,64,00064,02.13,clear,56,chair,False,False,,,,,False,still_missed
botsort_persist_1,video3/v03_20-20_f00064_t02.13_clear/gt006,video3/v03_20-20_f00064_t02.13_clear,6,video3,64,00064,02.13,clear,60,dining table,False,False,,,,,False,still_missed
botsort_persist_3,video3/v03_20-20_f00064_t02.13_clear/gt000,video3/v03_20-20_f00064_t02.13_clear,0,video3,64,00064,02.13,clear,24,backpack,True,True,0.3142,0.3142,,0,False,both_detected
botsort_persist_3,video3/v03_20-20_f00064_t02.13_clear/gt001,video3/v03_20-20_f00064_t02.13_clear,1,video3,64,00064,02.13,clear,0,person,False,False,,,,,False,still_missed
botsort_persist_3,video3/v03_20-20_f00064_t02.13_clear/gt002,video3/v03_20-20_f00064_t02.13_clear,2,video3,64,00064,02.13,clear,56,chair,False,False,,,,,False,still_missed
botsort_persist_3,video3/v03_20-20_f00064_t02.13_clear/gt003,video3/v03_20-20_f00064_t02.13_clear,3,video3,64,00064,02.13,clear,0,person,False,False,,,,,False,still_missed
botsort_persist_3,video3/v03_20-20_f00064_t02.13_clear/gt004,video3/v03_20-20_f00064_t02.13_clear,4,video3,64,00064,02.13,clear,56,chair,False,False,,,,,False,still_missed
botsort_persist_3,video3/v03_20-20_f00064_t02.13_clear/gt005,video3/v03_20-20_f00064_t02.13_clear,5,video3,64,00064,02.13,clear,56,chair,False,False,,,,,False,still_missed
botsort_persist_3,video3/v03_20-20_f00064_t02.13_clear/gt006,video3/v03_20-20_f00064_t02.13_clear,6,video3,64,00064,02.13,clear,60,dining table,False,False,,,,,False,still_missed
botsort_persist_5,video3/v03_20-20_f00064_t02.13_clear/gt000,video3/v03_20-20_f00064_t02.13_clear,0,video3,64,00064,02.13,clear,24,backpack,True,True,0.3142,0.3142,,0,False,both_detected
botsort_persist_5,video3/v03_20-20_f00064_t02.13_clear/gt001,video3/v03_20-20_f00064_t02.13_clear,1,video3,64,00064,02.13,clear,0,person,False,False,,,,,False,still_missed
botsort_persist_5,video3/v03_20-20_f00064_t02.13_clear/gt002,video3/v03_20-20_f00064_t02.13_clear,2,video3,64,00064,02.13,clear,56,chair,False,False,,,,,False,still_missed
botsort_persist_5,video3/v03_20-20_f00064_t02.13_clear/gt003,video3/v03_20-20_f00064_t02.13_clear,3,video3,64,00064,02.13,clear,0,person,False,False,,,,,False,still_missed
botsort_persist_5,video3/v03_20-20_f00064_t02.13_clear/gt004,video3/v03_20-20_f00064_t02.13_clear,4,video3,64,00064,02.13,clear,56,chair,False,False,,,,,False,still_missed
botsort_persist_5,video3/v03_20-20_f00064_t02.13_clear/gt005,video3/v03_20-20_f00064_t02.13_clear,5,video3,64,00064,02.13,clear,56,chair,False,False,,,,,False,still_missed
botsort_persist_5,video3/v03_20-20_f00064_t02.13_clear/gt006,video3/v03_20-20_f00064_t02.13_clear,6,video3,64,00064,02.13,clear,60,dining table,False,False,,,,,False,still_missed
bytetrack,video3/v03_20-20_f00080_t02.67_moderate_blur/gt000,video3/v03_20-20_f00080_t02.67_moderate_blur,0,video3,80,00080,02.67,moderate_blur,24,backpack,False,False,,,,,False,still_missed
bytetrack,video3/v03_20-20_f00080_t02.67_moderate_blur/gt001,video3/v03_20-20_f00080_t02.67_moderate_blur,1,video3,80,00080,02.67,moderate_blur,56,chair,False,False,,,,,False,still_missed
bytetrack,video3/v03_20-20_f00080_t02.67_moderate_blur/gt002,video3/v03_20-20_f00080_t02.67_moderate_blur,2,video3,80,00080,02.67,moderate_blur,56,chair,False,False,,,,,False,still_missed
bytetrack,video3/v03_20-20_f00080_t02.67_moderate_blur/gt003,video3/v03_20-20_f00080_t02.67_moderate_blur,3,video3,80,00080,02.67,moderate_blur,0,person,False,False,,,,,False,still_missed
bytetrack,video3/v03_20-20_f00080_t02.67_moderate_blur/gt004,video3/v03_20-20_f00080_t02.67_moderate_blur,4,video3,80,00080,02.67,moderate_blur,0,person,False,False,,,,,False,still_missed
bytetrack,video3/v03_20-20_f00080_t02.67_moderate_blur/gt005,video3/v03_20-20_f00080_t02.67_moderate_blur,5,video3,80,00080,02.67,moderate_blur,60,dining table,False,False,,,,,False,still_missed
bytetrack_persist_1,video3/v03_20-20_f00080_t02.67_moderate_blur/gt000,video3/v03_20-20_f00080_t02.67_moderate_blur,0,video3,80,00080,02.67,moderate_blur,24,backpack,False,False,,,,,False,still_missed
bytetrack_persist_1,video3/v03_20-20_f00080_t02.67_moderate_blur/gt001,video3/v03_20-20_f00080_t02.67_moderate_blur,1,video3,80,00080,02.67,moderate_blur,56,chair,False,False,,,,,False,still_missed
bytetrack_persist_1,video3/v03_20-20_f00080_t02.67_moderate_blur/gt002,video3/v03_20-20_f00080_t02.67_moderate_blur,2,video3,80,00080,02.67,moderate_blur,56,chair,False,False,,,,,False,still_missed
bytetrack_persist_1,video3/v03_20-20_f00080_t02.67_moderate_blur/gt003,video3/v03_20-20_f00080_t02.67_moderate_blur,3,video3,80,00080,02.67,moderate_blur,0,person,False,False,,,,,False,still_missed
bytetrack_persist_1,video3/v03_20-20_f00080_t02.67_moderate_blur/gt004,video3/v03_20-20_f00080_t02.67_moderate_blur,4,video3,80,00080,02.67,moderate_blur,0,person,False,False,,,,,False,still_missed
bytetrack_persist_1,video3/v03_20-20_f00080_t02.67_moderate_blur/gt005,video3/v03_20-20_f00080_t02.67_moderate_blur,5,video3,80,00080,02.67,moderate_blur,60,dining table,False,False,,,,,False,still_missed
bytetrack_persist_3,video3/v03_20-20_f00080_t02.67_moderate_blur/gt000,video3/v03_20-20_f00080_t02.67_moderate_blur,0,video3,80,00080,02.67,moderate_blur,24,backpack,False,False,,,,,False,still_missed
bytetrack_persist_3,video3/v03_20-20_f00080_t02.67_moderate_blur/gt001,video3/v03_20-20_f00080_t02.67_moderate_blur,1,video3,80,00080,02.67,moderate_blur,56,chair,False,False,,,,,False,still_missed
bytetrack_persist_3,video3/v03_20-20_f00080_t02.67_moderate_blur/gt002,video3/v03_20-20_f00080_t02.67_moderate_blur,2,video3,80,00080,02.67,moderate_blur,56,chair,False,False,,,,,False,still_missed
bytetrack_persist_3,video3/v03_20-20_f00080_t02.67_moderate_blur/gt003,video3/v03_20-20_f00080_t02.67_moderate_blur,3,video3,80,00080,02.67,moderate_blur,0,person,False,False,,,,,False,still_missed
bytetrack_persist_3,video3/v03_20-20_f00080_t02.67_moderate_blur/gt004,video3/v03_20-20_f00080_t02.67_moderate_blur,4,video3,80,00080,02.67,moderate_blur,0,person,False,False,,,,,False,still_missed
bytetrack_persist_3,video3/v03_20-20_f00080_t02.67_moderate_blur/gt005,video3/v03_20-20_f00080_t02.67_moderate_blur,5,video3,80,00080,02.67,moderate_blur,60,dining table,False,False,,,,,False,still_missed
bytetrack_persist_5,video3/v03_20-20_f00080_t02.67_moderate_blur/gt000,video3/v03_20-20_f00080_t02.67_moderate_blur,0,video3,80,00080,02.67,moderate_blur,24,backpack,False,False,,,,,False,still_missed
bytetrack_persist_5,video3/v03_20-20_f00080_t02.67_moderate_blur/gt001,video3/v03_20-20_f00080_t02.67_moderate_blur,1,video3,80,00080,02.67,moderate_blur,56,chair,False,False,,,,,False,still_missed
bytetrack_persist_5,video3/v03_20-20_f00080_t02.67_moderate_blur/gt002,video3/v03_20-20_f00080_t02.67_moderate_blur,2,video3,80,00080,02.67,moderate_blur,56,chair,False,False,,,,,False,still_missed
bytetrack_persist_5,video3/v03_20-20_f00080_t02.67_moderate_blur/gt003,video3/v03_20-20_f00080_t02.67_moderate_blur,3,video3,80,00080,02.67,moderate_blur,0,person,False,False,,,,,False,still_missed
bytetrack_persist_5,video3/v03_20-20_f00080_t02.67_moderate_blur/gt004,video3/v03_20-20_f00080_t02.67_moderate_blur,4,video3,80,00080,02.67,moderate_blur,0,person,False,False,,,,,False,still_missed
bytetrack_persist_5,video3/v03_20-20_f00080_t02.67_moderate_blur/gt005,video3/v03_20-20_f00080_t02.67_moderate_blur,5,video3,80,00080,02.67,moderate_blur,60,dining table,False,False,,,,,False,still_missed
botsort,video3/v03_20-20_f00080_t02.67_moderate_blur/gt000,video3/v03_20-20_f00080_t02.67_moderate_blur,0,video3,80,00080,02.67,moderate_blur,24,backpack,False,False,,,,,False,still_missed
botsort,video3/v03_20-20_f00080_t02.67_moderate_blur/gt001,video3/v03_20-20_f00080_t02.67_moderate_blur,1,video3,80,00080,02.67,moderate_blur,56,chair,False,False,,,,,False,still_missed
botsort,video3/v03_20-20_f00080_t02.67_moderate_blur/gt002,video3/v03_20-20_f00080_t02.67_moderate_blur,2,video3,80,00080,02.67,moderate_blur,56,chair,False,False,,,,,False,still_missed
botsort,video3/v03_20-20_f00080_t02.67_moderate_blur/gt003,video3/v03_20-20_f00080_t02.67_moderate_blur,3,video3,80,00080,02.67,moderate_blur,0,person,False,False,,,,,False,still_missed
botsort,video3/v03_20-20_f00080_t02.67_moderate_blur/gt004,video3/v03_20-20_f00080_t02.67_moderate_blur,4,video3,80,00080,02.67,moderate_blur,0,person,False,False,,,,,False,still_missed
botsort,video3/v03_20-20_f00080_t02.67_moderate_blur/gt005,video3/v03_20-20_f00080_t02.67_moderate_blur,5,video3,80,00080,02.67,moderate_blur,60,dining table,False,False,,,,,False,still_missed
botsort_persist_1,video3/v03_20-20_f00080_t02.67_moderate_blur/gt000,video3/v03_20-20_f00080_t02.67_moderate_blur,0,video3,80,00080,02.67,moderate_blur,24,backpack,False,False,,,,,False,still_missed
botsort_persist_1,video3/v03_20-20_f00080_t02.67_moderate_blur/gt001,video3/v03_20-20_f00080_t02.67_moderate_blur,1,video3,80,00080,02.67,moderate_blur,56,chair,False,False,,,,,False,still_missed
botsort_persist_1,video3/v03_20-20_f00080_t02.67_moderate_blur/gt002,video3/v03_20-20_f00080_t02.67_moderate_blur,2,video3,80,00080,02.67,moderate_blur,56,chair,False,False,,,,,False,still_missed
botsort_persist_1,video3/v03_20-20_f00080_t02.67_moderate_blur/gt003,video3/v03_20-20_f00080_t02.67_moderate_blur,3,video3,80,00080,02.67,moderate_blur,0,person,False,False,,,,,False,still_missed
botsort_persist_1,video3/v03_20-20_f00080_t02.67_moderate_blur/gt004,video3/v03_20-20_f00080_t02.67_moderate_blur,4,video3,80,00080,02.67,moderate_blur,0,person,False,False,,,,,False,still_missed
botsort_persist_1,video3/v03_20-20_f00080_t02.67_moderate_blur/gt005,video3/v03_20-20_f00080_t02.67_moderate_blur,5,video3,80,00080,02.67,moderate_blur,60,dining table,False,False,,,,,False,still_missed
botsort_persist_3,video3/v03_20-20_f00080_t02.67_moderate_blur/gt000,video3/v03_20-20_f00080_t02.67_moderate_blur,0,video3,80,00080,02.67,moderate_blur,24,backpack,False,False,,,,,False,still_missed
botsort_persist_3,video3/v03_20-20_f00080_t02.67_moderate_blur/gt001,video3/v03_20-20_f00080_t02.67_moderate_blur,1,video3,80,00080,02.67,moderate_blur,56,chair,False,False,,,,,False,still_missed
botsort_persist_3,video3/v03_20-20_f00080_t02.67_moderate_blur/gt002,video3/v03_20-20_f00080_t02.67_moderate_blur,2,video3,80,00080,02.67,moderate_blur,56,chair,False,False,,,,,False,still_missed
botsort_persist_3,video3/v03_20-20_f00080_t02.67_moderate_blur/gt003,video3/v03_20-20_f00080_t02.67_moderate_blur,3,video3,80,00080,02.67,moderate_blur,0,person,False,False,,,,,False,still_missed
botsort_persist_3,video3/v03_20-20_f00080_t02.67_moderate_blur/gt004,video3/v03_20-20_f00080_t02.67_moderate_blur,4,video3,80,00080,02.67,moderate_blur,0,person,False,False,,,,,False,still_missed
botsort_persist_3,video3/v03_20-20_f00080_t02.67_moderate_blur/gt005,video3/v03_20-20_f00080_t02.67_moderate_blur,5,video3,80,00080,02.67,moderate_blur,60,dining table,False,False,,,,,False,still_missed
botsort_persist_5,video3/v03_20-20_f00080_t02.67_moderate_blur/gt000,video3/v03_20-20_f00080_t02.67_moderate_blur,0,video3,80,00080,02.67,moderate_blur,24,backpack,False,False,,,,,False,still_missed
botsort_persist_5,video3/v03_20-20_f00080_t02.67_moderate_blur/gt001,video3/v03_20-20_f00080_t02.67_moderate_blur,1,video3,80,00080,02.67,moderate_blur,56,chair,False,False,,,,,False,still_missed
botsort_persist_5,video3/v03_20-20_f00080_t02.67_moderate_blur/gt002,video3/v03_20-20_f00080_t02.67_moderate_blur,2,video3,80,00080,02.67,moderate_blur,56,chair,False,False,,,,,False,still_missed
botsort_persist_5,video3/v03_20-20_f00080_t02.67_moderate_blur/gt003,video3/v03_20-20_f00080_t02.67_moderate_blur,3,video3,80,00080,02.67,moderate_blur,0,person,False,False,,,,,False,still_missed
botsort_persist_5,video3/v03_20-20_f00080_t02.67_moderate_blur/gt004,video3/v03_20-20_f00080_t02.67_moderate_blur,4,video3,80,00080,02.67,moderate_blur,0,person,False,False,,,,,False,still_missed
botsort_persist_5,video3/v03_20-20_f00080_t02.67_moderate_blur/gt005,video3/v03_20-20_f00080_t02.67_moderate_blur,5,video3,80,00080,02.67,moderate_blur,60,dining table,False,False,,,,,False,still_missed
bytetrack,video3/v03_20-20_f00097_t03.23_clear/gt000,video3/v03_20-20_f00097_t03.23_clear,0,video3,97,00097,03.23,clear,0,person,True,True,0.788,0.7822,19,0,False,both_detected
bytetrack,video3/v03_20-20_f00097_t03.23_clear/gt001,video3/v03_20-20_f00097_t03.23_clear,1,video3,97,00097,03.23,clear,24,backpack,True,True,0.6589,0.6539,21,0,False,both_detected
bytetrack,video3/v03_20-20_f00097_t03.23_clear/gt002,video3/v03_20-20_f00097_t03.23_clear,2,video3,97,00097,03.23,clear,56,chair,True,True,0.6391,0.6832,18,0,False,both_detected
bytetrack,video3/v03_20-20_f00097_t03.23_clear/gt003,video3/v03_20-20_f00097_t03.23_clear,3,video3,97,00097,03.23,clear,0,person,True,False,0.3297,,,,False,lost
bytetrack,video3/v03_20-20_f00097_t03.23_clear/gt004,video3/v03_20-20_f00097_t03.23_clear,4,video3,97,00097,03.23,clear,0,person,True,False,0.2321,,,,False,lost
bytetrack,video3/v03_20-20_f00097_t03.23_clear/gt005,video3/v03_20-20_f00097_t03.23_clear,5,video3,97,00097,03.23,clear,39,bottle,False,False,,,,,False,still_missed
bytetrack_persist_1,video3/v03_20-20_f00097_t03.23_clear/gt000,video3/v03_20-20_f00097_t03.23_clear,0,video3,97,00097,03.23,clear,0,person,True,True,0.788,0.788,,0,False,both_detected
bytetrack_persist_1,video3/v03_20-20_f00097_t03.23_clear/gt001,video3/v03_20-20_f00097_t03.23_clear,1,video3,97,00097,03.23,clear,24,backpack,True,True,0.6589,0.6589,,0,False,both_detected
bytetrack_persist_1,video3/v03_20-20_f00097_t03.23_clear/gt002,video3/v03_20-20_f00097_t03.23_clear,2,video3,97,00097,03.23,clear,56,chair,True,True,0.6391,0.6391,,0,False,both_detected
bytetrack_persist_1,video3/v03_20-20_f00097_t03.23_clear/gt003,video3/v03_20-20_f00097_t03.23_clear,3,video3,97,00097,03.23,clear,0,person,True,True,0.3297,0.3297,,0,False,both_detected
bytetrack_persist_1,video3/v03_20-20_f00097_t03.23_clear/gt004,video3/v03_20-20_f00097_t03.23_clear,4,video3,97,00097,03.23,clear,0,person,True,True,0.2321,0.2321,,0,False,both_detected
bytetrack_persist_1,video3/v03_20-20_f00097_t03.23_clear/gt005,video3/v03_20-20_f00097_t03.23_clear,5,video3,97,00097,03.23,clear,39,bottle,False,False,,,,,False,still_missed
bytetrack_persist_3,video3/v03_20-20_f00097_t03.23_clear/gt000,video3/v03_20-20_f00097_t03.23_clear,0,video3,97,00097,03.23,clear,0,person,True,True,0.788,0.788,,0,False,both_detected
bytetrack_persist_3,video3/v03_20-20_f00097_t03.23_clear/gt001,video3/v03_20-20_f00097_t03.23_clear,1,video3,97,00097,03.23,clear,24,backpack,True,True,0.6589,0.6589,,0,False,both_detected
bytetrack_persist_3,video3/v03_20-20_f00097_t03.23_clear/gt002,video3/v03_20-20_f00097_t03.23_clear,2,video3,97,00097,03.23,clear,56,chair,True,True,0.6391,0.6391,,0,False,both_detected
bytetrack_persist_3,video3/v03_20-20_f00097_t03.23_clear/gt003,video3/v03_20-20_f00097_t03.23_clear,3,video3,97,00097,03.23,clear,0,person,True,True,0.3297,0.3297,,0,False,both_detected
bytetrack_persist_3,video3/v03_20-20_f00097_t03.23_clear/gt004,video3/v03_20-20_f00097_t03.23_clear,4,video3,97,00097,03.23,clear,0,person,True,True,0.2321,0.2321,,0,False,both_detected
bytetrack_persist_3,video3/v03_20-20_f00097_t03.23_clear/gt005,video3/v03_20-20_f00097_t03.23_clear,5,video3,97,00097,03.23,clear,39,bottle,False,False,,,,,False,still_missed
bytetrack_persist_5,video3/v03_20-20_f00097_t03.23_clear/gt000,video3/v03_20-20_f00097_t03.23_clear,0,video3,97,00097,03.23,clear,0,person,True,True,0.788,0.788,,0,False,both_detected
bytetrack_persist_5,video3/v03_20-20_f00097_t03.23_clear/gt001,video3/v03_20-20_f00097_t03.23_clear,1,video3,97,00097,03.23,clear,24,backpack,True,True,0.6589,0.6589,,0,False,both_detected
bytetrack_persist_5,video3/v03_20-20_f00097_t03.23_clear/gt002,video3/v03_20-20_f00097_t03.23_clear,2,video3,97,00097,03.23,clear,56,chair,True,True,0.6391,0.6391,,0,False,both_detected
bytetrack_persist_5,video3/v03_20-20_f00097_t03.23_clear/gt003,video3/v03_20-20_f00097_t03.23_clear,3,video3,97,00097,03.23,clear,0,person,True,True,0.3297,0.3297,,0,False,both_detected
bytetrack_persist_5,video3/v03_20-20_f00097_t03.23_clear/gt004,video3/v03_20-20_f00097_t03.23_clear,4,video3,97,00097,03.23,clear,0,person,True,True,0.2321,0.2321,,0,False,both_detected
bytetrack_persist_5,video3/v03_20-20_f00097_t03.23_clear/gt005,video3/v03_20-20_f00097_t03.23_clear,5,video3,97,00097,03.23,clear,39,bottle,False,False,,,,,False,still_missed
botsort,video3/v03_20-20_f00097_t03.23_clear/gt000,video3/v03_20-20_f00097_t03.23_clear,0,video3,97,00097,03.23,clear,0,person,True,True,0.788,0.7822,15,0,False,both_detected
botsort,video3/v03_20-20_f00097_t03.23_clear/gt001,video3/v03_20-20_f00097_t03.23_clear,1,video3,97,00097,03.23,clear,24,backpack,True,True,0.6589,0.6539,19,0,False,both_detected
botsort,video3/v03_20-20_f00097_t03.23_clear/gt002,video3/v03_20-20_f00097_t03.23_clear,2,video3,97,00097,03.23,clear,56,chair,True,True,0.6391,0.6832,16,0,False,both_detected
botsort,video3/v03_20-20_f00097_t03.23_clear/gt003,video3/v03_20-20_f00097_t03.23_clear,3,video3,97,00097,03.23,clear,0,person,True,False,0.3297,,,,False,lost
botsort,video3/v03_20-20_f00097_t03.23_clear/gt004,video3/v03_20-20_f00097_t03.23_clear,4,video3,97,00097,03.23,clear,0,person,True,False,0.2321,,,,False,lost
botsort,video3/v03_20-20_f00097_t03.23_clear/gt005,video3/v03_20-20_f00097_t03.23_clear,5,video3,97,00097,03.23,clear,39,bottle,False,False,,,,,False,still_missed
botsort_persist_1,video3/v03_20-20_f00097_t03.23_clear/gt000,video3/v03_20-20_f00097_t03.23_clear,0,video3,97,00097,03.23,clear,0,person,True,True,0.788,0.788,,0,False,both_detected
botsort_persist_1,video3/v03_20-20_f00097_t03.23_clear/gt001,video3/v03_20-20_f00097_t03.23_clear,1,video3,97,00097,03.23,clear,24,backpack,True,True,0.6589,0.6589,,0,False,both_detected
botsort_persist_1,video3/v03_20-20_f00097_t03.23_clear/gt002,video3/v03_20-20_f00097_t03.23_clear,2,video3,97,00097,03.23,clear,56,chair,True,True,0.6391,0.6391,,0,False,both_detected
botsort_persist_1,video3/v03_20-20_f00097_t03.23_clear/gt003,video3/v03_20-20_f00097_t03.23_clear,3,video3,97,00097,03.23,clear,0,person,True,True,0.3297,0.3297,,0,False,both_detected
botsort_persist_1,video3/v03_20-20_f00097_t03.23_clear/gt004,video3/v03_20-20_f00097_t03.23_clear,4,video3,97,00097,03.23,clear,0,person,True,True,0.2321,0.2321,,0,False,both_detected
botsort_persist_1,video3/v03_20-20_f00097_t03.23_clear/gt005,video3/v03_20-20_f00097_t03.23_clear,5,video3,97,00097,03.23,clear,39,bottle,False,False,,,,,False,still_missed
botsort_persist_3,video3/v03_20-20_f00097_t03.23_clear/gt000,video3/v03_20-20_f00097_t03.23_clear,0,video3,97,00097,03.23,clear,0,person,True,True,0.788,0.788,,0,False,both_detected
botsort_persist_3,video3/v03_20-20_f00097_t03.23_clear/gt001,video3/v03_20-20_f00097_t03.23_clear,1,video3,97,00097,03.23,clear,24,backpack,True,True,0.6589,0.6589,,0,False,both_detected
botsort_persist_3,video3/v03_20-20_f00097_t03.23_clear/gt002,video3/v03_20-20_f00097_t03.23_clear,2,video3,97,00097,03.23,clear,56,chair,True,True,0.6391,0.6391,,0,False,both_detected
botsort_persist_3,video3/v03_20-20_f00097_t03.23_clear/gt003,video3/v03_20-20_f00097_t03.23_clear,3,video3,97,00097,03.23,clear,0,person,True,True,0.3297,0.3297,,0,False,both_detected
botsort_persist_3,video3/v03_20-20_f00097_t03.23_clear/gt004,video3/v03_20-20_f00097_t03.23_clear,4,video3,97,00097,03.23,clear,0,person,True,True,0.2321,0.2321,,0,False,both_detected
botsort_persist_3,video3/v03_20-20_f00097_t03.23_clear/gt005,video3/v03_20-20_f00097_t03.23_clear,5,video3,97,00097,03.23,clear,39,bottle,False,False,,,,,False,still_missed
botsort_persist_5,video3/v03_20-20_f00097_t03.23_clear/gt000,video3/v03_20-20_f00097_t03.23_clear,0,video3,97,00097,03.23,clear,0,person,True,True,0.788,0.788,,0,False,both_detected
botsort_persist_5,video3/v03_20-20_f00097_t03.23_clear/gt001,video3/v03_20-20_f00097_t03.23_clear,1,video3,97,00097,03.23,clear,24,backpack,True,True,0.6589,0.6589,,0,False,both_detected
botsort_persist_5,video3/v03_20-20_f00097_t03.23_clear/gt002,video3/v03_20-20_f00097_t03.23_clear,2,video3,97,00097,03.23,clear,56,chair,True,True,0.6391,0.6391,,0,False,both_detected
botsort_persist_5,video3/v03_20-20_f00097_t03.23_clear/gt003,video3/v03_20-20_f00097_t03.23_clear,3,video3,97,00097,03.23,clear,0,person,True,True,0.3297,0.3297,,0,False,both_detected
botsort_persist_5,video3/v03_20-20_f00097_t03.23_clear/gt004,video3/v03_20-20_f00097_t03.23_clear,4,video3,97,00097,03.23,clear,0,person,True,True,0.2321,0.2321,,0,False,both_detected
botsort_persist_5,video3/v03_20-20_f00097_t03.23_clear/gt005,video3/v03_20-20_f00097_t03.23_clear,5,video3,97,00097,03.23,clear,39,bottle,False,False,,,,,False,still_missed
bytetrack,video3/v03_20-20_f00113_t03.77_severe_blur/gt000,video3/v03_20-20_f00113_t03.77_severe_blur,0,video3,113,00113,03.77,severe_blur,0,person,False,False,,,,,False,still_missed
bytetrack,video3/v03_20-20_f00113_t03.77_severe_blur/gt001,video3/v03_20-20_f00113_t03.77_severe_blur,1,video3,113,00113,03.77,severe_blur,0,person,False,False,,,,,False,still_missed
bytetrack,video3/v03_20-20_f00113_t03.77_severe_blur/gt002,video3/v03_20-20_f00113_t03.77_severe_blur,2,video3,113,00113,03.77,severe_blur,24,backpack,False,False,,,,,False,still_missed
bytetrack,video3/v03_20-20_f00113_t03.77_severe_blur/gt003,video3/v03_20-20_f00113_t03.77_severe_blur,3,video3,113,00113,03.77,severe_blur,39,bottle,False,False,,,,,False,still_missed
bytetrack,video3/v03_20-20_f00113_t03.77_severe_blur/gt004,video3/v03_20-20_f00113_t03.77_severe_blur,4,video3,113,00113,03.77,severe_blur,56,chair,False,False,,,,,False,still_missed
bytetrack,video3/v03_20-20_f00113_t03.77_severe_blur/gt005,video3/v03_20-20_f00113_t03.77_severe_blur,5,video3,113,00113,03.77,severe_blur,56,chair,False,False,,,,,False,still_missed
bytetrack_persist_1,video3/v03_20-20_f00113_t03.77_severe_blur/gt000,video3/v03_20-20_f00113_t03.77_severe_blur,0,video3,113,00113,03.77,severe_blur,0,person,False,True,,0.1922,19,1,True,rescued
bytetrack_persist_1,video3/v03_20-20_f00113_t03.77_severe_blur/gt001,video3/v03_20-20_f00113_t03.77_severe_blur,1,video3,113,00113,03.77,severe_blur,0,person,False,False,,,,,False,still_missed
bytetrack_persist_1,video3/v03_20-20_f00113_t03.77_severe_blur/gt002,video3/v03_20-20_f00113_t03.77_severe_blur,2,video3,113,00113,03.77,severe_blur,24,backpack,False,False,,,,,False,still_missed
bytetrack_persist_1,video3/v03_20-20_f00113_t03.77_severe_blur/gt003,video3/v03_20-20_f00113_t03.77_severe_blur,3,video3,113,00113,03.77,severe_blur,39,bottle,False,False,,,,,False,still_missed
bytetrack_persist_1,video3/v03_20-20_f00113_t03.77_severe_blur/gt004,video3/v03_20-20_f00113_t03.77_severe_blur,4,video3,113,00113,03.77,severe_blur,56,chair,False,False,,,,,False,still_missed
bytetrack_persist_1,video3/v03_20-20_f00113_t03.77_severe_blur/gt005,video3/v03_20-20_f00113_t03.77_severe_blur,5,video3,113,00113,03.77,severe_blur,56,chair,False,False,,,,,False,still_missed
bytetrack_persist_3,video3/v03_20-20_f00113_t03.77_severe_blur/gt000,video3/v03_20-20_f00113_t03.77_severe_blur,0,video3,113,00113,03.77,severe_blur,0,person,False,True,,0.1922,19,1,True,rescued
bytetrack_persist_3,video3/v03_20-20_f00113_t03.77_severe_blur/gt001,video3/v03_20-20_f00113_t03.77_severe_blur,1,video3,113,00113,03.77,severe_blur,0,person,False,False,,,,,False,still_missed
bytetrack_persist_3,video3/v03_20-20_f00113_t03.77_severe_blur/gt002,video3/v03_20-20_f00113_t03.77_severe_blur,2,video3,113,00113,03.77,severe_blur,24,backpack,False,False,,,,,False,still_missed
bytetrack_persist_3,video3/v03_20-20_f00113_t03.77_severe_blur/gt003,video3/v03_20-20_f00113_t03.77_severe_blur,3,video3,113,00113,03.77,severe_blur,39,bottle,False,False,,,,,False,still_missed
bytetrack_persist_3,video3/v03_20-20_f00113_t03.77_severe_blur/gt004,video3/v03_20-20_f00113_t03.77_severe_blur,4,video3,113,00113,03.77,severe_blur,56,chair,False,False,,,,,False,still_missed
bytetrack_persist_3,video3/v03_20-20_f00113_t03.77_severe_blur/gt005,video3/v03_20-20_f00113_t03.77_severe_blur,5,video3,113,00113,03.77,severe_blur,56,chair,False,False,,,,,False,still_missed
bytetrack_persist_5,video3/v03_20-20_f00113_t03.77_severe_blur/gt000,video3/v03_20-20_f00113_t03.77_severe_blur,0,video3,113,00113,03.77,severe_blur,0,person,False,True,,0.1922,19,1,True,rescued
bytetrack_persist_5,video3/v03_20-20_f00113_t03.77_severe_blur/gt001,video3/v03_20-20_f00113_t03.77_severe_blur,1,video3,113,00113,03.77,severe_blur,0,person,False,False,,,,,False,still_missed
bytetrack_persist_5,video3/v03_20-20_f00113_t03.77_severe_blur/gt002,video3/v03_20-20_f00113_t03.77_severe_blur,2,video3,113,00113,03.77,severe_blur,24,backpack,False,False,,,,,False,still_missed
bytetrack_persist_5,video3/v03_20-20_f00113_t03.77_severe_blur/gt003,video3/v03_20-20_f00113_t03.77_severe_blur,3,video3,113,00113,03.77,severe_blur,39,bottle,False,False,,,,,False,still_missed
bytetrack_persist_5,video3/v03_20-20_f00113_t03.77_severe_blur/gt004,video3/v03_20-20_f00113_t03.77_severe_blur,4,video3,113,00113,03.77,severe_blur,56,chair,False,False,,,,,False,still_missed
bytetrack_persist_5,video3/v03_20-20_f00113_t03.77_severe_blur/gt005,video3/v03_20-20_f00113_t03.77_severe_blur,5,video3,113,00113,03.77,severe_blur,56,chair,False,False,,,,,False,still_missed
botsort,video3/v03_20-20_f00113_t03.77_severe_blur/gt000,video3/v03_20-20_f00113_t03.77_severe_blur,0,video3,113,00113,03.77,severe_blur,0,person,False,False,,,,,False,still_missed
botsort,video3/v03_20-20_f00113_t03.77_severe_blur/gt001,video3/v03_20-20_f00113_t03.77_severe_blur,1,video3,113,00113,03.77,severe_blur,0,person,False,False,,,,,False,still_missed
botsort,video3/v03_20-20_f00113_t03.77_severe_blur/gt002,video3/v03_20-20_f00113_t03.77_severe_blur,2,video3,113,00113,03.77,severe_blur,24,backpack,False,False,,,,,False,still_missed
botsort,video3/v03_20-20_f00113_t03.77_severe_blur/gt003,video3/v03_20-20_f00113_t03.77_severe_blur,3,video3,113,00113,03.77,severe_blur,39,bottle,False,False,,,,,False,still_missed
botsort,video3/v03_20-20_f00113_t03.77_severe_blur/gt004,video3/v03_20-20_f00113_t03.77_severe_blur,4,video3,113,00113,03.77,severe_blur,56,chair,False,False,,,,,False,still_missed
botsort,video3/v03_20-20_f00113_t03.77_severe_blur/gt005,video3/v03_20-20_f00113_t03.77_severe_blur,5,video3,113,00113,03.77,severe_blur,56,chair,False,False,,,,,False,still_missed
botsort_persist_1,video3/v03_20-20_f00113_t03.77_severe_blur/gt000,video3/v03_20-20_f00113_t03.77_severe_blur,0,video3,113,00113,03.77,severe_blur,0,person,False,True,,0.1922,15,1,True,rescued
botsort_persist_1,video3/v03_20-20_f00113_t03.77_severe_blur/gt001,video3/v03_20-20_f00113_t03.77_severe_blur,1,video3,113,00113,03.77,severe_blur,0,person,False,False,,,,,False,still_missed
botsort_persist_1,video3/v03_20-20_f00113_t03.77_severe_blur/gt002,video3/v03_20-20_f00113_t03.77_severe_blur,2,video3,113,00113,03.77,severe_blur,24,backpack,False,False,,,,,False,still_missed
botsort_persist_1,video3/v03_20-20_f00113_t03.77_severe_blur/gt003,video3/v03_20-20_f00113_t03.77_severe_blur,3,video3,113,00113,03.77,severe_blur,39,bottle,False,False,,,,,False,still_missed
botsort_persist_1,video3/v03_20-20_f00113_t03.77_severe_blur/gt004,video3/v03_20-20_f00113_t03.77_severe_blur,4,video3,113,00113,03.77,severe_blur,56,chair,False,False,,,,,False,still_missed
botsort_persist_1,video3/v03_20-20_f00113_t03.77_severe_blur/gt005,video3/v03_20-20_f00113_t03.77_severe_blur,5,video3,113,00113,03.77,severe_blur,56,chair,False,False,,,,,False,still_missed
botsort_persist_3,video3/v03_20-20_f00113_t03.77_severe_blur/gt000,video3/v03_20-20_f00113_t03.77_severe_blur,0,video3,113,00113,03.77,severe_blur,0,person,False,True,,0.1922,15,1,True,rescued
botsort_persist_3,video3/v03_20-20_f00113_t03.77_severe_blur/gt001,video3/v03_20-20_f00113_t03.77_severe_blur,1,video3,113,00113,03.77,severe_blur,0,person,False,False,,,,,False,still_missed
botsort_persist_3,video3/v03_20-20_f00113_t03.77_severe_blur/gt002,video3/v03_20-20_f00113_t03.77_severe_blur,2,video3,113,00113,03.77,severe_blur,24,backpack,False,False,,,,,False,still_missed
botsort_persist_3,video3/v03_20-20_f00113_t03.77_severe_blur/gt003,video3/v03_20-20_f00113_t03.77_severe_blur,3,video3,113,00113,03.77,severe_blur,39,bottle,False,False,,,,,False,still_missed
botsort_persist_3,video3/v03_20-20_f00113_t03.77_severe_blur/gt004,video3/v03_20-20_f00113_t03.77_severe_blur,4,video3,113,00113,03.77,severe_blur,56,chair,False,False,,,,,False,still_missed
botsort_persist_3,video3/v03_20-20_f00113_t03.77_severe_blur/gt005,video3/v03_20-20_f00113_t03.77_severe_blur,5,video3,113,00113,03.77,severe_blur,56,chair,False,False,,,,,False,still_missed
botsort_persist_5,video3/v03_20-20_f00113_t03.77_severe_blur/gt000,video3/v03_20-20_f00113_t03.77_severe_blur,0,video3,113,00113,03.77,severe_blur,0,person,False,True,,0.1922,15,1,True,rescued
botsort_persist_5,video3/v03_20-20_f00113_t03.77_severe_blur/gt001,video3/v03_20-20_f00113_t03.77_severe_blur,1,video3,113,00113,03.77,severe_blur,0,person,False,False,,,,,False,still_missed
botsort_persist_5,video3/v03_20-20_f00113_t03.77_severe_blur/gt002,video3/v03_20-20_f00113_t03.77_severe_blur,2,video3,113,00113,03.77,severe_blur,24,backpack,False,False,,,,,False,still_missed
botsort_persist_5,video3/v03_20-20_f00113_t03.77_severe_blur/gt003,video3/v03_20-20_f00113_t03.77_severe_blur,3,video3,113,00113,03.77,severe_blur,39,bottle,False,False,,,,,False,still_missed
botsort_persist_5,video3/v03_20-20_f00113_t03.77_severe_blur/gt004,video3/v03_20-20_f00113_t03.77_severe_blur,4,video3,113,00113,03.77,severe_blur,56,chair,False,False,,,,,False,still_missed
botsort_persist_5,video3/v03_20-20_f00113_t03.77_severe_blur/gt005,video3/v03_20-20_f00113_t03.77_severe_blur,5,video3,113,00113,03.77,severe_blur,56,chair,False,False,,,,,False,still_missed
bytetrack,video3/v03_20-20_f00145_t04.83_moderate_blur/gt000,video3/v03_20-20_f00145_t04.83_moderate_blur,0,video3,145,00145,04.83,moderate_blur,0,person,False,False,,,,,False,still_missed
bytetrack,video3/v03_20-20_f00145_t04.83_moderate_blur/gt001,video3/v03_20-20_f00145_t04.83_moderate_blur,1,video3,145,00145,04.83,moderate_blur,0,person,False,False,,,,,False,still_missed
bytetrack,video3/v03_20-20_f00145_t04.83_moderate_blur/gt002,video3/v03_20-20_f00145_t04.83_moderate_blur,2,video3,145,00145,04.83,moderate_blur,56,chair,False,False,,,,,False,still_missed
bytetrack,video3/v03_20-20_f00145_t04.83_moderate_blur/gt003,video3/v03_20-20_f00145_t04.83_moderate_blur,3,video3,145,00145,04.83,moderate_blur,56,chair,False,False,,,,,False,still_missed
bytetrack,video3/v03_20-20_f00145_t04.83_moderate_blur/gt004,video3/v03_20-20_f00145_t04.83_moderate_blur,4,video3,145,00145,04.83,moderate_blur,24,backpack,False,False,,,,,False,still_missed
bytetrack_persist_1,video3/v03_20-20_f00145_t04.83_moderate_blur/gt000,video3/v03_20-20_f00145_t04.83_moderate_blur,0,video3,145,00145,04.83,moderate_blur,0,person,False,False,,,,,False,still_missed
bytetrack_persist_1,video3/v03_20-20_f00145_t04.83_moderate_blur/gt001,video3/v03_20-20_f00145_t04.83_moderate_blur,1,video3,145,00145,04.83,moderate_blur,0,person,False,False,,,,,False,still_missed
bytetrack_persist_1,video3/v03_20-20_f00145_t04.83_moderate_blur/gt002,video3/v03_20-20_f00145_t04.83_moderate_blur,2,video3,145,00145,04.83,moderate_blur,56,chair,False,False,,,,,False,still_missed
bytetrack_persist_1,video3/v03_20-20_f00145_t04.83_moderate_blur/gt003,video3/v03_20-20_f00145_t04.83_moderate_blur,3,video3,145,00145,04.83,moderate_blur,56,chair,False,False,,,,,False,still_missed
bytetrack_persist_1,video3/v03_20-20_f00145_t04.83_moderate_blur/gt004,video3/v03_20-20_f00145_t04.83_moderate_blur,4,video3,145,00145,04.83,moderate_blur,24,backpack,False,False,,,,,False,still_missed
bytetrack_persist_3,video3/v03_20-20_f00145_t04.83_moderate_blur/gt000,video3/v03_20-20_f00145_t04.83_moderate_blur,0,video3,145,00145,04.83,moderate_blur,0,person,False,False,,,,,False,still_missed
bytetrack_persist_3,video3/v03_20-20_f00145_t04.83_moderate_blur/gt001,video3/v03_20-20_f00145_t04.83_moderate_blur,1,video3,145,00145,04.83,moderate_blur,0,person,False,False,,,,,False,still_missed
bytetrack_persist_3,video3/v03_20-20_f00145_t04.83_moderate_blur/gt002,video3/v03_20-20_f00145_t04.83_moderate_blur,2,video3,145,00145,04.83,moderate_blur,56,chair,False,False,,,,,False,still_missed
bytetrack_persist_3,video3/v03_20-20_f00145_t04.83_moderate_blur/gt003,video3/v03_20-20_f00145_t04.83_moderate_blur,3,video3,145,00145,04.83,moderate_blur,56,chair,False,False,,,,,False,still_missed
bytetrack_persist_3,video3/v03_20-20_f00145_t04.83_moderate_blur/gt004,video3/v03_20-20_f00145_t04.83_moderate_blur,4,video3,145,00145,04.83,moderate_blur,24,backpack,False,False,,,,,False,still_missed
bytetrack_persist_5,video3/v03_20-20_f00145_t04.83_moderate_blur/gt000,video3/v03_20-20_f00145_t04.83_moderate_blur,0,video3,145,00145,04.83,moderate_blur,0,person,False,False,,,,,False,still_missed
bytetrack_persist_5,video3/v03_20-20_f00145_t04.83_moderate_blur/gt001,video3/v03_20-20_f00145_t04.83_moderate_blur,1,video3,145,00145,04.83,moderate_blur,0,person,False,False,,,,,False,still_missed
bytetrack_persist_5,video3/v03_20-20_f00145_t04.83_moderate_blur/gt002,video3/v03_20-20_f00145_t04.83_moderate_blur,2,video3,145,00145,04.83,moderate_blur,56,chair,False,False,,,,,False,still_missed
bytetrack_persist_5,video3/v03_20-20_f00145_t04.83_moderate_blur/gt003,video3/v03_20-20_f00145_t04.83_moderate_blur,3,video3,145,00145,04.83,moderate_blur,56,chair,False,False,,,,,False,still_missed
bytetrack_persist_5,video3/v03_20-20_f00145_t04.83_moderate_blur/gt004,video3/v03_20-20_f00145_t04.83_moderate_blur,4,video3,145,00145,04.83,moderate_blur,24,backpack,False,False,,,,,False,still_missed
botsort,video3/v03_20-20_f00145_t04.83_moderate_blur/gt000,video3/v03_20-20_f00145_t04.83_moderate_blur,0,video3,145,00145,04.83,moderate_blur,0,person,False,False,,,,,False,still_missed
botsort,video3/v03_20-20_f00145_t04.83_moderate_blur/gt001,video3/v03_20-20_f00145_t04.83_moderate_blur,1,video3,145,00145,04.83,moderate_blur,0,person,False,False,,,,,False,still_missed
botsort,video3/v03_20-20_f00145_t04.83_moderate_blur/gt002,video3/v03_20-20_f00145_t04.83_moderate_blur,2,video3,145,00145,04.83,moderate_blur,56,chair,False,False,,,,,False,still_missed
botsort,video3/v03_20-20_f00145_t04.83_moderate_blur/gt003,video3/v03_20-20_f00145_t04.83_moderate_blur,3,video3,145,00145,04.83,moderate_blur,56,chair,False,False,,,,,False,still_missed
botsort,video3/v03_20-20_f00145_t04.83_moderate_blur/gt004,video3/v03_20-20_f00145_t04.83_moderate_blur,4,video3,145,00145,04.83,moderate_blur,24,backpack,False,False,,,,,False,still_missed
botsort_persist_1,video3/v03_20-20_f00145_t04.83_moderate_blur/gt000,video3/v03_20-20_f00145_t04.83_moderate_blur,0,video3,145,00145,04.83,moderate_blur,0,person,False,False,,,,,False,still_missed
botsort_persist_1,video3/v03_20-20_f00145_t04.83_moderate_blur/gt001,video3/v03_20-20_f00145_t04.83_moderate_blur,1,video3,145,00145,04.83,moderate_blur,0,person,False,False,,,,,False,still_missed
botsort_persist_1,video3/v03_20-20_f00145_t04.83_moderate_blur/gt002,video3/v03_20-20_f00145_t04.83_moderate_blur,2,video3,145,00145,04.83,moderate_blur,56,chair,False,False,,,,,False,still_missed
botsort_persist_1,video3/v03_20-20_f00145_t04.83_moderate_blur/gt003,video3/v03_20-20_f00145_t04.83_moderate_blur,3,video3,145,00145,04.83,moderate_blur,56,chair,False,False,,,,,False,still_missed
botsort_persist_1,video3/v03_20-20_f00145_t04.83_moderate_blur/gt004,video3/v03_20-20_f00145_t04.83_moderate_blur,4,video3,145,00145,04.83,moderate_blur,24,backpack,False,False,,,,,False,still_missed
botsort_persist_3,video3/v03_20-20_f00145_t04.83_moderate_blur/gt000,video3/v03_20-20_f00145_t04.83_moderate_blur,0,video3,145,00145,04.83,moderate_blur,0,person,False,False,,,,,False,still_missed
botsort_persist_3,video3/v03_20-20_f00145_t04.83_moderate_blur/gt001,video3/v03_20-20_f00145_t04.83_moderate_blur,1,video3,145,00145,04.83,moderate_blur,0,person,False,False,,,,,False,still_missed
botsort_persist_3,video3/v03_20-20_f00145_t04.83_moderate_blur/gt002,video3/v03_20-20_f00145_t04.83_moderate_blur,2,video3,145,00145,04.83,moderate_blur,56,chair,False,False,,,,,False,still_missed
botsort_persist_3,video3/v03_20-20_f00145_t04.83_moderate_blur/gt003,video3/v03_20-20_f00145_t04.83_moderate_blur,3,video3,145,00145,04.83,moderate_blur,56,chair,False,False,,,,,False,still_missed
botsort_persist_3,video3/v03_20-20_f00145_t04.83_moderate_blur/gt004,video3/v03_20-20_f00145_t04.83_moderate_blur,4,video3,145,00145,04.83,moderate_blur,24,backpack,False,False,,,,,False,still_missed
botsort_persist_5,video3/v03_20-20_f00145_t04.83_moderate_blur/gt000,video3/v03_20-20_f00145_t04.83_moderate_blur,0,video3,145,00145,04.83,moderate_blur,0,person,False,False,,,,,False,still_missed
botsort_persist_5,video3/v03_20-20_f00145_t04.83_moderate_blur/gt001,video3/v03_20-20_f00145_t04.83_moderate_blur,1,video3,145,00145,04.83,moderate_blur,0,person,False,False,,,,,False,still_missed
botsort_persist_5,video3/v03_20-20_f00145_t04.83_moderate_blur/gt002,video3/v03_20-20_f00145_t04.83_moderate_blur,2,video3,145,00145,04.83,moderate_blur,56,chair,False,False,,,,,False,still_missed
botsort_persist_5,video3/v03_20-20_f00145_t04.83_moderate_blur/gt003,video3/v03_20-20_f00145_t04.83_moderate_blur,3,video3,145,00145,04.83,moderate_blur,56,chair,False,False,,,,,False,still_missed
botsort_persist_5,video3/v03_20-20_f00145_t04.83_moderate_blur/gt004,video3/v03_20-20_f00145_t04.83_moderate_blur,4,video3,145,00145,04.83,moderate_blur,24,backpack,False,False,,,,,False,still_missed
bytetrack,video3/v03_20-20_f00161_t05.37_moderate_blur/gt000,video3/v03_20-20_f00161_t05.37_moderate_blur,0,video3,161,00161,05.37,moderate_blur,24,backpack,True,True,0.3725,0.2321,41,0,False,both_detected
bytetrack,video3/v03_20-20_f00161_t05.37_moderate_blur/gt001,video3/v03_20-20_f00161_t05.37_moderate_blur,1,video3,161,00161,05.37,moderate_blur,56,chair,False,False,,,,,False,still_missed
bytetrack,video3/v03_20-20_f00161_t05.37_moderate_blur/gt002,video3/v03_20-20_f00161_t05.37_moderate_blur,2,video3,161,00161,05.37,moderate_blur,60,dining table,False,False,,,,,False,still_missed
bytetrack_persist_1,video3/v03_20-20_f00161_t05.37_moderate_blur/gt000,video3/v03_20-20_f00161_t05.37_moderate_blur,0,video3,161,00161,05.37,moderate_blur,24,backpack,True,True,0.3725,0.3725,,0,False,both_detected
bytetrack_persist_1,video3/v03_20-20_f00161_t05.37_moderate_blur/gt001,video3/v03_20-20_f00161_t05.37_moderate_blur,1,video3,161,00161,05.37,moderate_blur,56,chair,False,False,,,,,False,still_missed
bytetrack_persist_1,video3/v03_20-20_f00161_t05.37_moderate_blur/gt002,video3/v03_20-20_f00161_t05.37_moderate_blur,2,video3,161,00161,05.37,moderate_blur,60,dining table,False,False,,,,,False,still_missed
bytetrack_persist_3,video3/v03_20-20_f00161_t05.37_moderate_blur/gt000,video3/v03_20-20_f00161_t05.37_moderate_blur,0,video3,161,00161,05.37,moderate_blur,24,backpack,True,True,0.3725,0.3725,,0,False,both_detected
bytetrack_persist_3,video3/v03_20-20_f00161_t05.37_moderate_blur/gt001,video3/v03_20-20_f00161_t05.37_moderate_blur,1,video3,161,00161,05.37,moderate_blur,56,chair,False,False,,,,,False,still_missed
bytetrack_persist_3,video3/v03_20-20_f00161_t05.37_moderate_blur/gt002,video3/v03_20-20_f00161_t05.37_moderate_blur,2,video3,161,00161,05.37,moderate_blur,60,dining table,False,False,,,,,False,still_missed
bytetrack_persist_5,video3/v03_20-20_f00161_t05.37_moderate_blur/gt000,video3/v03_20-20_f00161_t05.37_moderate_blur,0,video3,161,00161,05.37,moderate_blur,24,backpack,True,True,0.3725,0.3725,,0,False,both_detected
bytetrack_persist_5,video3/v03_20-20_f00161_t05.37_moderate_blur/gt001,video3/v03_20-20_f00161_t05.37_moderate_blur,1,video3,161,00161,05.37,moderate_blur,56,chair,False,False,,,,,False,still_missed
bytetrack_persist_5,video3/v03_20-20_f00161_t05.37_moderate_blur/gt002,video3/v03_20-20_f00161_t05.37_moderate_blur,2,video3,161,00161,05.37,moderate_blur,60,dining table,False,False,,,,,False,still_missed
botsort,video3/v03_20-20_f00161_t05.37_moderate_blur/gt000,video3/v03_20-20_f00161_t05.37_moderate_blur,0,video3,161,00161,05.37,moderate_blur,24,backpack,True,True,0.3725,0.2321,36,0,False,both_detected
botsort,video3/v03_20-20_f00161_t05.37_moderate_blur/gt001,video3/v03_20-20_f00161_t05.37_moderate_blur,1,video3,161,00161,05.37,moderate_blur,56,chair,False,False,,,,,False,still_missed
botsort,video3/v03_20-20_f00161_t05.37_moderate_blur/gt002,video3/v03_20-20_f00161_t05.37_moderate_blur,2,video3,161,00161,05.37,moderate_blur,60,dining table,False,False,,,,,False,still_missed
botsort_persist_1,video3/v03_20-20_f00161_t05.37_moderate_blur/gt000,video3/v03_20-20_f00161_t05.37_moderate_blur,0,video3,161,00161,05.37,moderate_blur,24,backpack,True,True,0.3725,0.3725,,0,False,both_detected
botsort_persist_1,video3/v03_20-20_f00161_t05.37_moderate_blur/gt001,video3/v03_20-20_f00161_t05.37_moderate_blur,1,video3,161,00161,05.37,moderate_blur,56,chair,False,False,,,,,False,still_missed
botsort_persist_1,video3/v03_20-20_f00161_t05.37_moderate_blur/gt002,video3/v03_20-20_f00161_t05.37_moderate_blur,2,video3,161,00161,05.37,moderate_blur,60,dining table,False,False,,,,,False,still_missed
botsort_persist_3,video3/v03_20-20_f00161_t05.37_moderate_blur/gt000,video3/v03_20-20_f00161_t05.37_moderate_blur,0,video3,161,00161,05.37,moderate_blur,24,backpack,True,True,0.3725,0.3725,,0,False,both_detected
botsort_persist_3,video3/v03_20-20_f00161_t05.37_moderate_blur/gt001,video3/v03_20-20_f00161_t05.37_moderate_blur,1,video3,161,00161,05.37,moderate_blur,56,chair,False,False,,,,,False,still_missed
botsort_persist_3,video3/v03_20-20_f00161_t05.37_moderate_blur/gt002,video3/v03_20-20_f00161_t05.37_moderate_blur,2,video3,161,00161,05.37,moderate_blur,60,dining table,False,False,,,,,False,still_missed
botsort_persist_5,video3/v03_20-20_f00161_t05.37_moderate_blur/gt000,video3/v03_20-20_f00161_t05.37_moderate_blur,0,video3,161,00161,05.37,moderate_blur,24,backpack,True,True,0.3725,0.3725,,0,False,both_detected
botsort_persist_5,video3/v03_20-20_f00161_t05.37_moderate_blur/gt001,video3/v03_20-20_f00161_t05.37_moderate_blur,1,video3,161,00161,05.37,moderate_blur,56,chair,False,False,,,,,False,still_missed
botsort_persist_5,video3/v03_20-20_f00161_t05.37_moderate_blur/gt002,video3/v03_20-20_f00161_t05.37_moderate_blur,2,video3,161,00161,05.37,moderate_blur,60,dining table,False,False,,,,,False,still_missed
bytetrack,video3/v03_20-20_f00177_t05.90_moderate_blur/gt000,video3/v03_20-20_f00177_t05.90_moderate_blur,0,video3,177,00177,05.90,moderate_blur,0,person,True,False,0.3102,,,,False,lost
bytetrack,video3/v03_20-20_f00177_t05.90_moderate_blur/gt001,video3/v03_20-20_f00177_t05.90_moderate_blur,1,video3,177,00177,05.90,moderate_blur,0,person,False,False,,,,,False,still_missed
bytetrack,video3/v03_20-20_f00177_t05.90_moderate_blur/gt002,video3/v03_20-20_f00177_t05.90_moderate_blur,2,video3,177,00177,05.90,moderate_blur,56,chair,False,False,,,,,False,still_missed
bytetrack_persist_1,video3/v03_20-20_f00177_t05.90_moderate_blur/gt000,video3/v03_20-20_f00177_t05.90_moderate_blur,0,video3,177,00177,05.90,moderate_blur,0,person,True,True,0.3102,0.3102,,0,False,both_detected
bytetrack_persist_1,video3/v03_20-20_f00177_t05.90_moderate_blur/gt001,video3/v03_20-20_f00177_t05.90_moderate_blur,1,video3,177,00177,05.90,moderate_blur,0,person,False,False,,,,,False,still_missed
bytetrack_persist_1,video3/v03_20-20_f00177_t05.90_moderate_blur/gt002,video3/v03_20-20_f00177_t05.90_moderate_blur,2,video3,177,00177,05.90,moderate_blur,56,chair,False,False,,,,,False,still_missed
bytetrack_persist_3,video3/v03_20-20_f00177_t05.90_moderate_blur/gt000,video3/v03_20-20_f00177_t05.90_moderate_blur,0,video3,177,00177,05.90,moderate_blur,0,person,True,True,0.3102,0.3102,,0,False,both_detected
bytetrack_persist_3,video3/v03_20-20_f00177_t05.90_moderate_blur/gt001,video3/v03_20-20_f00177_t05.90_moderate_blur,1,video3,177,00177,05.90,moderate_blur,0,person,False,False,,,,,False,still_missed
bytetrack_persist_3,video3/v03_20-20_f00177_t05.90_moderate_blur/gt002,video3/v03_20-20_f00177_t05.90_moderate_blur,2,video3,177,00177,05.90,moderate_blur,56,chair,False,False,,,,,False,still_missed
bytetrack_persist_5,video3/v03_20-20_f00177_t05.90_moderate_blur/gt000,video3/v03_20-20_f00177_t05.90_moderate_blur,0,video3,177,00177,05.90,moderate_blur,0,person,True,True,0.3102,0.3102,,0,False,both_detected
bytetrack_persist_5,video3/v03_20-20_f00177_t05.90_moderate_blur/gt001,video3/v03_20-20_f00177_t05.90_moderate_blur,1,video3,177,00177,05.90,moderate_blur,0,person,False,False,,,,,False,still_missed
bytetrack_persist_5,video3/v03_20-20_f00177_t05.90_moderate_blur/gt002,video3/v03_20-20_f00177_t05.90_moderate_blur,2,video3,177,00177,05.90,moderate_blur,56,chair,False,False,,,,,False,still_missed
botsort,video3/v03_20-20_f00177_t05.90_moderate_blur/gt000,video3/v03_20-20_f00177_t05.90_moderate_blur,0,video3,177,00177,05.90,moderate_blur,0,person,True,True,0.3102,0.348,35,0,False,both_detected
botsort,video3/v03_20-20_f00177_t05.90_moderate_blur/gt001,video3/v03_20-20_f00177_t05.90_moderate_blur,1,video3,177,00177,05.90,moderate_blur,0,person,False,False,,,,,False,still_missed
botsort,video3/v03_20-20_f00177_t05.90_moderate_blur/gt002,video3/v03_20-20_f00177_t05.90_moderate_blur,2,video3,177,00177,05.90,moderate_blur,56,chair,False,False,,,,,False,still_missed
botsort_persist_1,video3/v03_20-20_f00177_t05.90_moderate_blur/gt000,video3/v03_20-20_f00177_t05.90_moderate_blur,0,video3,177,00177,05.90,moderate_blur,0,person,True,True,0.3102,0.3102,,0,False,both_detected
botsort_persist_1,video3/v03_20-20_f00177_t05.90_moderate_blur/gt001,video3/v03_20-20_f00177_t05.90_moderate_blur,1,video3,177,00177,05.90,moderate_blur,0,person,False,False,,,,,False,still_missed
botsort_persist_1,video3/v03_20-20_f00177_t05.90_moderate_blur/gt002,video3/v03_20-20_f00177_t05.90_moderate_blur,2,video3,177,00177,05.90,moderate_blur,56,chair,False,False,,,,,False,still_missed
botsort_persist_3,video3/v03_20-20_f00177_t05.90_moderate_blur/gt000,video3/v03_20-20_f00177_t05.90_moderate_blur,0,video3,177,00177,05.90,moderate_blur,0,person,True,True,0.3102,0.3102,,0,False,both_detected
botsort_persist_3,video3/v03_20-20_f00177_t05.90_moderate_blur/gt001,video3/v03_20-20_f00177_t05.90_moderate_blur,1,video3,177,00177,05.90,moderate_blur,0,person,False,False,,,,,False,still_missed
botsort_persist_3,video3/v03_20-20_f00177_t05.90_moderate_blur/gt002,video3/v03_20-20_f00177_t05.90_moderate_blur,2,video3,177,00177,05.90,moderate_blur,56,chair,False,False,,,,,False,still_missed
botsort_persist_5,video3/v03_20-20_f00177_t05.90_moderate_blur/gt000,video3/v03_20-20_f00177_t05.90_moderate_blur,0,video3,177,00177,05.90,moderate_blur,0,person,True,True,0.3102,0.3102,,0,False,both_detected
botsort_persist_5,video3/v03_20-20_f00177_t05.90_moderate_blur/gt001,video3/v03_20-20_f00177_t05.90_moderate_blur,1,video3,177,00177,05.90,moderate_blur,0,person,False,False,,,,,False,still_missed
botsort_persist_5,video3/v03_20-20_f00177_t05.90_moderate_blur/gt002,video3/v03_20-20_f00177_t05.90_moderate_blur,2,video3,177,00177,05.90,moderate_blur,56,chair,False,False,,,,,False,still_missed
bytetrack,video3/v03_20-20_f00210_t07.00_severe_blur/gt000,video3/v03_20-20_f00210_t07.00_severe_blur,0,video3,210,00210,07.00,severe_blur,0,person,False,False,,,,,False,still_missed
bytetrack,video3/v03_20-20_f00210_t07.00_severe_blur/gt001,video3/v03_20-20_f00210_t07.00_severe_blur,1,video3,210,00210,07.00,severe_blur,56,chair,False,False,,,,,False,still_missed
bytetrack,video3/v03_20-20_f00210_t07.00_severe_blur/gt002,video3/v03_20-20_f00210_t07.00_severe_blur,2,video3,210,00210,07.00,severe_blur,56,chair,False,False,,,,,False,still_missed
bytetrack,video3/v03_20-20_f00210_t07.00_severe_blur/gt003,video3/v03_20-20_f00210_t07.00_severe_blur,3,video3,210,00210,07.00,severe_blur,56,chair,False,False,,,,,False,still_missed
bytetrack,video3/v03_20-20_f00210_t07.00_severe_blur/gt004,video3/v03_20-20_f00210_t07.00_severe_blur,4,video3,210,00210,07.00,severe_blur,60,dining table,False,False,,,,,False,still_missed
bytetrack_persist_1,video3/v03_20-20_f00210_t07.00_severe_blur/gt000,video3/v03_20-20_f00210_t07.00_severe_blur,0,video3,210,00210,07.00,severe_blur,0,person,False,False,,,,,False,still_missed
bytetrack_persist_1,video3/v03_20-20_f00210_t07.00_severe_blur/gt001,video3/v03_20-20_f00210_t07.00_severe_blur,1,video3,210,00210,07.00,severe_blur,56,chair,False,False,,,,,False,still_missed
bytetrack_persist_1,video3/v03_20-20_f00210_t07.00_severe_blur/gt002,video3/v03_20-20_f00210_t07.00_severe_blur,2,video3,210,00210,07.00,severe_blur,56,chair,False,False,,,,,False,still_missed
bytetrack_persist_1,video3/v03_20-20_f00210_t07.00_severe_blur/gt003,video3/v03_20-20_f00210_t07.00_severe_blur,3,video3,210,00210,07.00,severe_blur,56,chair,False,False,,,,,False,still_missed
bytetrack_persist_1,video3/v03_20-20_f00210_t07.00_severe_blur/gt004,video3/v03_20-20_f00210_t07.00_severe_blur,4,video3,210,00210,07.00,severe_blur,60,dining table,False,False,,,,,False,still_missed
bytetrack_persist_3,video3/v03_20-20_f00210_t07.00_severe_blur/gt000,video3/v03_20-20_f00210_t07.00_severe_blur,0,video3,210,00210,07.00,severe_blur,0,person,False,False,,,,,False,still_missed
bytetrack_persist_3,video3/v03_20-20_f00210_t07.00_severe_blur/gt001,video3/v03_20-20_f00210_t07.00_severe_blur,1,video3,210,00210,07.00,severe_blur,56,chair,False,False,,,,,False,still_missed
bytetrack_persist_3,video3/v03_20-20_f00210_t07.00_severe_blur/gt002,video3/v03_20-20_f00210_t07.00_severe_blur,2,video3,210,00210,07.00,severe_blur,56,chair,False,False,,,,,False,still_missed
bytetrack_persist_3,video3/v03_20-20_f00210_t07.00_severe_blur/gt003,video3/v03_20-20_f00210_t07.00_severe_blur,3,video3,210,00210,07.00,severe_blur,56,chair,False,False,,,,,False,still_missed
bytetrack_persist_3,video3/v03_20-20_f00210_t07.00_severe_blur/gt004,video3/v03_20-20_f00210_t07.00_severe_blur,4,video3,210,00210,07.00,severe_blur,60,dining table,False,False,,,,,False,still_missed
bytetrack_persist_5,video3/v03_20-20_f00210_t07.00_severe_blur/gt000,video3/v03_20-20_f00210_t07.00_severe_blur,0,video3,210,00210,07.00,severe_blur,0,person,False,False,,,,,False,still_missed
bytetrack_persist_5,video3/v03_20-20_f00210_t07.00_severe_blur/gt001,video3/v03_20-20_f00210_t07.00_severe_blur,1,video3,210,00210,07.00,severe_blur,56,chair,False,False,,,,,False,still_missed
bytetrack_persist_5,video3/v03_20-20_f00210_t07.00_severe_blur/gt002,video3/v03_20-20_f00210_t07.00_severe_blur,2,video3,210,00210,07.00,severe_blur,56,chair,False,False,,,,,False,still_missed
bytetrack_persist_5,video3/v03_20-20_f00210_t07.00_severe_blur/gt003,video3/v03_20-20_f00210_t07.00_severe_blur,3,video3,210,00210,07.00,severe_blur,56,chair,False,False,,,,,False,still_missed
bytetrack_persist_5,video3/v03_20-20_f00210_t07.00_severe_blur/gt004,video3/v03_20-20_f00210_t07.00_severe_blur,4,video3,210,00210,07.00,severe_blur,60,dining table,False,False,,,,,False,still_missed
botsort,video3/v03_20-20_f00210_t07.00_severe_blur/gt000,video3/v03_20-20_f00210_t07.00_severe_blur,0,video3,210,00210,07.00,severe_blur,0,person,False,False,,,,,False,still_missed
botsort,video3/v03_20-20_f00210_t07.00_severe_blur/gt001,video3/v03_20-20_f00210_t07.00_severe_blur,1,video3,210,00210,07.00,severe_blur,56,chair,False,False,,,,,False,still_missed
botsort,video3/v03_20-20_f00210_t07.00_severe_blur/gt002,video3/v03_20-20_f00210_t07.00_severe_blur,2,video3,210,00210,07.00,severe_blur,56,chair,False,False,,,,,False,still_missed
botsort,video3/v03_20-20_f00210_t07.00_severe_blur/gt003,video3/v03_20-20_f00210_t07.00_severe_blur,3,video3,210,00210,07.00,severe_blur,56,chair,False,False,,,,,False,still_missed
botsort,video3/v03_20-20_f00210_t07.00_severe_blur/gt004,video3/v03_20-20_f00210_t07.00_severe_blur,4,video3,210,00210,07.00,severe_blur,60,dining table,False,False,,,,,False,still_missed
botsort_persist_1,video3/v03_20-20_f00210_t07.00_severe_blur/gt000,video3/v03_20-20_f00210_t07.00_severe_blur,0,video3,210,00210,07.00,severe_blur,0,person,False,False,,,,,False,still_missed
botsort_persist_1,video3/v03_20-20_f00210_t07.00_severe_blur/gt001,video3/v03_20-20_f00210_t07.00_severe_blur,1,video3,210,00210,07.00,severe_blur,56,chair,False,False,,,,,False,still_missed
botsort_persist_1,video3/v03_20-20_f00210_t07.00_severe_blur/gt002,video3/v03_20-20_f00210_t07.00_severe_blur,2,video3,210,00210,07.00,severe_blur,56,chair,False,False,,,,,False,still_missed
botsort_persist_1,video3/v03_20-20_f00210_t07.00_severe_blur/gt003,video3/v03_20-20_f00210_t07.00_severe_blur,3,video3,210,00210,07.00,severe_blur,56,chair,False,False,,,,,False,still_missed
botsort_persist_1,video3/v03_20-20_f00210_t07.00_severe_blur/gt004,video3/v03_20-20_f00210_t07.00_severe_blur,4,video3,210,00210,07.00,severe_blur,60,dining table,False,False,,,,,False,still_missed
botsort_persist_3,video3/v03_20-20_f00210_t07.00_severe_blur/gt000,video3/v03_20-20_f00210_t07.00_severe_blur,0,video3,210,00210,07.00,severe_blur,0,person,False,False,,,,,False,still_missed
botsort_persist_3,video3/v03_20-20_f00210_t07.00_severe_blur/gt001,video3/v03_20-20_f00210_t07.00_severe_blur,1,video3,210,00210,07.00,severe_blur,56,chair,False,False,,,,,False,still_missed
botsort_persist_3,video3/v03_20-20_f00210_t07.00_severe_blur/gt002,video3/v03_20-20_f00210_t07.00_severe_blur,2,video3,210,00210,07.00,severe_blur,56,chair,False,False,,,,,False,still_missed
botsort_persist_3,video3/v03_20-20_f00210_t07.00_severe_blur/gt003,video3/v03_20-20_f00210_t07.00_severe_blur,3,video3,210,00210,07.00,severe_blur,56,chair,False,False,,,,,False,still_missed
botsort_persist_3,video3/v03_20-20_f00210_t07.00_severe_blur/gt004,video3/v03_20-20_f00210_t07.00_severe_blur,4,video3,210,00210,07.00,severe_blur,60,dining table,False,False,,,,,False,still_missed
botsort_persist_5,video3/v03_20-20_f00210_t07.00_severe_blur/gt000,video3/v03_20-20_f00210_t07.00_severe_blur,0,video3,210,00210,07.00,severe_blur,0,person,False,False,,,,,False,still_missed
botsort_persist_5,video3/v03_20-20_f00210_t07.00_severe_blur/gt001,video3/v03_20-20_f00210_t07.00_severe_blur,1,video3,210,00210,07.00,severe_blur,56,chair,False,False,,,,,False,still_missed
botsort_persist_5,video3/v03_20-20_f00210_t07.00_severe_blur/gt002,video3/v03_20-20_f00210_t07.00_severe_blur,2,video3,210,00210,07.00,severe_blur,56,chair,False,False,,,,,False,still_missed
botsort_persist_5,video3/v03_20-20_f00210_t07.00_severe_blur/gt003,video3/v03_20-20_f00210_t07.00_severe_blur,3,video3,210,00210,07.00,severe_blur,56,chair,False,False,,,,,False,still_missed
botsort_persist_5,video3/v03_20-20_f00210_t07.00_severe_blur/gt004,video3/v03_20-20_f00210_t07.00_severe_blur,4,video3,210,00210,07.00,severe_blur,60,dining table,False,False,,,,,False,still_missed
bytetrack,video3/v03_20-20_f00242_t08.07_severe_blur/gt000,video3/v03_20-20_f00242_t08.07_severe_blur,0,video3,242,00242,08.07,severe_blur,24,backpack,True,False,0.1515,,,,False,lost
bytetrack_persist_1,video3/v03_20-20_f00242_t08.07_severe_blur/gt000,video3/v03_20-20_f00242_t08.07_severe_blur,0,video3,242,00242,08.07,severe_blur,24,backpack,True,True,0.1515,0.1515,,0,False,both_detected
bytetrack_persist_3,video3/v03_20-20_f00242_t08.07_severe_blur/gt000,video3/v03_20-20_f00242_t08.07_severe_blur,0,video3,242,00242,08.07,severe_blur,24,backpack,True,True,0.1515,0.1515,,0,False,both_detected
bytetrack_persist_5,video3/v03_20-20_f00242_t08.07_severe_blur/gt000,video3/v03_20-20_f00242_t08.07_severe_blur,0,video3,242,00242,08.07,severe_blur,24,backpack,True,True,0.1515,0.1515,,0,False,both_detected
botsort,video3/v03_20-20_f00242_t08.07_severe_blur/gt000,video3/v03_20-20_f00242_t08.07_severe_blur,0,video3,242,00242,08.07,severe_blur,24,backpack,True,False,0.1515,,,,False,lost
botsort_persist_1,video3/v03_20-20_f00242_t08.07_severe_blur/gt000,video3/v03_20-20_f00242_t08.07_severe_blur,0,video3,242,00242,08.07,severe_blur,24,backpack,True,True,0.1515,0.1515,,0,False,both_detected
botsort_persist_3,video3/v03_20-20_f00242_t08.07_severe_blur/gt000,video3/v03_20-20_f00242_t08.07_severe_blur,0,video3,242,00242,08.07,severe_blur,24,backpack,True,True,0.1515,0.1515,,0,False,both_detected
botsort_persist_5,video3/v03_20-20_f00242_t08.07_severe_blur/gt000,video3/v03_20-20_f00242_t08.07_severe_blur,0,video3,242,00242,08.07,severe_blur,24,backpack,True,True,0.1515,0.1515,,0,False,both_detected
bytetrack,video4/v04_20-21_f00000_t00.00_clear/gt000,video4/v04_20-21_f00000_t00.00_clear,0,video4,0,00000,00.00,clear,0,person,True,True,0.9064,0.9046,1,0,False,both_detected
bytetrack,video4/v04_20-21_f00000_t00.00_clear/gt001,video4/v04_20-21_f00000_t00.00_clear,1,video4,0,00000,00.00,clear,0,person,True,True,0.7949,0.7678,2,0,False,both_detected
bytetrack,video4/v04_20-21_f00000_t00.00_clear/gt002,video4/v04_20-21_f00000_t00.00_clear,2,video4,0,00000,00.00,clear,56,chair,True,True,0.4822,0.5348,3,0,False,both_detected
bytetrack,video4/v04_20-21_f00000_t00.00_clear/gt003,video4/v04_20-21_f00000_t00.00_clear,3,video4,0,00000,00.00,clear,39,bottle,True,True,0.3823,0.427,5,0,False,both_detected
bytetrack,video4/v04_20-21_f00000_t00.00_clear/gt004,video4/v04_20-21_f00000_t00.00_clear,4,video4,0,00000,00.00,clear,56,chair,True,True,0.3697,0.3877,6,0,False,both_detected
bytetrack,video4/v04_20-21_f00000_t00.00_clear/gt005,video4/v04_20-21_f00000_t00.00_clear,5,video4,0,00000,00.00,clear,56,chair,True,False,0.2804,,,,False,lost
bytetrack,video4/v04_20-21_f00000_t00.00_clear/gt006,video4/v04_20-21_f00000_t00.00_clear,6,video4,0,00000,00.00,clear,24,backpack,True,True,0.2496,0.2588,7,0,False,both_detected
bytetrack,video4/v04_20-21_f00000_t00.00_clear/gt007,video4/v04_20-21_f00000_t00.00_clear,7,video4,0,00000,00.00,clear,56,chair,True,False,0.2337,,,,False,lost
bytetrack_persist_1,video4/v04_20-21_f00000_t00.00_clear/gt000,video4/v04_20-21_f00000_t00.00_clear,0,video4,0,00000,00.00,clear,0,person,True,True,0.9064,0.9064,,0,False,both_detected
bytetrack_persist_1,video4/v04_20-21_f00000_t00.00_clear/gt001,video4/v04_20-21_f00000_t00.00_clear,1,video4,0,00000,00.00,clear,0,person,True,True,0.7949,0.7949,,0,False,both_detected
bytetrack_persist_1,video4/v04_20-21_f00000_t00.00_clear/gt002,video4/v04_20-21_f00000_t00.00_clear,2,video4,0,00000,00.00,clear,56,chair,True,True,0.4822,0.4822,,0,False,both_detected
bytetrack_persist_1,video4/v04_20-21_f00000_t00.00_clear/gt003,video4/v04_20-21_f00000_t00.00_clear,3,video4,0,00000,00.00,clear,39,bottle,True,True,0.3823,0.3823,,0,False,both_detected
bytetrack_persist_1,video4/v04_20-21_f00000_t00.00_clear/gt004,video4/v04_20-21_f00000_t00.00_clear,4,video4,0,00000,00.00,clear,56,chair,True,True,0.3697,0.3697,,0,False,both_detected
bytetrack_persist_1,video4/v04_20-21_f00000_t00.00_clear/gt005,video4/v04_20-21_f00000_t00.00_clear,5,video4,0,00000,00.00,clear,56,chair,True,True,0.2804,0.2804,,0,False,both_detected
bytetrack_persist_1,video4/v04_20-21_f00000_t00.00_clear/gt006,video4/v04_20-21_f00000_t00.00_clear,6,video4,0,00000,00.00,clear,24,backpack,True,True,0.2496,0.2496,,0,False,both_detected
bytetrack_persist_1,video4/v04_20-21_f00000_t00.00_clear/gt007,video4/v04_20-21_f00000_t00.00_clear,7,video4,0,00000,00.00,clear,56,chair,True,True,0.2337,0.2337,,0,False,both_detected
bytetrack_persist_3,video4/v04_20-21_f00000_t00.00_clear/gt000,video4/v04_20-21_f00000_t00.00_clear,0,video4,0,00000,00.00,clear,0,person,True,True,0.9064,0.9064,,0,False,both_detected
bytetrack_persist_3,video4/v04_20-21_f00000_t00.00_clear/gt001,video4/v04_20-21_f00000_t00.00_clear,1,video4,0,00000,00.00,clear,0,person,True,True,0.7949,0.7949,,0,False,both_detected
bytetrack_persist_3,video4/v04_20-21_f00000_t00.00_clear/gt002,video4/v04_20-21_f00000_t00.00_clear,2,video4,0,00000,00.00,clear,56,chair,True,True,0.4822,0.4822,,0,False,both_detected
bytetrack_persist_3,video4/v04_20-21_f00000_t00.00_clear/gt003,video4/v04_20-21_f00000_t00.00_clear,3,video4,0,00000,00.00,clear,39,bottle,True,True,0.3823,0.3823,,0,False,both_detected
bytetrack_persist_3,video4/v04_20-21_f00000_t00.00_clear/gt004,video4/v04_20-21_f00000_t00.00_clear,4,video4,0,00000,00.00,clear,56,chair,True,True,0.3697,0.3697,,0,False,both_detected
bytetrack_persist_3,video4/v04_20-21_f00000_t00.00_clear/gt005,video4/v04_20-21_f00000_t00.00_clear,5,video4,0,00000,00.00,clear,56,chair,True,True,0.2804,0.2804,,0,False,both_detected
bytetrack_persist_3,video4/v04_20-21_f00000_t00.00_clear/gt006,video4/v04_20-21_f00000_t00.00_clear,6,video4,0,00000,00.00,clear,24,backpack,True,True,0.2496,0.2496,,0,False,both_detected
bytetrack_persist_3,video4/v04_20-21_f00000_t00.00_clear/gt007,video4/v04_20-21_f00000_t00.00_clear,7,video4,0,00000,00.00,clear,56,chair,True,True,0.2337,0.2337,,0,False,both_detected
bytetrack_persist_5,video4/v04_20-21_f00000_t00.00_clear/gt000,video4/v04_20-21_f00000_t00.00_clear,0,video4,0,00000,00.00,clear,0,person,True,True,0.9064,0.9064,,0,False,both_detected
bytetrack_persist_5,video4/v04_20-21_f00000_t00.00_clear/gt001,video4/v04_20-21_f00000_t00.00_clear,1,video4,0,00000,00.00,clear,0,person,True,True,0.7949,0.7949,,0,False,both_detected
bytetrack_persist_5,video4/v04_20-21_f00000_t00.00_clear/gt002,video4/v04_20-21_f00000_t00.00_clear,2,video4,0,00000,00.00,clear,56,chair,True,True,0.4822,0.4822,,0,False,both_detected
bytetrack_persist_5,video4/v04_20-21_f00000_t00.00_clear/gt003,video4/v04_20-21_f00000_t00.00_clear,3,video4,0,00000,00.00,clear,39,bottle,True,True,0.3823,0.3823,,0,False,both_detected
bytetrack_persist_5,video4/v04_20-21_f00000_t00.00_clear/gt004,video4/v04_20-21_f00000_t00.00_clear,4,video4,0,00000,00.00,clear,56,chair,True,True,0.3697,0.3697,,0,False,both_detected
bytetrack_persist_5,video4/v04_20-21_f00000_t00.00_clear/gt005,video4/v04_20-21_f00000_t00.00_clear,5,video4,0,00000,00.00,clear,56,chair,True,True,0.2804,0.2804,,0,False,both_detected
bytetrack_persist_5,video4/v04_20-21_f00000_t00.00_clear/gt006,video4/v04_20-21_f00000_t00.00_clear,6,video4,0,00000,00.00,clear,24,backpack,True,True,0.2496,0.2496,,0,False,both_detected
bytetrack_persist_5,video4/v04_20-21_f00000_t00.00_clear/gt007,video4/v04_20-21_f00000_t00.00_clear,7,video4,0,00000,00.00,clear,56,chair,True,True,0.2337,0.2337,,0,False,both_detected
botsort,video4/v04_20-21_f00000_t00.00_clear/gt000,video4/v04_20-21_f00000_t00.00_clear,0,video4,0,00000,00.00,clear,0,person,True,True,0.9064,0.9046,1,0,False,both_detected
botsort,video4/v04_20-21_f00000_t00.00_clear/gt001,video4/v04_20-21_f00000_t00.00_clear,1,video4,0,00000,00.00,clear,0,person,True,True,0.7949,0.7678,2,0,False,both_detected
botsort,video4/v04_20-21_f00000_t00.00_clear/gt002,video4/v04_20-21_f00000_t00.00_clear,2,video4,0,00000,00.00,clear,56,chair,True,True,0.4822,0.5348,3,0,False,both_detected
botsort,video4/v04_20-21_f00000_t00.00_clear/gt003,video4/v04_20-21_f00000_t00.00_clear,3,video4,0,00000,00.00,clear,39,bottle,True,True,0.3823,0.427,5,0,False,both_detected
botsort,video4/v04_20-21_f00000_t00.00_clear/gt004,video4/v04_20-21_f00000_t00.00_clear,4,video4,0,00000,00.00,clear,56,chair,True,True,0.3697,0.3877,6,0,False,both_detected
botsort,video4/v04_20-21_f00000_t00.00_clear/gt005,video4/v04_20-21_f00000_t00.00_clear,5,video4,0,00000,00.00,clear,56,chair,True,False,0.2804,,,,False,lost
botsort,video4/v04_20-21_f00000_t00.00_clear/gt006,video4/v04_20-21_f00000_t00.00_clear,6,video4,0,00000,00.00,clear,24,backpack,True,True,0.2496,0.2588,7,0,False,both_detected
botsort,video4/v04_20-21_f00000_t00.00_clear/gt007,video4/v04_20-21_f00000_t00.00_clear,7,video4,0,00000,00.00,clear,56,chair,True,False,0.2337,,,,False,lost
botsort_persist_1,video4/v04_20-21_f00000_t00.00_clear/gt000,video4/v04_20-21_f00000_t00.00_clear,0,video4,0,00000,00.00,clear,0,person,True,True,0.9064,0.9064,,0,False,both_detected
botsort_persist_1,video4/v04_20-21_f00000_t00.00_clear/gt001,video4/v04_20-21_f00000_t00.00_clear,1,video4,0,00000,00.00,clear,0,person,True,True,0.7949,0.7949,,0,False,both_detected
botsort_persist_1,video4/v04_20-21_f00000_t00.00_clear/gt002,video4/v04_20-21_f00000_t00.00_clear,2,video4,0,00000,00.00,clear,56,chair,True,True,0.4822,0.4822,,0,False,both_detected
botsort_persist_1,video4/v04_20-21_f00000_t00.00_clear/gt003,video4/v04_20-21_f00000_t00.00_clear,3,video4,0,00000,00.00,clear,39,bottle,True,True,0.3823,0.3823,,0,False,both_detected
botsort_persist_1,video4/v04_20-21_f00000_t00.00_clear/gt004,video4/v04_20-21_f00000_t00.00_clear,4,video4,0,00000,00.00,clear,56,chair,True,True,0.3697,0.3697,,0,False,both_detected
botsort_persist_1,video4/v04_20-21_f00000_t00.00_clear/gt005,video4/v04_20-21_f00000_t00.00_clear,5,video4,0,00000,00.00,clear,56,chair,True,True,0.2804,0.2804,,0,False,both_detected
botsort_persist_1,video4/v04_20-21_f00000_t00.00_clear/gt006,video4/v04_20-21_f00000_t00.00_clear,6,video4,0,00000,00.00,clear,24,backpack,True,True,0.2496,0.2496,,0,False,both_detected
botsort_persist_1,video4/v04_20-21_f00000_t00.00_clear/gt007,video4/v04_20-21_f00000_t00.00_clear,7,video4,0,00000,00.00,clear,56,chair,True,True,0.2337,0.2337,,0,False,both_detected
botsort_persist_3,video4/v04_20-21_f00000_t00.00_clear/gt000,video4/v04_20-21_f00000_t00.00_clear,0,video4,0,00000,00.00,clear,0,person,True,True,0.9064,0.9064,,0,False,both_detected
botsort_persist_3,video4/v04_20-21_f00000_t00.00_clear/gt001,video4/v04_20-21_f00000_t00.00_clear,1,video4,0,00000,00.00,clear,0,person,True,True,0.7949,0.7949,,0,False,both_detected
botsort_persist_3,video4/v04_20-21_f00000_t00.00_clear/gt002,video4/v04_20-21_f00000_t00.00_clear,2,video4,0,00000,00.00,clear,56,chair,True,True,0.4822,0.4822,,0,False,both_detected
botsort_persist_3,video4/v04_20-21_f00000_t00.00_clear/gt003,video4/v04_20-21_f00000_t00.00_clear,3,video4,0,00000,00.00,clear,39,bottle,True,True,0.3823,0.3823,,0,False,both_detected
botsort_persist_3,video4/v04_20-21_f00000_t00.00_clear/gt004,video4/v04_20-21_f00000_t00.00_clear,4,video4,0,00000,00.00,clear,56,chair,True,True,0.3697,0.3697,,0,False,both_detected
botsort_persist_3,video4/v04_20-21_f00000_t00.00_clear/gt005,video4/v04_20-21_f00000_t00.00_clear,5,video4,0,00000,00.00,clear,56,chair,True,True,0.2804,0.2804,,0,False,both_detected
botsort_persist_3,video4/v04_20-21_f00000_t00.00_clear/gt006,video4/v04_20-21_f00000_t00.00_clear,6,video4,0,00000,00.00,clear,24,backpack,True,True,0.2496,0.2496,,0,False,both_detected
botsort_persist_3,video4/v04_20-21_f00000_t00.00_clear/gt007,video4/v04_20-21_f00000_t00.00_clear,7,video4,0,00000,00.00,clear,56,chair,True,True,0.2337,0.2337,,0,False,both_detected
botsort_persist_5,video4/v04_20-21_f00000_t00.00_clear/gt000,video4/v04_20-21_f00000_t00.00_clear,0,video4,0,00000,00.00,clear,0,person,True,True,0.9064,0.9064,,0,False,both_detected
botsort_persist_5,video4/v04_20-21_f00000_t00.00_clear/gt001,video4/v04_20-21_f00000_t00.00_clear,1,video4,0,00000,00.00,clear,0,person,True,True,0.7949,0.7949,,0,False,both_detected
botsort_persist_5,video4/v04_20-21_f00000_t00.00_clear/gt002,video4/v04_20-21_f00000_t00.00_clear,2,video4,0,00000,00.00,clear,56,chair,True,True,0.4822,0.4822,,0,False,both_detected
botsort_persist_5,video4/v04_20-21_f00000_t00.00_clear/gt003,video4/v04_20-21_f00000_t00.00_clear,3,video4,0,00000,00.00,clear,39,bottle,True,True,0.3823,0.3823,,0,False,both_detected
botsort_persist_5,video4/v04_20-21_f00000_t00.00_clear/gt004,video4/v04_20-21_f00000_t00.00_clear,4,video4,0,00000,00.00,clear,56,chair,True,True,0.3697,0.3697,,0,False,both_detected
botsort_persist_5,video4/v04_20-21_f00000_t00.00_clear/gt005,video4/v04_20-21_f00000_t00.00_clear,5,video4,0,00000,00.00,clear,56,chair,True,True,0.2804,0.2804,,0,False,both_detected
botsort_persist_5,video4/v04_20-21_f00000_t00.00_clear/gt006,video4/v04_20-21_f00000_t00.00_clear,6,video4,0,00000,00.00,clear,24,backpack,True,True,0.2496,0.2496,,0,False,both_detected
botsort_persist_5,video4/v04_20-21_f00000_t00.00_clear/gt007,video4/v04_20-21_f00000_t00.00_clear,7,video4,0,00000,00.00,clear,56,chair,True,True,0.2337,0.2337,,0,False,both_detected
bytetrack,video4/v04_20-21_f00038_t01.27_clear/gt000,video4/v04_20-21_f00038_t01.27_clear,0,video4,38,00038,01.27,clear,0,person,True,True,0.8876,0.8829,1,0,False,both_detected
bytetrack,video4/v04_20-21_f00038_t01.27_clear/gt001,video4/v04_20-21_f00038_t01.27_clear,1,video4,38,00038,01.27,clear,24,backpack,True,True,0.384,0.3999,4,0,False,both_detected
bytetrack,video4/v04_20-21_f00038_t01.27_clear/gt002,video4/v04_20-21_f00038_t01.27_clear,2,video4,38,00038,01.27,clear,39,bottle,True,False,0.2586,,,,False,lost
bytetrack,video4/v04_20-21_f00038_t01.27_clear/gt003,video4/v04_20-21_f00038_t01.27_clear,3,video4,38,00038,01.27,clear,24,backpack,True,False,0.1587,,,,False,lost
bytetrack,video4/v04_20-21_f00038_t01.27_clear/gt004,video4/v04_20-21_f00038_t01.27_clear,4,video4,38,00038,01.27,clear,56,chair,False,False,,,,,False,still_missed
bytetrack,video4/v04_20-21_f00038_t01.27_clear/gt005,video4/v04_20-21_f00038_t01.27_clear,5,video4,38,00038,01.27,clear,0,person,False,False,,,,,False,still_missed
bytetrack,video4/v04_20-21_f00038_t01.27_clear/gt006,video4/v04_20-21_f00038_t01.27_clear,6,video4,38,00038,01.27,clear,56,chair,False,False,,,,,False,still_missed
bytetrack,video4/v04_20-21_f00038_t01.27_clear/gt007,video4/v04_20-21_f00038_t01.27_clear,7,video4,38,00038,01.27,clear,56,chair,False,False,,,,,False,still_missed
bytetrack_persist_1,video4/v04_20-21_f00038_t01.27_clear/gt000,video4/v04_20-21_f00038_t01.27_clear,0,video4,38,00038,01.27,clear,0,person,True,True,0.8876,0.8876,,0,False,both_detected
bytetrack_persist_1,video4/v04_20-21_f00038_t01.27_clear/gt001,video4/v04_20-21_f00038_t01.27_clear,1,video4,38,00038,01.27,clear,24,backpack,True,True,0.384,0.384,,0,False,both_detected
bytetrack_persist_1,video4/v04_20-21_f00038_t01.27_clear/gt002,video4/v04_20-21_f00038_t01.27_clear,2,video4,38,00038,01.27,clear,39,bottle,True,True,0.2586,0.2586,,0,False,both_detected
bytetrack_persist_1,video4/v04_20-21_f00038_t01.27_clear/gt003,video4/v04_20-21_f00038_t01.27_clear,3,video4,38,00038,01.27,clear,24,backpack,True,True,0.1587,0.1587,,0,False,both_detected
bytetrack_persist_1,video4/v04_20-21_f00038_t01.27_clear/gt004,video4/v04_20-21_f00038_t01.27_clear,4,video4,38,00038,01.27,clear,56,chair,False,False,,,,,False,still_missed
bytetrack_persist_1,video4/v04_20-21_f00038_t01.27_clear/gt005,video4/v04_20-21_f00038_t01.27_clear,5,video4,38,00038,01.27,clear,0,person,False,False,,,,,False,still_missed
bytetrack_persist_1,video4/v04_20-21_f00038_t01.27_clear/gt006,video4/v04_20-21_f00038_t01.27_clear,6,video4,38,00038,01.27,clear,56,chair,False,False,,,,,False,still_missed
bytetrack_persist_1,video4/v04_20-21_f00038_t01.27_clear/gt007,video4/v04_20-21_f00038_t01.27_clear,7,video4,38,00038,01.27,clear,56,chair,False,False,,,,,False,still_missed
bytetrack_persist_3,video4/v04_20-21_f00038_t01.27_clear/gt000,video4/v04_20-21_f00038_t01.27_clear,0,video4,38,00038,01.27,clear,0,person,True,True,0.8876,0.8876,,0,False,both_detected
bytetrack_persist_3,video4/v04_20-21_f00038_t01.27_clear/gt001,video4/v04_20-21_f00038_t01.27_clear,1,video4,38,00038,01.27,clear,24,backpack,True,True,0.384,0.384,,0,False,both_detected
bytetrack_persist_3,video4/v04_20-21_f00038_t01.27_clear/gt002,video4/v04_20-21_f00038_t01.27_clear,2,video4,38,00038,01.27,clear,39,bottle,True,True,0.2586,0.2586,,0,False,both_detected
bytetrack_persist_3,video4/v04_20-21_f00038_t01.27_clear/gt003,video4/v04_20-21_f00038_t01.27_clear,3,video4,38,00038,01.27,clear,24,backpack,True,True,0.1587,0.1587,,0,False,both_detected
bytetrack_persist_3,video4/v04_20-21_f00038_t01.27_clear/gt004,video4/v04_20-21_f00038_t01.27_clear,4,video4,38,00038,01.27,clear,56,chair,False,False,,,,,False,still_missed
bytetrack_persist_3,video4/v04_20-21_f00038_t01.27_clear/gt005,video4/v04_20-21_f00038_t01.27_clear,5,video4,38,00038,01.27,clear,0,person,False,False,,,,,False,still_missed
bytetrack_persist_3,video4/v04_20-21_f00038_t01.27_clear/gt006,video4/v04_20-21_f00038_t01.27_clear,6,video4,38,00038,01.27,clear,56,chair,False,False,,,,,False,still_missed
bytetrack_persist_3,video4/v04_20-21_f00038_t01.27_clear/gt007,video4/v04_20-21_f00038_t01.27_clear,7,video4,38,00038,01.27,clear,56,chair,False,False,,,,,False,still_missed
bytetrack_persist_5,video4/v04_20-21_f00038_t01.27_clear/gt000,video4/v04_20-21_f00038_t01.27_clear,0,video4,38,00038,01.27,clear,0,person,True,True,0.8876,0.8876,,0,False,both_detected
bytetrack_persist_5,video4/v04_20-21_f00038_t01.27_clear/gt001,video4/v04_20-21_f00038_t01.27_clear,1,video4,38,00038,01.27,clear,24,backpack,True,True,0.384,0.384,,0,False,both_detected
bytetrack_persist_5,video4/v04_20-21_f00038_t01.27_clear/gt002,video4/v04_20-21_f00038_t01.27_clear,2,video4,38,00038,01.27,clear,39,bottle,True,True,0.2586,0.2586,,0,False,both_detected
bytetrack_persist_5,video4/v04_20-21_f00038_t01.27_clear/gt003,video4/v04_20-21_f00038_t01.27_clear,3,video4,38,00038,01.27,clear,24,backpack,True,True,0.1587,0.1587,,0,False,both_detected
bytetrack_persist_5,video4/v04_20-21_f00038_t01.27_clear/gt004,video4/v04_20-21_f00038_t01.27_clear,4,video4,38,00038,01.27,clear,56,chair,False,False,,,,,False,still_missed
bytetrack_persist_5,video4/v04_20-21_f00038_t01.27_clear/gt005,video4/v04_20-21_f00038_t01.27_clear,5,video4,38,00038,01.27,clear,0,person,False,False,,,,,False,still_missed
bytetrack_persist_5,video4/v04_20-21_f00038_t01.27_clear/gt006,video4/v04_20-21_f00038_t01.27_clear,6,video4,38,00038,01.27,clear,56,chair,False,False,,,,,False,still_missed
bytetrack_persist_5,video4/v04_20-21_f00038_t01.27_clear/gt007,video4/v04_20-21_f00038_t01.27_clear,7,video4,38,00038,01.27,clear,56,chair,False,False,,,,,False,still_missed
botsort,video4/v04_20-21_f00038_t01.27_clear/gt000,video4/v04_20-21_f00038_t01.27_clear,0,video4,38,00038,01.27,clear,0,person,True,True,0.8876,0.8829,1,0,False,both_detected
botsort,video4/v04_20-21_f00038_t01.27_clear/gt001,video4/v04_20-21_f00038_t01.27_clear,1,video4,38,00038,01.27,clear,24,backpack,True,True,0.384,0.3999,4,0,False,both_detected
botsort,video4/v04_20-21_f00038_t01.27_clear/gt002,video4/v04_20-21_f00038_t01.27_clear,2,video4,38,00038,01.27,clear,39,bottle,True,True,0.2586,0.2537,5,0,False,both_detected
botsort,video4/v04_20-21_f00038_t01.27_clear/gt003,video4/v04_20-21_f00038_t01.27_clear,3,video4,38,00038,01.27,clear,24,backpack,True,False,0.1587,,,,False,lost
botsort,video4/v04_20-21_f00038_t01.27_clear/gt004,video4/v04_20-21_f00038_t01.27_clear,4,video4,38,00038,01.27,clear,56,chair,False,False,,,,,False,still_missed
botsort,video4/v04_20-21_f00038_t01.27_clear/gt005,video4/v04_20-21_f00038_t01.27_clear,5,video4,38,00038,01.27,clear,0,person,False,False,,,,,False,still_missed
botsort,video4/v04_20-21_f00038_t01.27_clear/gt006,video4/v04_20-21_f00038_t01.27_clear,6,video4,38,00038,01.27,clear,56,chair,False,False,,,,,False,still_missed
botsort,video4/v04_20-21_f00038_t01.27_clear/gt007,video4/v04_20-21_f00038_t01.27_clear,7,video4,38,00038,01.27,clear,56,chair,False,False,,,,,False,still_missed
botsort_persist_1,video4/v04_20-21_f00038_t01.27_clear/gt000,video4/v04_20-21_f00038_t01.27_clear,0,video4,38,00038,01.27,clear,0,person,True,True,0.8876,0.8876,,0,False,both_detected
botsort_persist_1,video4/v04_20-21_f00038_t01.27_clear/gt001,video4/v04_20-21_f00038_t01.27_clear,1,video4,38,00038,01.27,clear,24,backpack,True,True,0.384,0.384,,0,False,both_detected
botsort_persist_1,video4/v04_20-21_f00038_t01.27_clear/gt002,video4/v04_20-21_f00038_t01.27_clear,2,video4,38,00038,01.27,clear,39,bottle,True,True,0.2586,0.2586,,0,False,both_detected
botsort_persist_1,video4/v04_20-21_f00038_t01.27_clear/gt003,video4/v04_20-21_f00038_t01.27_clear,3,video4,38,00038,01.27,clear,24,backpack,True,True,0.1587,0.1587,,0,False,both_detected
botsort_persist_1,video4/v04_20-21_f00038_t01.27_clear/gt004,video4/v04_20-21_f00038_t01.27_clear,4,video4,38,00038,01.27,clear,56,chair,False,False,,,,,False,still_missed
botsort_persist_1,video4/v04_20-21_f00038_t01.27_clear/gt005,video4/v04_20-21_f00038_t01.27_clear,5,video4,38,00038,01.27,clear,0,person,False,False,,,,,False,still_missed
botsort_persist_1,video4/v04_20-21_f00038_t01.27_clear/gt006,video4/v04_20-21_f00038_t01.27_clear,6,video4,38,00038,01.27,clear,56,chair,False,False,,,,,False,still_missed
botsort_persist_1,video4/v04_20-21_f00038_t01.27_clear/gt007,video4/v04_20-21_f00038_t01.27_clear,7,video4,38,00038,01.27,clear,56,chair,False,False,,,,,False,still_missed
botsort_persist_3,video4/v04_20-21_f00038_t01.27_clear/gt000,video4/v04_20-21_f00038_t01.27_clear,0,video4,38,00038,01.27,clear,0,person,True,True,0.8876,0.8876,,0,False,both_detected
botsort_persist_3,video4/v04_20-21_f00038_t01.27_clear/gt001,video4/v04_20-21_f00038_t01.27_clear,1,video4,38,00038,01.27,clear,24,backpack,True,True,0.384,0.384,,0,False,both_detected
botsort_persist_3,video4/v04_20-21_f00038_t01.27_clear/gt002,video4/v04_20-21_f00038_t01.27_clear,2,video4,38,00038,01.27,clear,39,bottle,True,True,0.2586,0.2586,,0,False,both_detected
botsort_persist_3,video4/v04_20-21_f00038_t01.27_clear/gt003,video4/v04_20-21_f00038_t01.27_clear,3,video4,38,00038,01.27,clear,24,backpack,True,True,0.1587,0.1587,,0,False,both_detected
botsort_persist_3,video4/v04_20-21_f00038_t01.27_clear/gt004,video4/v04_20-21_f00038_t01.27_clear,4,video4,38,00038,01.27,clear,56,chair,False,False,,,,,False,still_missed
botsort_persist_3,video4/v04_20-21_f00038_t01.27_clear/gt005,video4/v04_20-21_f00038_t01.27_clear,5,video4,38,00038,01.27,clear,0,person,False,False,,,,,False,still_missed
botsort_persist_3,video4/v04_20-21_f00038_t01.27_clear/gt006,video4/v04_20-21_f00038_t01.27_clear,6,video4,38,00038,01.27,clear,56,chair,False,False,,,,,False,still_missed
botsort_persist_3,video4/v04_20-21_f00038_t01.27_clear/gt007,video4/v04_20-21_f00038_t01.27_clear,7,video4,38,00038,01.27,clear,56,chair,False,False,,,,,False,still_missed
botsort_persist_5,video4/v04_20-21_f00038_t01.27_clear/gt000,video4/v04_20-21_f00038_t01.27_clear,0,video4,38,00038,01.27,clear,0,person,True,True,0.8876,0.8876,,0,False,both_detected
botsort_persist_5,video4/v04_20-21_f00038_t01.27_clear/gt001,video4/v04_20-21_f00038_t01.27_clear,1,video4,38,00038,01.27,clear,24,backpack,True,True,0.384,0.384,,0,False,both_detected
botsort_persist_5,video4/v04_20-21_f00038_t01.27_clear/gt002,video4/v04_20-21_f00038_t01.27_clear,2,video4,38,00038,01.27,clear,39,bottle,True,True,0.2586,0.2586,,0,False,both_detected
botsort_persist_5,video4/v04_20-21_f00038_t01.27_clear/gt003,video4/v04_20-21_f00038_t01.27_clear,3,video4,38,00038,01.27,clear,24,backpack,True,True,0.1587,0.1587,,0,False,both_detected
botsort_persist_5,video4/v04_20-21_f00038_t01.27_clear/gt004,video4/v04_20-21_f00038_t01.27_clear,4,video4,38,00038,01.27,clear,56,chair,False,False,,,,,False,still_missed
botsort_persist_5,video4/v04_20-21_f00038_t01.27_clear/gt005,video4/v04_20-21_f00038_t01.27_clear,5,video4,38,00038,01.27,clear,0,person,False,False,,,,,False,still_missed
botsort_persist_5,video4/v04_20-21_f00038_t01.27_clear/gt006,video4/v04_20-21_f00038_t01.27_clear,6,video4,38,00038,01.27,clear,56,chair,False,False,,,,,False,still_missed
botsort_persist_5,video4/v04_20-21_f00038_t01.27_clear/gt007,video4/v04_20-21_f00038_t01.27_clear,7,video4,38,00038,01.27,clear,56,chair,False,False,,,,,False,still_missed
bytetrack,video4/v04_20-21_f00076_t02.53_clear/gt000,video4/v04_20-21_f00076_t02.53_clear,0,video4,76,00076,02.53,clear,0,person,True,True,0.8691,0.8733,1,0,False,both_detected
bytetrack,video4/v04_20-21_f00076_t02.53_clear/gt001,video4/v04_20-21_f00076_t02.53_clear,1,video4,76,00076,02.53,clear,0,person,True,True,0.6728,0.6619,13,0,False,both_detected
bytetrack,video4/v04_20-21_f00076_t02.53_clear/gt002,video4/v04_20-21_f00076_t02.53_clear,2,video4,76,00076,02.53,clear,56,chair,True,True,0.5363,0.5232,59,0,False,both_detected
bytetrack,video4/v04_20-21_f00076_t02.53_clear/gt003,video4/v04_20-21_f00076_t02.53_clear,3,video4,76,00076,02.53,clear,24,backpack,True,False,0.3397,,,,False,lost
bytetrack,video4/v04_20-21_f00076_t02.53_clear/gt004,video4/v04_20-21_f00076_t02.53_clear,4,video4,76,00076,02.53,clear,56,chair,True,False,0.2195,,,,False,lost
bytetrack,video4/v04_20-21_f00076_t02.53_clear/gt005,video4/v04_20-21_f00076_t02.53_clear,5,video4,76,00076,02.53,clear,56,chair,True,True,0.1743,0.1914,57,0,False,both_detected
bytetrack,video4/v04_20-21_f00076_t02.53_clear/gt006,video4/v04_20-21_f00076_t02.53_clear,6,video4,76,00076,02.53,clear,56,chair,False,False,,,,,False,still_missed
bytetrack,video4/v04_20-21_f00076_t02.53_clear/gt007,video4/v04_20-21_f00076_t02.53_clear,7,video4,76,00076,02.53,clear,56,chair,False,False,,,,,False,still_missed
bytetrack,video4/v04_20-21_f00076_t02.53_clear/gt008,video4/v04_20-21_f00076_t02.53_clear,8,video4,76,00076,02.53,clear,56,chair,False,False,,,,,False,still_missed
bytetrack,video4/v04_20-21_f00076_t02.53_clear/gt009,video4/v04_20-21_f00076_t02.53_clear,9,video4,76,00076,02.53,clear,56,chair,False,False,,,,,False,still_missed
bytetrack_persist_1,video4/v04_20-21_f00076_t02.53_clear/gt000,video4/v04_20-21_f00076_t02.53_clear,0,video4,76,00076,02.53,clear,0,person,True,True,0.8691,0.8691,,0,False,both_detected
bytetrack_persist_1,video4/v04_20-21_f00076_t02.53_clear/gt001,video4/v04_20-21_f00076_t02.53_clear,1,video4,76,00076,02.53,clear,0,person,True,True,0.6728,0.6728,,0,False,both_detected
bytetrack_persist_1,video4/v04_20-21_f00076_t02.53_clear/gt002,video4/v04_20-21_f00076_t02.53_clear,2,video4,76,00076,02.53,clear,56,chair,True,True,0.5363,0.5363,,0,False,both_detected
bytetrack_persist_1,video4/v04_20-21_f00076_t02.53_clear/gt003,video4/v04_20-21_f00076_t02.53_clear,3,video4,76,00076,02.53,clear,24,backpack,True,True,0.3397,0.3397,,0,False,both_detected
bytetrack_persist_1,video4/v04_20-21_f00076_t02.53_clear/gt004,video4/v04_20-21_f00076_t02.53_clear,4,video4,76,00076,02.53,clear,56,chair,True,True,0.2195,0.2195,,0,False,both_detected
bytetrack_persist_1,video4/v04_20-21_f00076_t02.53_clear/gt005,video4/v04_20-21_f00076_t02.53_clear,5,video4,76,00076,02.53,clear,56,chair,True,True,0.1743,0.1743,,0,False,both_detected
bytetrack_persist_1,video4/v04_20-21_f00076_t02.53_clear/gt006,video4/v04_20-21_f00076_t02.53_clear,6,video4,76,00076,02.53,clear,56,chair,False,False,,,,,False,still_missed
bytetrack_persist_1,video4/v04_20-21_f00076_t02.53_clear/gt007,video4/v04_20-21_f00076_t02.53_clear,7,video4,76,00076,02.53,clear,56,chair,False,False,,,,,False,still_missed
bytetrack_persist_1,video4/v04_20-21_f00076_t02.53_clear/gt008,video4/v04_20-21_f00076_t02.53_clear,8,video4,76,00076,02.53,clear,56,chair,False,False,,,,,False,still_missed
bytetrack_persist_1,video4/v04_20-21_f00076_t02.53_clear/gt009,video4/v04_20-21_f00076_t02.53_clear,9,video4,76,00076,02.53,clear,56,chair,False,False,,,,,False,still_missed
bytetrack_persist_3,video4/v04_20-21_f00076_t02.53_clear/gt000,video4/v04_20-21_f00076_t02.53_clear,0,video4,76,00076,02.53,clear,0,person,True,True,0.8691,0.8691,,0,False,both_detected
bytetrack_persist_3,video4/v04_20-21_f00076_t02.53_clear/gt001,video4/v04_20-21_f00076_t02.53_clear,1,video4,76,00076,02.53,clear,0,person,True,True,0.6728,0.6728,,0,False,both_detected
bytetrack_persist_3,video4/v04_20-21_f00076_t02.53_clear/gt002,video4/v04_20-21_f00076_t02.53_clear,2,video4,76,00076,02.53,clear,56,chair,True,True,0.5363,0.5363,,0,False,both_detected
bytetrack_persist_3,video4/v04_20-21_f00076_t02.53_clear/gt003,video4/v04_20-21_f00076_t02.53_clear,3,video4,76,00076,02.53,clear,24,backpack,True,True,0.3397,0.3397,,0,False,both_detected
bytetrack_persist_3,video4/v04_20-21_f00076_t02.53_clear/gt004,video4/v04_20-21_f00076_t02.53_clear,4,video4,76,00076,02.53,clear,56,chair,True,True,0.2195,0.2195,,0,False,both_detected
bytetrack_persist_3,video4/v04_20-21_f00076_t02.53_clear/gt005,video4/v04_20-21_f00076_t02.53_clear,5,video4,76,00076,02.53,clear,56,chair,True,True,0.1743,0.1743,,0,False,both_detected
bytetrack_persist_3,video4/v04_20-21_f00076_t02.53_clear/gt006,video4/v04_20-21_f00076_t02.53_clear,6,video4,76,00076,02.53,clear,56,chair,False,False,,,,,False,still_missed
bytetrack_persist_3,video4/v04_20-21_f00076_t02.53_clear/gt007,video4/v04_20-21_f00076_t02.53_clear,7,video4,76,00076,02.53,clear,56,chair,False,False,,,,,False,still_missed
bytetrack_persist_3,video4/v04_20-21_f00076_t02.53_clear/gt008,video4/v04_20-21_f00076_t02.53_clear,8,video4,76,00076,02.53,clear,56,chair,False,False,,,,,False,still_missed
bytetrack_persist_3,video4/v04_20-21_f00076_t02.53_clear/gt009,video4/v04_20-21_f00076_t02.53_clear,9,video4,76,00076,02.53,clear,56,chair,False,False,,,,,False,still_missed
bytetrack_persist_5,video4/v04_20-21_f00076_t02.53_clear/gt000,video4/v04_20-21_f00076_t02.53_clear,0,video4,76,00076,02.53,clear,0,person,True,True,0.8691,0.8691,,0,False,both_detected
bytetrack_persist_5,video4/v04_20-21_f00076_t02.53_clear/gt001,video4/v04_20-21_f00076_t02.53_clear,1,video4,76,00076,02.53,clear,0,person,True,True,0.6728,0.6728,,0,False,both_detected
bytetrack_persist_5,video4/v04_20-21_f00076_t02.53_clear/gt002,video4/v04_20-21_f00076_t02.53_clear,2,video4,76,00076,02.53,clear,56,chair,True,True,0.5363,0.5363,,0,False,both_detected
bytetrack_persist_5,video4/v04_20-21_f00076_t02.53_clear/gt003,video4/v04_20-21_f00076_t02.53_clear,3,video4,76,00076,02.53,clear,24,backpack,True,True,0.3397,0.3397,,0,False,both_detected
bytetrack_persist_5,video4/v04_20-21_f00076_t02.53_clear/gt004,video4/v04_20-21_f00076_t02.53_clear,4,video4,76,00076,02.53,clear,56,chair,True,True,0.2195,0.2195,,0,False,both_detected
bytetrack_persist_5,video4/v04_20-21_f00076_t02.53_clear/gt005,video4/v04_20-21_f00076_t02.53_clear,5,video4,76,00076,02.53,clear,56,chair,True,True,0.1743,0.1743,,0,False,both_detected
bytetrack_persist_5,video4/v04_20-21_f00076_t02.53_clear/gt006,video4/v04_20-21_f00076_t02.53_clear,6,video4,76,00076,02.53,clear,56,chair,False,False,,,,,False,still_missed
bytetrack_persist_5,video4/v04_20-21_f00076_t02.53_clear/gt007,video4/v04_20-21_f00076_t02.53_clear,7,video4,76,00076,02.53,clear,56,chair,False,False,,,,,False,still_missed
bytetrack_persist_5,video4/v04_20-21_f00076_t02.53_clear/gt008,video4/v04_20-21_f00076_t02.53_clear,8,video4,76,00076,02.53,clear,56,chair,False,False,,,,,False,still_missed
bytetrack_persist_5,video4/v04_20-21_f00076_t02.53_clear/gt009,video4/v04_20-21_f00076_t02.53_clear,9,video4,76,00076,02.53,clear,56,chair,False,False,,,,,False,still_missed
botsort,video4/v04_20-21_f00076_t02.53_clear/gt000,video4/v04_20-21_f00076_t02.53_clear,0,video4,76,00076,02.53,clear,0,person,True,True,0.8691,0.8733,1,0,False,both_detected
botsort,video4/v04_20-21_f00076_t02.53_clear/gt001,video4/v04_20-21_f00076_t02.53_clear,1,video4,76,00076,02.53,clear,0,person,True,True,0.6728,0.6619,20,0,False,both_detected
botsort,video4/v04_20-21_f00076_t02.53_clear/gt002,video4/v04_20-21_f00076_t02.53_clear,2,video4,76,00076,02.53,clear,56,chair,True,True,0.5363,0.5232,24,0,False,both_detected
botsort,video4/v04_20-21_f00076_t02.53_clear/gt003,video4/v04_20-21_f00076_t02.53_clear,3,video4,76,00076,02.53,clear,24,backpack,True,False,0.3397,,,,False,lost
botsort,video4/v04_20-21_f00076_t02.53_clear/gt004,video4/v04_20-21_f00076_t02.53_clear,4,video4,76,00076,02.53,clear,56,chair,True,False,0.2195,,,,False,lost
botsort,video4/v04_20-21_f00076_t02.53_clear/gt005,video4/v04_20-21_f00076_t02.53_clear,5,video4,76,00076,02.53,clear,56,chair,True,False,0.1743,,,,False,lost
botsort,video4/v04_20-21_f00076_t02.53_clear/gt006,video4/v04_20-21_f00076_t02.53_clear,6,video4,76,00076,02.53,clear,56,chair,False,False,,,,,False,still_missed
botsort,video4/v04_20-21_f00076_t02.53_clear/gt007,video4/v04_20-21_f00076_t02.53_clear,7,video4,76,00076,02.53,clear,56,chair,False,False,,,,,False,still_missed
botsort,video4/v04_20-21_f00076_t02.53_clear/gt008,video4/v04_20-21_f00076_t02.53_clear,8,video4,76,00076,02.53,clear,56,chair,False,False,,,,,False,still_missed
botsort,video4/v04_20-21_f00076_t02.53_clear/gt009,video4/v04_20-21_f00076_t02.53_clear,9,video4,76,00076,02.53,clear,56,chair,False,False,,,,,False,still_missed
botsort_persist_1,video4/v04_20-21_f00076_t02.53_clear/gt000,video4/v04_20-21_f00076_t02.53_clear,0,video4,76,00076,02.53,clear,0,person,True,True,0.8691,0.8691,,0,False,both_detected
botsort_persist_1,video4/v04_20-21_f00076_t02.53_clear/gt001,video4/v04_20-21_f00076_t02.53_clear,1,video4,76,00076,02.53,clear,0,person,True,True,0.6728,0.6728,,0,False,both_detected
botsort_persist_1,video4/v04_20-21_f00076_t02.53_clear/gt002,video4/v04_20-21_f00076_t02.53_clear,2,video4,76,00076,02.53,clear,56,chair,True,True,0.5363,0.5363,,0,False,both_detected
botsort_persist_1,video4/v04_20-21_f00076_t02.53_clear/gt003,video4/v04_20-21_f00076_t02.53_clear,3,video4,76,00076,02.53,clear,24,backpack,True,True,0.3397,0.3397,,0,False,both_detected
botsort_persist_1,video4/v04_20-21_f00076_t02.53_clear/gt004,video4/v04_20-21_f00076_t02.53_clear,4,video4,76,00076,02.53,clear,56,chair,True,True,0.2195,0.2195,,0,False,both_detected
botsort_persist_1,video4/v04_20-21_f00076_t02.53_clear/gt005,video4/v04_20-21_f00076_t02.53_clear,5,video4,76,00076,02.53,clear,56,chair,True,True,0.1743,0.1743,,0,False,both_detected
botsort_persist_1,video4/v04_20-21_f00076_t02.53_clear/gt006,video4/v04_20-21_f00076_t02.53_clear,6,video4,76,00076,02.53,clear,56,chair,False,False,,,,,False,still_missed
botsort_persist_1,video4/v04_20-21_f00076_t02.53_clear/gt007,video4/v04_20-21_f00076_t02.53_clear,7,video4,76,00076,02.53,clear,56,chair,False,False,,,,,False,still_missed
botsort_persist_1,video4/v04_20-21_f00076_t02.53_clear/gt008,video4/v04_20-21_f00076_t02.53_clear,8,video4,76,00076,02.53,clear,56,chair,False,False,,,,,False,still_missed
botsort_persist_1,video4/v04_20-21_f00076_t02.53_clear/gt009,video4/v04_20-21_f00076_t02.53_clear,9,video4,76,00076,02.53,clear,56,chair,False,False,,,,,False,still_missed
botsort_persist_3,video4/v04_20-21_f00076_t02.53_clear/gt000,video4/v04_20-21_f00076_t02.53_clear,0,video4,76,00076,02.53,clear,0,person,True,True,0.8691,0.8691,,0,False,both_detected
botsort_persist_3,video4/v04_20-21_f00076_t02.53_clear/gt001,video4/v04_20-21_f00076_t02.53_clear,1,video4,76,00076,02.53,clear,0,person,True,True,0.6728,0.6728,,0,False,both_detected
botsort_persist_3,video4/v04_20-21_f00076_t02.53_clear/gt002,video4/v04_20-21_f00076_t02.53_clear,2,video4,76,00076,02.53,clear,56,chair,True,True,0.5363,0.5363,,0,False,both_detected
botsort_persist_3,video4/v04_20-21_f00076_t02.53_clear/gt003,video4/v04_20-21_f00076_t02.53_clear,3,video4,76,00076,02.53,clear,24,backpack,True,True,0.3397,0.3397,,0,False,both_detected
botsort_persist_3,video4/v04_20-21_f00076_t02.53_clear/gt004,video4/v04_20-21_f00076_t02.53_clear,4,video4,76,00076,02.53,clear,56,chair,True,True,0.2195,0.2195,,0,False,both_detected
botsort_persist_3,video4/v04_20-21_f00076_t02.53_clear/gt005,video4/v04_20-21_f00076_t02.53_clear,5,video4,76,00076,02.53,clear,56,chair,True,True,0.1743,0.1743,,0,False,both_detected
botsort_persist_3,video4/v04_20-21_f00076_t02.53_clear/gt006,video4/v04_20-21_f00076_t02.53_clear,6,video4,76,00076,02.53,clear,56,chair,False,False,,,,,False,still_missed
botsort_persist_3,video4/v04_20-21_f00076_t02.53_clear/gt007,video4/v04_20-21_f00076_t02.53_clear,7,video4,76,00076,02.53,clear,56,chair,False,False,,,,,False,still_missed
botsort_persist_3,video4/v04_20-21_f00076_t02.53_clear/gt008,video4/v04_20-21_f00076_t02.53_clear,8,video4,76,00076,02.53,clear,56,chair,False,False,,,,,False,still_missed
botsort_persist_3,video4/v04_20-21_f00076_t02.53_clear/gt009,video4/v04_20-21_f00076_t02.53_clear,9,video4,76,00076,02.53,clear,56,chair,False,False,,,,,False,still_missed
botsort_persist_5,video4/v04_20-21_f00076_t02.53_clear/gt000,video4/v04_20-21_f00076_t02.53_clear,0,video4,76,00076,02.53,clear,0,person,True,True,0.8691,0.8691,,0,False,both_detected
botsort_persist_5,video4/v04_20-21_f00076_t02.53_clear/gt001,video4/v04_20-21_f00076_t02.53_clear,1,video4,76,00076,02.53,clear,0,person,True,True,0.6728,0.6728,,0,False,both_detected
botsort_persist_5,video4/v04_20-21_f00076_t02.53_clear/gt002,video4/v04_20-21_f00076_t02.53_clear,2,video4,76,00076,02.53,clear,56,chair,True,True,0.5363,0.5363,,0,False,both_detected
botsort_persist_5,video4/v04_20-21_f00076_t02.53_clear/gt003,video4/v04_20-21_f00076_t02.53_clear,3,video4,76,00076,02.53,clear,24,backpack,True,True,0.3397,0.3397,,0,False,both_detected
botsort_persist_5,video4/v04_20-21_f00076_t02.53_clear/gt004,video4/v04_20-21_f00076_t02.53_clear,4,video4,76,00076,02.53,clear,56,chair,True,True,0.2195,0.2195,,0,False,both_detected
botsort_persist_5,video4/v04_20-21_f00076_t02.53_clear/gt005,video4/v04_20-21_f00076_t02.53_clear,5,video4,76,00076,02.53,clear,56,chair,True,True,0.1743,0.1743,,0,False,both_detected
botsort_persist_5,video4/v04_20-21_f00076_t02.53_clear/gt006,video4/v04_20-21_f00076_t02.53_clear,6,video4,76,00076,02.53,clear,56,chair,False,False,,,,,False,still_missed
botsort_persist_5,video4/v04_20-21_f00076_t02.53_clear/gt007,video4/v04_20-21_f00076_t02.53_clear,7,video4,76,00076,02.53,clear,56,chair,False,False,,,,,False,still_missed
botsort_persist_5,video4/v04_20-21_f00076_t02.53_clear/gt008,video4/v04_20-21_f00076_t02.53_clear,8,video4,76,00076,02.53,clear,56,chair,False,False,,,,,False,still_missed
botsort_persist_5,video4/v04_20-21_f00076_t02.53_clear/gt009,video4/v04_20-21_f00076_t02.53_clear,9,video4,76,00076,02.53,clear,56,chair,False,False,,,,,False,still_missed
bytetrack,video4/v04_20-21_f00114_t03.80_moderate_blur/gt000,video4/v04_20-21_f00114_t03.80_moderate_blur,0,video4,114,00114,03.80,moderate_blur,0,person,True,True,0.8773,0.878,1,0,False,both_detected
bytetrack,video4/v04_20-21_f00114_t03.80_moderate_blur/gt001,video4/v04_20-21_f00114_t03.80_moderate_blur,1,video4,114,00114,03.80,moderate_blur,56,chair,True,True,0.6716,0.6777,53,0,False,both_detected
bytetrack,video4/v04_20-21_f00114_t03.80_moderate_blur/gt002,video4/v04_20-21_f00114_t03.80_moderate_blur,2,video4,114,00114,03.80,moderate_blur,0,person,False,False,,,,,False,still_missed
bytetrack,video4/v04_20-21_f00114_t03.80_moderate_blur/gt003,video4/v04_20-21_f00114_t03.80_moderate_blur,3,video4,114,00114,03.80,moderate_blur,56,chair,True,True,0.4028,0.3557,59,0,False,both_detected
bytetrack,video4/v04_20-21_f00114_t03.80_moderate_blur/gt004,video4/v04_20-21_f00114_t03.80_moderate_blur,4,video4,114,00114,03.80,moderate_blur,16,dog,True,True,0.3862,0.342,39,0,False,both_detected
bytetrack,video4/v04_20-21_f00114_t03.80_moderate_blur/gt005,video4/v04_20-21_f00114_t03.80_moderate_blur,5,video4,114,00114,03.80,moderate_blur,24,backpack,True,False,0.2254,,,,False,lost
bytetrack,video4/v04_20-21_f00114_t03.80_moderate_blur/gt006,video4/v04_20-21_f00114_t03.80_moderate_blur,6,video4,114,00114,03.80,moderate_blur,56,chair,False,False,,,,,False,still_missed
bytetrack,video4/v04_20-21_f00114_t03.80_moderate_blur/gt007,video4/v04_20-21_f00114_t03.80_moderate_blur,7,video4,114,00114,03.80,moderate_blur,0,person,False,False,,,,,False,still_missed
bytetrack_persist_1,video4/v04_20-21_f00114_t03.80_moderate_blur/gt000,video4/v04_20-21_f00114_t03.80_moderate_blur,0,video4,114,00114,03.80,moderate_blur,0,person,True,True,0.8773,0.8773,,0,False,both_detected
bytetrack_persist_1,video4/v04_20-21_f00114_t03.80_moderate_blur/gt001,video4/v04_20-21_f00114_t03.80_moderate_blur,1,video4,114,00114,03.80,moderate_blur,56,chair,True,True,0.6716,0.6716,,0,False,both_detected
bytetrack_persist_1,video4/v04_20-21_f00114_t03.80_moderate_blur/gt002,video4/v04_20-21_f00114_t03.80_moderate_blur,2,video4,114,00114,03.80,moderate_blur,0,person,False,False,,,,,False,still_missed
bytetrack_persist_1,video4/v04_20-21_f00114_t03.80_moderate_blur/gt003,video4/v04_20-21_f00114_t03.80_moderate_blur,3,video4,114,00114,03.80,moderate_blur,56,chair,True,True,0.4028,0.4028,,0,False,both_detected
bytetrack_persist_1,video4/v04_20-21_f00114_t03.80_moderate_blur/gt004,video4/v04_20-21_f00114_t03.80_moderate_blur,4,video4,114,00114,03.80,moderate_blur,16,dog,True,True,0.3862,0.3862,,0,False,both_detected
bytetrack_persist_1,video4/v04_20-21_f00114_t03.80_moderate_blur/gt005,video4/v04_20-21_f00114_t03.80_moderate_blur,5,video4,114,00114,03.80,moderate_blur,24,backpack,True,True,0.2254,0.2254,,0,False,both_detected
bytetrack_persist_1,video4/v04_20-21_f00114_t03.80_moderate_blur/gt006,video4/v04_20-21_f00114_t03.80_moderate_blur,6,video4,114,00114,03.80,moderate_blur,56,chair,False,False,,,,,False,still_missed
bytetrack_persist_1,video4/v04_20-21_f00114_t03.80_moderate_blur/gt007,video4/v04_20-21_f00114_t03.80_moderate_blur,7,video4,114,00114,03.80,moderate_blur,0,person,False,False,,,,,False,still_missed
bytetrack_persist_3,video4/v04_20-21_f00114_t03.80_moderate_blur/gt000,video4/v04_20-21_f00114_t03.80_moderate_blur,0,video4,114,00114,03.80,moderate_blur,0,person,True,True,0.8773,0.8773,,0,False,both_detected
bytetrack_persist_3,video4/v04_20-21_f00114_t03.80_moderate_blur/gt001,video4/v04_20-21_f00114_t03.80_moderate_blur,1,video4,114,00114,03.80,moderate_blur,56,chair,True,True,0.6716,0.6716,,0,False,both_detected
bytetrack_persist_3,video4/v04_20-21_f00114_t03.80_moderate_blur/gt002,video4/v04_20-21_f00114_t03.80_moderate_blur,2,video4,114,00114,03.80,moderate_blur,0,person,False,False,,,,,False,still_missed
bytetrack_persist_3,video4/v04_20-21_f00114_t03.80_moderate_blur/gt003,video4/v04_20-21_f00114_t03.80_moderate_blur,3,video4,114,00114,03.80,moderate_blur,56,chair,True,True,0.4028,0.4028,,0,False,both_detected
bytetrack_persist_3,video4/v04_20-21_f00114_t03.80_moderate_blur/gt004,video4/v04_20-21_f00114_t03.80_moderate_blur,4,video4,114,00114,03.80,moderate_blur,16,dog,True,True,0.3862,0.3862,,0,False,both_detected
bytetrack_persist_3,video4/v04_20-21_f00114_t03.80_moderate_blur/gt005,video4/v04_20-21_f00114_t03.80_moderate_blur,5,video4,114,00114,03.80,moderate_blur,24,backpack,True,True,0.2254,0.2254,,0,False,both_detected
bytetrack_persist_3,video4/v04_20-21_f00114_t03.80_moderate_blur/gt006,video4/v04_20-21_f00114_t03.80_moderate_blur,6,video4,114,00114,03.80,moderate_blur,56,chair,False,False,,,,,False,still_missed
bytetrack_persist_3,video4/v04_20-21_f00114_t03.80_moderate_blur/gt007,video4/v04_20-21_f00114_t03.80_moderate_blur,7,video4,114,00114,03.80,moderate_blur,0,person,False,False,,,,,False,still_missed
bytetrack_persist_5,video4/v04_20-21_f00114_t03.80_moderate_blur/gt000,video4/v04_20-21_f00114_t03.80_moderate_blur,0,video4,114,00114,03.80,moderate_blur,0,person,True,True,0.8773,0.8773,,0,False,both_detected
bytetrack_persist_5,video4/v04_20-21_f00114_t03.80_moderate_blur/gt001,video4/v04_20-21_f00114_t03.80_moderate_blur,1,video4,114,00114,03.80,moderate_blur,56,chair,True,True,0.6716,0.6716,,0,False,both_detected
bytetrack_persist_5,video4/v04_20-21_f00114_t03.80_moderate_blur/gt002,video4/v04_20-21_f00114_t03.80_moderate_blur,2,video4,114,00114,03.80,moderate_blur,0,person,False,False,,,,,False,still_missed
bytetrack_persist_5,video4/v04_20-21_f00114_t03.80_moderate_blur/gt003,video4/v04_20-21_f00114_t03.80_moderate_blur,3,video4,114,00114,03.80,moderate_blur,56,chair,True,True,0.4028,0.4028,,0,False,both_detected
bytetrack_persist_5,video4/v04_20-21_f00114_t03.80_moderate_blur/gt004,video4/v04_20-21_f00114_t03.80_moderate_blur,4,video4,114,00114,03.80,moderate_blur,16,dog,True,True,0.3862,0.3862,,0,False,both_detected
bytetrack_persist_5,video4/v04_20-21_f00114_t03.80_moderate_blur/gt005,video4/v04_20-21_f00114_t03.80_moderate_blur,5,video4,114,00114,03.80,moderate_blur,24,backpack,True,True,0.2254,0.2254,,0,False,both_detected
bytetrack_persist_5,video4/v04_20-21_f00114_t03.80_moderate_blur/gt006,video4/v04_20-21_f00114_t03.80_moderate_blur,6,video4,114,00114,03.80,moderate_blur,56,chair,False,False,,,,,False,still_missed
bytetrack_persist_5,video4/v04_20-21_f00114_t03.80_moderate_blur/gt007,video4/v04_20-21_f00114_t03.80_moderate_blur,7,video4,114,00114,03.80,moderate_blur,0,person,False,False,,,,,False,still_missed
botsort,video4/v04_20-21_f00114_t03.80_moderate_blur/gt000,video4/v04_20-21_f00114_t03.80_moderate_blur,0,video4,114,00114,03.80,moderate_blur,0,person,True,True,0.8773,0.878,1,0,False,both_detected
botsort,video4/v04_20-21_f00114_t03.80_moderate_blur/gt001,video4/v04_20-21_f00114_t03.80_moderate_blur,1,video4,114,00114,03.80,moderate_blur,56,chair,True,True,0.6716,0.6777,41,0,False,both_detected
botsort,video4/v04_20-21_f00114_t03.80_moderate_blur/gt002,video4/v04_20-21_f00114_t03.80_moderate_blur,2,video4,114,00114,03.80,moderate_blur,0,person,False,False,,,,,False,still_missed
botsort,video4/v04_20-21_f00114_t03.80_moderate_blur/gt003,video4/v04_20-21_f00114_t03.80_moderate_blur,3,video4,114,00114,03.80,moderate_blur,56,chair,True,True,0.4028,0.3557,24,0,False,both_detected
botsort,video4/v04_20-21_f00114_t03.80_moderate_blur/gt004,video4/v04_20-21_f00114_t03.80_moderate_blur,4,video4,114,00114,03.80,moderate_blur,16,dog,True,True,0.3862,0.342,4,0,False,both_detected
botsort,video4/v04_20-21_f00114_t03.80_moderate_blur/gt005,video4/v04_20-21_f00114_t03.80_moderate_blur,5,video4,114,00114,03.80,moderate_blur,24,backpack,True,False,0.2254,,,,False,lost
botsort,video4/v04_20-21_f00114_t03.80_moderate_blur/gt006,video4/v04_20-21_f00114_t03.80_moderate_blur,6,video4,114,00114,03.80,moderate_blur,56,chair,False,False,,,,,False,still_missed
botsort,video4/v04_20-21_f00114_t03.80_moderate_blur/gt007,video4/v04_20-21_f00114_t03.80_moderate_blur,7,video4,114,00114,03.80,moderate_blur,0,person,False,False,,,,,False,still_missed
botsort_persist_1,video4/v04_20-21_f00114_t03.80_moderate_blur/gt000,video4/v04_20-21_f00114_t03.80_moderate_blur,0,video4,114,00114,03.80,moderate_blur,0,person,True,True,0.8773,0.8773,,0,False,both_detected
botsort_persist_1,video4/v04_20-21_f00114_t03.80_moderate_blur/gt001,video4/v04_20-21_f00114_t03.80_moderate_blur,1,video4,114,00114,03.80,moderate_blur,56,chair,True,True,0.6716,0.6716,,0,False,both_detected
botsort_persist_1,video4/v04_20-21_f00114_t03.80_moderate_blur/gt002,video4/v04_20-21_f00114_t03.80_moderate_blur,2,video4,114,00114,03.80,moderate_blur,0,person,False,False,,,,,False,still_missed
botsort_persist_1,video4/v04_20-21_f00114_t03.80_moderate_blur/gt003,video4/v04_20-21_f00114_t03.80_moderate_blur,3,video4,114,00114,03.80,moderate_blur,56,chair,True,True,0.4028,0.4028,,0,False,both_detected
botsort_persist_1,video4/v04_20-21_f00114_t03.80_moderate_blur/gt004,video4/v04_20-21_f00114_t03.80_moderate_blur,4,video4,114,00114,03.80,moderate_blur,16,dog,True,True,0.3862,0.3862,,0,False,both_detected
botsort_persist_1,video4/v04_20-21_f00114_t03.80_moderate_blur/gt005,video4/v04_20-21_f00114_t03.80_moderate_blur,5,video4,114,00114,03.80,moderate_blur,24,backpack,True,True,0.2254,0.2254,,0,False,both_detected
botsort_persist_1,video4/v04_20-21_f00114_t03.80_moderate_blur/gt006,video4/v04_20-21_f00114_t03.80_moderate_blur,6,video4,114,00114,03.80,moderate_blur,56,chair,False,False,,,,,False,still_missed
botsort_persist_1,video4/v04_20-21_f00114_t03.80_moderate_blur/gt007,video4/v04_20-21_f00114_t03.80_moderate_blur,7,video4,114,00114,03.80,moderate_blur,0,person,False,False,,,,,False,still_missed
botsort_persist_3,video4/v04_20-21_f00114_t03.80_moderate_blur/gt000,video4/v04_20-21_f00114_t03.80_moderate_blur,0,video4,114,00114,03.80,moderate_blur,0,person,True,True,0.8773,0.8773,,0,False,both_detected
botsort_persist_3,video4/v04_20-21_f00114_t03.80_moderate_blur/gt001,video4/v04_20-21_f00114_t03.80_moderate_blur,1,video4,114,00114,03.80,moderate_blur,56,chair,True,True,0.6716,0.6716,,0,False,both_detected
botsort_persist_3,video4/v04_20-21_f00114_t03.80_moderate_blur/gt002,video4/v04_20-21_f00114_t03.80_moderate_blur,2,video4,114,00114,03.80,moderate_blur,0,person,False,False,,,,,False,still_missed
botsort_persist_3,video4/v04_20-21_f00114_t03.80_moderate_blur/gt003,video4/v04_20-21_f00114_t03.80_moderate_blur,3,video4,114,00114,03.80,moderate_blur,56,chair,True,True,0.4028,0.4028,,0,False,both_detected
botsort_persist_3,video4/v04_20-21_f00114_t03.80_moderate_blur/gt004,video4/v04_20-21_f00114_t03.80_moderate_blur,4,video4,114,00114,03.80,moderate_blur,16,dog,True,True,0.3862,0.3862,,0,False,both_detected
botsort_persist_3,video4/v04_20-21_f00114_t03.80_moderate_blur/gt005,video4/v04_20-21_f00114_t03.80_moderate_blur,5,video4,114,00114,03.80,moderate_blur,24,backpack,True,True,0.2254,0.2254,,0,False,both_detected
botsort_persist_3,video4/v04_20-21_f00114_t03.80_moderate_blur/gt006,video4/v04_20-21_f00114_t03.80_moderate_blur,6,video4,114,00114,03.80,moderate_blur,56,chair,False,False,,,,,False,still_missed
botsort_persist_3,video4/v04_20-21_f00114_t03.80_moderate_blur/gt007,video4/v04_20-21_f00114_t03.80_moderate_blur,7,video4,114,00114,03.80,moderate_blur,0,person,False,False,,,,,False,still_missed
botsort_persist_5,video4/v04_20-21_f00114_t03.80_moderate_blur/gt000,video4/v04_20-21_f00114_t03.80_moderate_blur,0,video4,114,00114,03.80,moderate_blur,0,person,True,True,0.8773,0.8773,,0,False,both_detected
botsort_persist_5,video4/v04_20-21_f00114_t03.80_moderate_blur/gt001,video4/v04_20-21_f00114_t03.80_moderate_blur,1,video4,114,00114,03.80,moderate_blur,56,chair,True,True,0.6716,0.6716,,0,False,both_detected
botsort_persist_5,video4/v04_20-21_f00114_t03.80_moderate_blur/gt002,video4/v04_20-21_f00114_t03.80_moderate_blur,2,video4,114,00114,03.80,moderate_blur,0,person,False,False,,,,,False,still_missed
botsort_persist_5,video4/v04_20-21_f00114_t03.80_moderate_blur/gt003,video4/v04_20-21_f00114_t03.80_moderate_blur,3,video4,114,00114,03.80,moderate_blur,56,chair,True,True,0.4028,0.4028,,0,False,both_detected
botsort_persist_5,video4/v04_20-21_f00114_t03.80_moderate_blur/gt004,video4/v04_20-21_f00114_t03.80_moderate_blur,4,video4,114,00114,03.80,moderate_blur,16,dog,True,True,0.3862,0.3862,,0,False,both_detected
botsort_persist_5,video4/v04_20-21_f00114_t03.80_moderate_blur/gt005,video4/v04_20-21_f00114_t03.80_moderate_blur,5,video4,114,00114,03.80,moderate_blur,24,backpack,True,True,0.2254,0.2254,,0,False,both_detected
botsort_persist_5,video4/v04_20-21_f00114_t03.80_moderate_blur/gt006,video4/v04_20-21_f00114_t03.80_moderate_blur,6,video4,114,00114,03.80,moderate_blur,56,chair,False,False,,,,,False,still_missed
botsort_persist_5,video4/v04_20-21_f00114_t03.80_moderate_blur/gt007,video4/v04_20-21_f00114_t03.80_moderate_blur,7,video4,114,00114,03.80,moderate_blur,0,person,False,False,,,,,False,still_missed
bytetrack,video4/v04_20-21_f00152_t05.07_moderate_blur/gt000,video4/v04_20-21_f00152_t05.07_moderate_blur,0,video4,152,00152,05.07,moderate_blur,0,person,True,True,0.6789,0.639,82,0,False,both_detected
bytetrack,video4/v04_20-21_f00152_t05.07_moderate_blur/gt001,video4/v04_20-21_f00152_t05.07_moderate_blur,1,video4,152,00152,05.07,moderate_blur,39,bottle,False,False,,,,,False,still_missed
bytetrack,video4/v04_20-21_f00152_t05.07_moderate_blur/gt002,video4/v04_20-21_f00152_t05.07_moderate_blur,2,video4,152,00152,05.07,moderate_blur,56,chair,False,False,,,,,False,still_missed
bytetrack,video4/v04_20-21_f00152_t05.07_moderate_blur/gt003,video4/v04_20-21_f00152_t05.07_moderate_blur,3,video4,152,00152,05.07,moderate_blur,56,chair,False,False,,,,,False,still_missed
bytetrack,video4/v04_20-21_f00152_t05.07_moderate_blur/gt004,video4/v04_20-21_f00152_t05.07_moderate_blur,4,video4,152,00152,05.07,moderate_blur,24,backpack,False,False,,,,,False,still_missed
bytetrack,video4/v04_20-21_f00152_t05.07_moderate_blur/gt005,video4/v04_20-21_f00152_t05.07_moderate_blur,5,video4,152,00152,05.07,moderate_blur,56,chair,False,False,,,,,False,still_missed
bytetrack_persist_1,video4/v04_20-21_f00152_t05.07_moderate_blur/gt000,video4/v04_20-21_f00152_t05.07_moderate_blur,0,video4,152,00152,05.07,moderate_blur,0,person,True,True,0.6789,0.6789,,0,False,both_detected
bytetrack_persist_1,video4/v04_20-21_f00152_t05.07_moderate_blur/gt001,video4/v04_20-21_f00152_t05.07_moderate_blur,1,video4,152,00152,05.07,moderate_blur,39,bottle,False,False,,,,,False,still_missed
bytetrack_persist_1,video4/v04_20-21_f00152_t05.07_moderate_blur/gt002,video4/v04_20-21_f00152_t05.07_moderate_blur,2,video4,152,00152,05.07,moderate_blur,56,chair,False,False,,,,,False,still_missed
bytetrack_persist_1,video4/v04_20-21_f00152_t05.07_moderate_blur/gt003,video4/v04_20-21_f00152_t05.07_moderate_blur,3,video4,152,00152,05.07,moderate_blur,56,chair,False,False,,,,,False,still_missed
bytetrack_persist_1,video4/v04_20-21_f00152_t05.07_moderate_blur/gt004,video4/v04_20-21_f00152_t05.07_moderate_blur,4,video4,152,00152,05.07,moderate_blur,24,backpack,False,False,,,,,False,still_missed
bytetrack_persist_1,video4/v04_20-21_f00152_t05.07_moderate_blur/gt005,video4/v04_20-21_f00152_t05.07_moderate_blur,5,video4,152,00152,05.07,moderate_blur,56,chair,False,False,,,,,False,still_missed
bytetrack_persist_3,video4/v04_20-21_f00152_t05.07_moderate_blur/gt000,video4/v04_20-21_f00152_t05.07_moderate_blur,0,video4,152,00152,05.07,moderate_blur,0,person,True,True,0.6789,0.6789,,0,False,both_detected
bytetrack_persist_3,video4/v04_20-21_f00152_t05.07_moderate_blur/gt001,video4/v04_20-21_f00152_t05.07_moderate_blur,1,video4,152,00152,05.07,moderate_blur,39,bottle,False,False,,,,,False,still_missed
bytetrack_persist_3,video4/v04_20-21_f00152_t05.07_moderate_blur/gt002,video4/v04_20-21_f00152_t05.07_moderate_blur,2,video4,152,00152,05.07,moderate_blur,56,chair,False,False,,,,,False,still_missed
bytetrack_persist_3,video4/v04_20-21_f00152_t05.07_moderate_blur/gt003,video4/v04_20-21_f00152_t05.07_moderate_blur,3,video4,152,00152,05.07,moderate_blur,56,chair,False,False,,,,,False,still_missed
bytetrack_persist_3,video4/v04_20-21_f00152_t05.07_moderate_blur/gt004,video4/v04_20-21_f00152_t05.07_moderate_blur,4,video4,152,00152,05.07,moderate_blur,24,backpack,False,False,,,,,False,still_missed
bytetrack_persist_3,video4/v04_20-21_f00152_t05.07_moderate_blur/gt005,video4/v04_20-21_f00152_t05.07_moderate_blur,5,video4,152,00152,05.07,moderate_blur,56,chair,False,False,,,,,False,still_missed
bytetrack_persist_5,video4/v04_20-21_f00152_t05.07_moderate_blur/gt000,video4/v04_20-21_f00152_t05.07_moderate_blur,0,video4,152,00152,05.07,moderate_blur,0,person,True,True,0.6789,0.6789,,0,False,both_detected
bytetrack_persist_5,video4/v04_20-21_f00152_t05.07_moderate_blur/gt001,video4/v04_20-21_f00152_t05.07_moderate_blur,1,video4,152,00152,05.07,moderate_blur,39,bottle,False,False,,,,,False,still_missed
bytetrack_persist_5,video4/v04_20-21_f00152_t05.07_moderate_blur/gt002,video4/v04_20-21_f00152_t05.07_moderate_blur,2,video4,152,00152,05.07,moderate_blur,56,chair,False,False,,,,,False,still_missed
bytetrack_persist_5,video4/v04_20-21_f00152_t05.07_moderate_blur/gt003,video4/v04_20-21_f00152_t05.07_moderate_blur,3,video4,152,00152,05.07,moderate_blur,56,chair,False,False,,,,,False,still_missed
bytetrack_persist_5,video4/v04_20-21_f00152_t05.07_moderate_blur/gt004,video4/v04_20-21_f00152_t05.07_moderate_blur,4,video4,152,00152,05.07,moderate_blur,24,backpack,False,False,,,,,False,still_missed
bytetrack_persist_5,video4/v04_20-21_f00152_t05.07_moderate_blur/gt005,video4/v04_20-21_f00152_t05.07_moderate_blur,5,video4,152,00152,05.07,moderate_blur,56,chair,False,False,,,,,False,still_missed
botsort,video4/v04_20-21_f00152_t05.07_moderate_blur/gt000,video4/v04_20-21_f00152_t05.07_moderate_blur,0,video4,152,00152,05.07,moderate_blur,0,person,True,True,0.6789,0.639,1,0,False,both_detected
botsort,video4/v04_20-21_f00152_t05.07_moderate_blur/gt001,video4/v04_20-21_f00152_t05.07_moderate_blur,1,video4,152,00152,05.07,moderate_blur,39,bottle,False,False,,,,,False,still_missed
botsort,video4/v04_20-21_f00152_t05.07_moderate_blur/gt002,video4/v04_20-21_f00152_t05.07_moderate_blur,2,video4,152,00152,05.07,moderate_blur,56,chair,False,False,,,,,False,still_missed
botsort,video4/v04_20-21_f00152_t05.07_moderate_blur/gt003,video4/v04_20-21_f00152_t05.07_moderate_blur,3,video4,152,00152,05.07,moderate_blur,56,chair,False,False,,,,,False,still_missed
botsort,video4/v04_20-21_f00152_t05.07_moderate_blur/gt004,video4/v04_20-21_f00152_t05.07_moderate_blur,4,video4,152,00152,05.07,moderate_blur,24,backpack,False,False,,,,,False,still_missed
botsort,video4/v04_20-21_f00152_t05.07_moderate_blur/gt005,video4/v04_20-21_f00152_t05.07_moderate_blur,5,video4,152,00152,05.07,moderate_blur,56,chair,False,False,,,,,False,still_missed
botsort_persist_1,video4/v04_20-21_f00152_t05.07_moderate_blur/gt000,video4/v04_20-21_f00152_t05.07_moderate_blur,0,video4,152,00152,05.07,moderate_blur,0,person,True,True,0.6789,0.6789,,0,False,both_detected
botsort_persist_1,video4/v04_20-21_f00152_t05.07_moderate_blur/gt001,video4/v04_20-21_f00152_t05.07_moderate_blur,1,video4,152,00152,05.07,moderate_blur,39,bottle,False,False,,,,,False,still_missed
botsort_persist_1,video4/v04_20-21_f00152_t05.07_moderate_blur/gt002,video4/v04_20-21_f00152_t05.07_moderate_blur,2,video4,152,00152,05.07,moderate_blur,56,chair,False,False,,,,,False,still_missed
botsort_persist_1,video4/v04_20-21_f00152_t05.07_moderate_blur/gt003,video4/v04_20-21_f00152_t05.07_moderate_blur,3,video4,152,00152,05.07,moderate_blur,56,chair,False,False,,,,,False,still_missed
botsort_persist_1,video4/v04_20-21_f00152_t05.07_moderate_blur/gt004,video4/v04_20-21_f00152_t05.07_moderate_blur,4,video4,152,00152,05.07,moderate_blur,24,backpack,False,False,,,,,False,still_missed
botsort_persist_1,video4/v04_20-21_f00152_t05.07_moderate_blur/gt005,video4/v04_20-21_f00152_t05.07_moderate_blur,5,video4,152,00152,05.07,moderate_blur,56,chair,False,False,,,,,False,still_missed
botsort_persist_3,video4/v04_20-21_f00152_t05.07_moderate_blur/gt000,video4/v04_20-21_f00152_t05.07_moderate_blur,0,video4,152,00152,05.07,moderate_blur,0,person,True,True,0.6789,0.6789,,0,False,both_detected
botsort_persist_3,video4/v04_20-21_f00152_t05.07_moderate_blur/gt001,video4/v04_20-21_f00152_t05.07_moderate_blur,1,video4,152,00152,05.07,moderate_blur,39,bottle,False,False,,,,,False,still_missed
botsort_persist_3,video4/v04_20-21_f00152_t05.07_moderate_blur/gt002,video4/v04_20-21_f00152_t05.07_moderate_blur,2,video4,152,00152,05.07,moderate_blur,56,chair,False,False,,,,,False,still_missed
botsort_persist_3,video4/v04_20-21_f00152_t05.07_moderate_blur/gt003,video4/v04_20-21_f00152_t05.07_moderate_blur,3,video4,152,00152,05.07,moderate_blur,56,chair,False,False,,,,,False,still_missed
botsort_persist_3,video4/v04_20-21_f00152_t05.07_moderate_blur/gt004,video4/v04_20-21_f00152_t05.07_moderate_blur,4,video4,152,00152,05.07,moderate_blur,24,backpack,False,False,,,,,False,still_missed
botsort_persist_3,video4/v04_20-21_f00152_t05.07_moderate_blur/gt005,video4/v04_20-21_f00152_t05.07_moderate_blur,5,video4,152,00152,05.07,moderate_blur,56,chair,False,False,,,,,False,still_missed
botsort_persist_5,video4/v04_20-21_f00152_t05.07_moderate_blur/gt000,video4/v04_20-21_f00152_t05.07_moderate_blur,0,video4,152,00152,05.07,moderate_blur,0,person,True,True,0.6789,0.6789,,0,False,both_detected
botsort_persist_5,video4/v04_20-21_f00152_t05.07_moderate_blur/gt001,video4/v04_20-21_f00152_t05.07_moderate_blur,1,video4,152,00152,05.07,moderate_blur,39,bottle,False,False,,,,,False,still_missed
botsort_persist_5,video4/v04_20-21_f00152_t05.07_moderate_blur/gt002,video4/v04_20-21_f00152_t05.07_moderate_blur,2,video4,152,00152,05.07,moderate_blur,56,chair,False,False,,,,,False,still_missed
botsort_persist_5,video4/v04_20-21_f00152_t05.07_moderate_blur/gt003,video4/v04_20-21_f00152_t05.07_moderate_blur,3,video4,152,00152,05.07,moderate_blur,56,chair,False,False,,,,,False,still_missed
botsort_persist_5,video4/v04_20-21_f00152_t05.07_moderate_blur/gt004,video4/v04_20-21_f00152_t05.07_moderate_blur,4,video4,152,00152,05.07,moderate_blur,24,backpack,False,False,,,,,False,still_missed
botsort_persist_5,video4/v04_20-21_f00152_t05.07_moderate_blur/gt005,video4/v04_20-21_f00152_t05.07_moderate_blur,5,video4,152,00152,05.07,moderate_blur,56,chair,False,False,,,,,False,still_missed
bytetrack,video4/v04_20-21_f00190_t06.33_moderate_blur/gt000,video4/v04_20-21_f00190_t06.33_moderate_blur,0,video4,190,00190,06.33,moderate_blur,0,person,False,False,,,,,False,still_missed
bytetrack,video4/v04_20-21_f00190_t06.33_moderate_blur/gt001,video4/v04_20-21_f00190_t06.33_moderate_blur,1,video4,190,00190,06.33,moderate_blur,0,person,False,False,,,,,False,still_missed
bytetrack,video4/v04_20-21_f00190_t06.33_moderate_blur/gt002,video4/v04_20-21_f00190_t06.33_moderate_blur,2,video4,190,00190,06.33,moderate_blur,56,chair,False,False,,,,,False,still_missed
bytetrack_persist_1,video4/v04_20-21_f00190_t06.33_moderate_blur/gt000,video4/v04_20-21_f00190_t06.33_moderate_blur,0,video4,190,00190,06.33,moderate_blur,0,person,False,False,,,,,False,still_missed
bytetrack_persist_1,video4/v04_20-21_f00190_t06.33_moderate_blur/gt001,video4/v04_20-21_f00190_t06.33_moderate_blur,1,video4,190,00190,06.33,moderate_blur,0,person,False,False,,,,,False,still_missed
bytetrack_persist_1,video4/v04_20-21_f00190_t06.33_moderate_blur/gt002,video4/v04_20-21_f00190_t06.33_moderate_blur,2,video4,190,00190,06.33,moderate_blur,56,chair,False,False,,,,,False,still_missed
bytetrack_persist_3,video4/v04_20-21_f00190_t06.33_moderate_blur/gt000,video4/v04_20-21_f00190_t06.33_moderate_blur,0,video4,190,00190,06.33,moderate_blur,0,person,False,False,,,,,False,still_missed
bytetrack_persist_3,video4/v04_20-21_f00190_t06.33_moderate_blur/gt001,video4/v04_20-21_f00190_t06.33_moderate_blur,1,video4,190,00190,06.33,moderate_blur,0,person,False,False,,,,,False,still_missed
bytetrack_persist_3,video4/v04_20-21_f00190_t06.33_moderate_blur/gt002,video4/v04_20-21_f00190_t06.33_moderate_blur,2,video4,190,00190,06.33,moderate_blur,56,chair,False,False,,,,,False,still_missed
bytetrack_persist_5,video4/v04_20-21_f00190_t06.33_moderate_blur/gt000,video4/v04_20-21_f00190_t06.33_moderate_blur,0,video4,190,00190,06.33,moderate_blur,0,person,False,False,,,,,False,still_missed
bytetrack_persist_5,video4/v04_20-21_f00190_t06.33_moderate_blur/gt001,video4/v04_20-21_f00190_t06.33_moderate_blur,1,video4,190,00190,06.33,moderate_blur,0,person,False,False,,,,,False,still_missed
bytetrack_persist_5,video4/v04_20-21_f00190_t06.33_moderate_blur/gt002,video4/v04_20-21_f00190_t06.33_moderate_blur,2,video4,190,00190,06.33,moderate_blur,56,chair,False,False,,,,,False,still_missed
botsort,video4/v04_20-21_f00190_t06.33_moderate_blur/gt000,video4/v04_20-21_f00190_t06.33_moderate_blur,0,video4,190,00190,06.33,moderate_blur,0,person,False,False,,,,,False,still_missed
botsort,video4/v04_20-21_f00190_t06.33_moderate_blur/gt001,video4/v04_20-21_f00190_t06.33_moderate_blur,1,video4,190,00190,06.33,moderate_blur,0,person,False,False,,,,,False,still_missed
botsort,video4/v04_20-21_f00190_t06.33_moderate_blur/gt002,video4/v04_20-21_f00190_t06.33_moderate_blur,2,video4,190,00190,06.33,moderate_blur,56,chair,False,False,,,,,False,still_missed
botsort_persist_1,video4/v04_20-21_f00190_t06.33_moderate_blur/gt000,video4/v04_20-21_f00190_t06.33_moderate_blur,0,video4,190,00190,06.33,moderate_blur,0,person,False,False,,,,,False,still_missed
botsort_persist_1,video4/v04_20-21_f00190_t06.33_moderate_blur/gt001,video4/v04_20-21_f00190_t06.33_moderate_blur,1,video4,190,00190,06.33,moderate_blur,0,person,False,False,,,,,False,still_missed
botsort_persist_1,video4/v04_20-21_f00190_t06.33_moderate_blur/gt002,video4/v04_20-21_f00190_t06.33_moderate_blur,2,video4,190,00190,06.33,moderate_blur,56,chair,False,False,,,,,False,still_missed
botsort_persist_3,video4/v04_20-21_f00190_t06.33_moderate_blur/gt000,video4/v04_20-21_f00190_t06.33_moderate_blur,0,video4,190,00190,06.33,moderate_blur,0,person,False,False,,,,,False,still_missed
botsort_persist_3,video4/v04_20-21_f00190_t06.33_moderate_blur/gt001,video4/v04_20-21_f00190_t06.33_moderate_blur,1,video4,190,00190,06.33,moderate_blur,0,person,False,False,,,,,False,still_missed
botsort_persist_3,video4/v04_20-21_f00190_t06.33_moderate_blur/gt002,video4/v04_20-21_f00190_t06.33_moderate_blur,2,video4,190,00190,06.33,moderate_blur,56,chair,False,False,,,,,False,still_missed
botsort_persist_5,video4/v04_20-21_f00190_t06.33_moderate_blur/gt000,video4/v04_20-21_f00190_t06.33_moderate_blur,0,video4,190,00190,06.33,moderate_blur,0,person,False,False,,,,,False,still_missed
botsort_persist_5,video4/v04_20-21_f00190_t06.33_moderate_blur/gt001,video4/v04_20-21_f00190_t06.33_moderate_blur,1,video4,190,00190,06.33,moderate_blur,0,person,False,False,,,,,False,still_missed
botsort_persist_5,video4/v04_20-21_f00190_t06.33_moderate_blur/gt002,video4/v04_20-21_f00190_t06.33_moderate_blur,2,video4,190,00190,06.33,moderate_blur,56,chair,False,False,,,,,False,still_missed
bytetrack,video4/v04_20-21_f00228_t07.60_severe_blur/gt000,video4/v04_20-21_f00228_t07.60_severe_blur,0,video4,228,00228,07.60,severe_blur,0,person,False,False,,,,,False,still_missed
bytetrack,video4/v04_20-21_f00228_t07.60_severe_blur/gt001,video4/v04_20-21_f00228_t07.60_severe_blur,1,video4,228,00228,07.60,severe_blur,0,person,False,False,,,,,False,still_missed
bytetrack,video4/v04_20-21_f00228_t07.60_severe_blur/gt002,video4/v04_20-21_f00228_t07.60_severe_blur,2,video4,228,00228,07.60,severe_blur,0,person,False,False,,,,,False,still_missed
bytetrack,video4/v04_20-21_f00228_t07.60_severe_blur/gt003,video4/v04_20-21_f00228_t07.60_severe_blur,3,video4,228,00228,07.60,severe_blur,24,backpack,False,False,,,,,False,still_missed
bytetrack_persist_1,video4/v04_20-21_f00228_t07.60_severe_blur/gt000,video4/v04_20-21_f00228_t07.60_severe_blur,0,video4,228,00228,07.60,severe_blur,0,person,False,False,,,,,False,still_missed
bytetrack_persist_1,video4/v04_20-21_f00228_t07.60_severe_blur/gt001,video4/v04_20-21_f00228_t07.60_severe_blur,1,video4,228,00228,07.60,severe_blur,0,person,False,False,,,,,False,still_missed
bytetrack_persist_1,video4/v04_20-21_f00228_t07.60_severe_blur/gt002,video4/v04_20-21_f00228_t07.60_severe_blur,2,video4,228,00228,07.60,severe_blur,0,person,False,False,,,,,False,still_missed
bytetrack_persist_1,video4/v04_20-21_f00228_t07.60_severe_blur/gt003,video4/v04_20-21_f00228_t07.60_severe_blur,3,video4,228,00228,07.60,severe_blur,24,backpack,False,False,,,,,False,still_missed
bytetrack_persist_3,video4/v04_20-21_f00228_t07.60_severe_blur/gt000,video4/v04_20-21_f00228_t07.60_severe_blur,0,video4,228,00228,07.60,severe_blur,0,person,False,False,,,,,False,still_missed
bytetrack_persist_3,video4/v04_20-21_f00228_t07.60_severe_blur/gt001,video4/v04_20-21_f00228_t07.60_severe_blur,1,video4,228,00228,07.60,severe_blur,0,person,False,False,,,,,False,still_missed
bytetrack_persist_3,video4/v04_20-21_f00228_t07.60_severe_blur/gt002,video4/v04_20-21_f00228_t07.60_severe_blur,2,video4,228,00228,07.60,severe_blur,0,person,False,False,,,,,False,still_missed
bytetrack_persist_3,video4/v04_20-21_f00228_t07.60_severe_blur/gt003,video4/v04_20-21_f00228_t07.60_severe_blur,3,video4,228,00228,07.60,severe_blur,24,backpack,False,False,,,,,False,still_missed
bytetrack_persist_5,video4/v04_20-21_f00228_t07.60_severe_blur/gt000,video4/v04_20-21_f00228_t07.60_severe_blur,0,video4,228,00228,07.60,severe_blur,0,person,False,False,,,,,False,still_missed
bytetrack_persist_5,video4/v04_20-21_f00228_t07.60_severe_blur/gt001,video4/v04_20-21_f00228_t07.60_severe_blur,1,video4,228,00228,07.60,severe_blur,0,person,False,False,,,,,False,still_missed
bytetrack_persist_5,video4/v04_20-21_f00228_t07.60_severe_blur/gt002,video4/v04_20-21_f00228_t07.60_severe_blur,2,video4,228,00228,07.60,severe_blur,0,person,False,False,,,,,False,still_missed
bytetrack_persist_5,video4/v04_20-21_f00228_t07.60_severe_blur/gt003,video4/v04_20-21_f00228_t07.60_severe_blur,3,video4,228,00228,07.60,severe_blur,24,backpack,False,False,,,,,False,still_missed
botsort,video4/v04_20-21_f00228_t07.60_severe_blur/gt000,video4/v04_20-21_f00228_t07.60_severe_blur,0,video4,228,00228,07.60,severe_blur,0,person,False,False,,,,,False,still_missed
botsort,video4/v04_20-21_f00228_t07.60_severe_blur/gt001,video4/v04_20-21_f00228_t07.60_severe_blur,1,video4,228,00228,07.60,severe_blur,0,person,False,False,,,,,False,still_missed
botsort,video4/v04_20-21_f00228_t07.60_severe_blur/gt002,video4/v04_20-21_f00228_t07.60_severe_blur,2,video4,228,00228,07.60,severe_blur,0,person,False,False,,,,,False,still_missed
botsort,video4/v04_20-21_f00228_t07.60_severe_blur/gt003,video4/v04_20-21_f00228_t07.60_severe_blur,3,video4,228,00228,07.60,severe_blur,24,backpack,False,False,,,,,False,still_missed
botsort_persist_1,video4/v04_20-21_f00228_t07.60_severe_blur/gt000,video4/v04_20-21_f00228_t07.60_severe_blur,0,video4,228,00228,07.60,severe_blur,0,person,False,False,,,,,False,still_missed
botsort_persist_1,video4/v04_20-21_f00228_t07.60_severe_blur/gt001,video4/v04_20-21_f00228_t07.60_severe_blur,1,video4,228,00228,07.60,severe_blur,0,person,False,False,,,,,False,still_missed
botsort_persist_1,video4/v04_20-21_f00228_t07.60_severe_blur/gt002,video4/v04_20-21_f00228_t07.60_severe_blur,2,video4,228,00228,07.60,severe_blur,0,person,False,False,,,,,False,still_missed
botsort_persist_1,video4/v04_20-21_f00228_t07.60_severe_blur/gt003,video4/v04_20-21_f00228_t07.60_severe_blur,3,video4,228,00228,07.60,severe_blur,24,backpack,False,False,,,,,False,still_missed
botsort_persist_3,video4/v04_20-21_f00228_t07.60_severe_blur/gt000,video4/v04_20-21_f00228_t07.60_severe_blur,0,video4,228,00228,07.60,severe_blur,0,person,False,False,,,,,False,still_missed
botsort_persist_3,video4/v04_20-21_f00228_t07.60_severe_blur/gt001,video4/v04_20-21_f00228_t07.60_severe_blur,1,video4,228,00228,07.60,severe_blur,0,person,False,False,,,,,False,still_missed
botsort_persist_3,video4/v04_20-21_f00228_t07.60_severe_blur/gt002,video4/v04_20-21_f00228_t07.60_severe_blur,2,video4,228,00228,07.60,severe_blur,0,person,False,False,,,,,False,still_missed
botsort_persist_3,video4/v04_20-21_f00228_t07.60_severe_blur/gt003,video4/v04_20-21_f00228_t07.60_severe_blur,3,video4,228,00228,07.60,severe_blur,24,backpack,False,False,,,,,False,still_missed
botsort_persist_5,video4/v04_20-21_f00228_t07.60_severe_blur/gt000,video4/v04_20-21_f00228_t07.60_severe_blur,0,video4,228,00228,07.60,severe_blur,0,person,False,False,,,,,False,still_missed
botsort_persist_5,video4/v04_20-21_f00228_t07.60_severe_blur/gt001,video4/v04_20-21_f00228_t07.60_severe_blur,1,video4,228,00228,07.60,severe_blur,0,person,False,False,,,,,False,still_missed
botsort_persist_5,video4/v04_20-21_f00228_t07.60_severe_blur/gt002,video4/v04_20-21_f00228_t07.60_severe_blur,2,video4,228,00228,07.60,severe_blur,0,person,False,False,,,,,False,still_missed
botsort_persist_5,video4/v04_20-21_f00228_t07.60_severe_blur/gt003,video4/v04_20-21_f00228_t07.60_severe_blur,3,video4,228,00228,07.60,severe_blur,24,backpack,False,False,,,,,False,still_missed
bytetrack,video4/v04_20-21_f00266_t08.87_clear/gt000,video4/v04_20-21_f00266_t08.87_clear,0,video4,266,00266,08.87,clear,0,person,True,True,0.7919,0.7638,107,0,False,both_detected
bytetrack,video4/v04_20-21_f00266_t08.87_clear/gt001,video4/v04_20-21_f00266_t08.87_clear,1,video4,266,00266,08.87,clear,24,backpack,False,False,,,,,False,still_missed
bytetrack,video4/v04_20-21_f00266_t08.87_clear/gt002,video4/v04_20-21_f00266_t08.87_clear,2,video4,266,00266,08.87,clear,56,chair,True,False,0.3636,,,,False,lost
bytetrack,video4/v04_20-21_f00266_t08.87_clear/gt003,video4/v04_20-21_f00266_t08.87_clear,3,video4,266,00266,08.87,clear,39,bottle,True,False,0.1555,,,,False,lost
bytetrack,video4/v04_20-21_f00266_t08.87_clear/gt004,video4/v04_20-21_f00266_t08.87_clear,4,video4,266,00266,08.87,clear,56,chair,False,False,,,,,False,still_missed
bytetrack_persist_1,video4/v04_20-21_f00266_t08.87_clear/gt000,video4/v04_20-21_f00266_t08.87_clear,0,video4,266,00266,08.87,clear,0,person,True,True,0.7919,0.7919,,0,False,both_detected
bytetrack_persist_1,video4/v04_20-21_f00266_t08.87_clear/gt001,video4/v04_20-21_f00266_t08.87_clear,1,video4,266,00266,08.87,clear,24,backpack,False,True,,0.2805,109,1,True,rescued
bytetrack_persist_1,video4/v04_20-21_f00266_t08.87_clear/gt002,video4/v04_20-21_f00266_t08.87_clear,2,video4,266,00266,08.87,clear,56,chair,True,True,0.3636,0.3636,,0,False,both_detected
bytetrack_persist_1,video4/v04_20-21_f00266_t08.87_clear/gt003,video4/v04_20-21_f00266_t08.87_clear,3,video4,266,00266,08.87,clear,39,bottle,True,True,0.1555,0.1555,,0,False,both_detected
bytetrack_persist_1,video4/v04_20-21_f00266_t08.87_clear/gt004,video4/v04_20-21_f00266_t08.87_clear,4,video4,266,00266,08.87,clear,56,chair,False,False,,,,,False,still_missed
bytetrack_persist_3,video4/v04_20-21_f00266_t08.87_clear/gt000,video4/v04_20-21_f00266_t08.87_clear,0,video4,266,00266,08.87,clear,0,person,True,True,0.7919,0.7919,,0,False,both_detected
bytetrack_persist_3,video4/v04_20-21_f00266_t08.87_clear/gt001,video4/v04_20-21_f00266_t08.87_clear,1,video4,266,00266,08.87,clear,24,backpack,False,True,,0.2805,109,1,True,rescued
bytetrack_persist_3,video4/v04_20-21_f00266_t08.87_clear/gt002,video4/v04_20-21_f00266_t08.87_clear,2,video4,266,00266,08.87,clear,56,chair,True,True,0.3636,0.3636,,0,False,both_detected
bytetrack_persist_3,video4/v04_20-21_f00266_t08.87_clear/gt003,video4/v04_20-21_f00266_t08.87_clear,3,video4,266,00266,08.87,clear,39,bottle,True,True,0.1555,0.1555,,0,False,both_detected
bytetrack_persist_3,video4/v04_20-21_f00266_t08.87_clear/gt004,video4/v04_20-21_f00266_t08.87_clear,4,video4,266,00266,08.87,clear,56,chair,False,False,,,,,False,still_missed
bytetrack_persist_5,video4/v04_20-21_f00266_t08.87_clear/gt000,video4/v04_20-21_f00266_t08.87_clear,0,video4,266,00266,08.87,clear,0,person,True,True,0.7919,0.7919,,0,False,both_detected
bytetrack_persist_5,video4/v04_20-21_f00266_t08.87_clear/gt001,video4/v04_20-21_f00266_t08.87_clear,1,video4,266,00266,08.87,clear,24,backpack,False,True,,0.2805,109,1,True,rescued
bytetrack_persist_5,video4/v04_20-21_f00266_t08.87_clear/gt002,video4/v04_20-21_f00266_t08.87_clear,2,video4,266,00266,08.87,clear,56,chair,True,True,0.3636,0.3636,,0,False,both_detected
bytetrack_persist_5,video4/v04_20-21_f00266_t08.87_clear/gt003,video4/v04_20-21_f00266_t08.87_clear,3,video4,266,00266,08.87,clear,39,bottle,True,True,0.1555,0.1555,,0,False,both_detected
bytetrack_persist_5,video4/v04_20-21_f00266_t08.87_clear/gt004,video4/v04_20-21_f00266_t08.87_clear,4,video4,266,00266,08.87,clear,56,chair,False,False,,,,,False,still_missed
botsort,video4/v04_20-21_f00266_t08.87_clear/gt000,video4/v04_20-21_f00266_t08.87_clear,0,video4,266,00266,08.87,clear,0,person,True,True,0.7919,0.7638,77,0,False,both_detected
botsort,video4/v04_20-21_f00266_t08.87_clear/gt001,video4/v04_20-21_f00266_t08.87_clear,1,video4,266,00266,08.87,clear,24,backpack,False,False,,,,,False,still_missed
botsort,video4/v04_20-21_f00266_t08.87_clear/gt002,video4/v04_20-21_f00266_t08.87_clear,2,video4,266,00266,08.87,clear,56,chair,True,False,0.3636,,,,False,lost
botsort,video4/v04_20-21_f00266_t08.87_clear/gt003,video4/v04_20-21_f00266_t08.87_clear,3,video4,266,00266,08.87,clear,39,bottle,True,True,0.1555,0.2051,78,0,False,both_detected
botsort,video4/v04_20-21_f00266_t08.87_clear/gt004,video4/v04_20-21_f00266_t08.87_clear,4,video4,266,00266,08.87,clear,56,chair,False,False,,,,,False,still_missed
botsort_persist_1,video4/v04_20-21_f00266_t08.87_clear/gt000,video4/v04_20-21_f00266_t08.87_clear,0,video4,266,00266,08.87,clear,0,person,True,True,0.7919,0.7919,,0,False,both_detected
botsort_persist_1,video4/v04_20-21_f00266_t08.87_clear/gt001,video4/v04_20-21_f00266_t08.87_clear,1,video4,266,00266,08.87,clear,24,backpack,False,False,,,,,False,still_missed
botsort_persist_1,video4/v04_20-21_f00266_t08.87_clear/gt002,video4/v04_20-21_f00266_t08.87_clear,2,video4,266,00266,08.87,clear,56,chair,True,True,0.3636,0.3636,,0,False,both_detected
botsort_persist_1,video4/v04_20-21_f00266_t08.87_clear/gt003,video4/v04_20-21_f00266_t08.87_clear,3,video4,266,00266,08.87,clear,39,bottle,True,True,0.1555,0.1555,,0,False,both_detected
botsort_persist_1,video4/v04_20-21_f00266_t08.87_clear/gt004,video4/v04_20-21_f00266_t08.87_clear,4,video4,266,00266,08.87,clear,56,chair,False,False,,,,,False,still_missed
botsort_persist_3,video4/v04_20-21_f00266_t08.87_clear/gt000,video4/v04_20-21_f00266_t08.87_clear,0,video4,266,00266,08.87,clear,0,person,True,True,0.7919,0.7919,,0,False,both_detected
botsort_persist_3,video4/v04_20-21_f00266_t08.87_clear/gt001,video4/v04_20-21_f00266_t08.87_clear,1,video4,266,00266,08.87,clear,24,backpack,False,False,,,,,False,still_missed
botsort_persist_3,video4/v04_20-21_f00266_t08.87_clear/gt002,video4/v04_20-21_f00266_t08.87_clear,2,video4,266,00266,08.87,clear,56,chair,True,True,0.3636,0.3636,,0,False,both_detected
botsort_persist_3,video4/v04_20-21_f00266_t08.87_clear/gt003,video4/v04_20-21_f00266_t08.87_clear,3,video4,266,00266,08.87,clear,39,bottle,True,True,0.1555,0.1555,,0,False,both_detected
botsort_persist_3,video4/v04_20-21_f00266_t08.87_clear/gt004,video4/v04_20-21_f00266_t08.87_clear,4,video4,266,00266,08.87,clear,56,chair,False,False,,,,,False,still_missed
botsort_persist_5,video4/v04_20-21_f00266_t08.87_clear/gt000,video4/v04_20-21_f00266_t08.87_clear,0,video4,266,00266,08.87,clear,0,person,True,True,0.7919,0.7919,,0,False,both_detected
botsort_persist_5,video4/v04_20-21_f00266_t08.87_clear/gt001,video4/v04_20-21_f00266_t08.87_clear,1,video4,266,00266,08.87,clear,24,backpack,False,False,,,,,False,still_missed
botsort_persist_5,video4/v04_20-21_f00266_t08.87_clear/gt002,video4/v04_20-21_f00266_t08.87_clear,2,video4,266,00266,08.87,clear,56,chair,True,True,0.3636,0.3636,,0,False,both_detected
botsort_persist_5,video4/v04_20-21_f00266_t08.87_clear/gt003,video4/v04_20-21_f00266_t08.87_clear,3,video4,266,00266,08.87,clear,39,bottle,True,True,0.1555,0.1555,,0,False,both_detected
botsort_persist_5,video4/v04_20-21_f00266_t08.87_clear/gt004,video4/v04_20-21_f00266_t08.87_clear,4,video4,266,00266,08.87,clear,56,chair,False,False,,,,,False,still_missed
bytetrack,video4/v04_20-21_f00304_t10.13_severe_blur/gt000,video4/v04_20-21_f00304_t10.13_severe_blur,0,video4,304,00304,10.13,severe_blur,24,backpack,False,False,,,,,False,still_missed
bytetrack,video4/v04_20-21_f00304_t10.13_severe_blur/gt001,video4/v04_20-21_f00304_t10.13_severe_blur,1,video4,304,00304,10.13,severe_blur,0,person,False,False,,,,,False,still_missed
bytetrack,video4/v04_20-21_f00304_t10.13_severe_blur/gt002,video4/v04_20-21_f00304_t10.13_severe_blur,2,video4,304,00304,10.13,severe_blur,56,chair,False,False,,,,,False,still_missed
bytetrack,video4/v04_20-21_f00304_t10.13_severe_blur/gt003,video4/v04_20-21_f00304_t10.13_severe_blur,3,video4,304,00304,10.13,severe_blur,56,chair,False,False,,,,,False,still_missed
bytetrack,video4/v04_20-21_f00304_t10.13_severe_blur/gt004,video4/v04_20-21_f00304_t10.13_severe_blur,4,video4,304,00304,10.13,severe_blur,60,dining table,False,False,,,,,False,still_missed
bytetrack_persist_1,video4/v04_20-21_f00304_t10.13_severe_blur/gt000,video4/v04_20-21_f00304_t10.13_severe_blur,0,video4,304,00304,10.13,severe_blur,24,backpack,False,False,,,,,False,still_missed
bytetrack_persist_1,video4/v04_20-21_f00304_t10.13_severe_blur/gt001,video4/v04_20-21_f00304_t10.13_severe_blur,1,video4,304,00304,10.13,severe_blur,0,person,False,False,,,,,False,still_missed
bytetrack_persist_1,video4/v04_20-21_f00304_t10.13_severe_blur/gt002,video4/v04_20-21_f00304_t10.13_severe_blur,2,video4,304,00304,10.13,severe_blur,56,chair,False,False,,,,,False,still_missed
bytetrack_persist_1,video4/v04_20-21_f00304_t10.13_severe_blur/gt003,video4/v04_20-21_f00304_t10.13_severe_blur,3,video4,304,00304,10.13,severe_blur,56,chair,False,False,,,,,False,still_missed
bytetrack_persist_1,video4/v04_20-21_f00304_t10.13_severe_blur/gt004,video4/v04_20-21_f00304_t10.13_severe_blur,4,video4,304,00304,10.13,severe_blur,60,dining table,False,False,,,,,False,still_missed
bytetrack_persist_3,video4/v04_20-21_f00304_t10.13_severe_blur/gt000,video4/v04_20-21_f00304_t10.13_severe_blur,0,video4,304,00304,10.13,severe_blur,24,backpack,False,False,,,,,False,still_missed
bytetrack_persist_3,video4/v04_20-21_f00304_t10.13_severe_blur/gt001,video4/v04_20-21_f00304_t10.13_severe_blur,1,video4,304,00304,10.13,severe_blur,0,person,False,False,,,,,False,still_missed
bytetrack_persist_3,video4/v04_20-21_f00304_t10.13_severe_blur/gt002,video4/v04_20-21_f00304_t10.13_severe_blur,2,video4,304,00304,10.13,severe_blur,56,chair,False,False,,,,,False,still_missed
bytetrack_persist_3,video4/v04_20-21_f00304_t10.13_severe_blur/gt003,video4/v04_20-21_f00304_t10.13_severe_blur,3,video4,304,00304,10.13,severe_blur,56,chair,False,False,,,,,False,still_missed
bytetrack_persist_3,video4/v04_20-21_f00304_t10.13_severe_blur/gt004,video4/v04_20-21_f00304_t10.13_severe_blur,4,video4,304,00304,10.13,severe_blur,60,dining table,False,False,,,,,False,still_missed
bytetrack_persist_5,video4/v04_20-21_f00304_t10.13_severe_blur/gt000,video4/v04_20-21_f00304_t10.13_severe_blur,0,video4,304,00304,10.13,severe_blur,24,backpack,False,False,,,,,False,still_missed
bytetrack_persist_5,video4/v04_20-21_f00304_t10.13_severe_blur/gt001,video4/v04_20-21_f00304_t10.13_severe_blur,1,video4,304,00304,10.13,severe_blur,0,person,False,False,,,,,False,still_missed
bytetrack_persist_5,video4/v04_20-21_f00304_t10.13_severe_blur/gt002,video4/v04_20-21_f00304_t10.13_severe_blur,2,video4,304,00304,10.13,severe_blur,56,chair,False,False,,,,,False,still_missed
bytetrack_persist_5,video4/v04_20-21_f00304_t10.13_severe_blur/gt003,video4/v04_20-21_f00304_t10.13_severe_blur,3,video4,304,00304,10.13,severe_blur,56,chair,False,False,,,,,False,still_missed
bytetrack_persist_5,video4/v04_20-21_f00304_t10.13_severe_blur/gt004,video4/v04_20-21_f00304_t10.13_severe_blur,4,video4,304,00304,10.13,severe_blur,60,dining table,False,False,,,,,False,still_missed
botsort,video4/v04_20-21_f00304_t10.13_severe_blur/gt000,video4/v04_20-21_f00304_t10.13_severe_blur,0,video4,304,00304,10.13,severe_blur,24,backpack,False,False,,,,,False,still_missed
botsort,video4/v04_20-21_f00304_t10.13_severe_blur/gt001,video4/v04_20-21_f00304_t10.13_severe_blur,1,video4,304,00304,10.13,severe_blur,0,person,False,False,,,,,False,still_missed
botsort,video4/v04_20-21_f00304_t10.13_severe_blur/gt002,video4/v04_20-21_f00304_t10.13_severe_blur,2,video4,304,00304,10.13,severe_blur,56,chair,False,False,,,,,False,still_missed
botsort,video4/v04_20-21_f00304_t10.13_severe_blur/gt003,video4/v04_20-21_f00304_t10.13_severe_blur,3,video4,304,00304,10.13,severe_blur,56,chair,False,False,,,,,False,still_missed
botsort,video4/v04_20-21_f00304_t10.13_severe_blur/gt004,video4/v04_20-21_f00304_t10.13_severe_blur,4,video4,304,00304,10.13,severe_blur,60,dining table,False,False,,,,,False,still_missed
botsort_persist_1,video4/v04_20-21_f00304_t10.13_severe_blur/gt000,video4/v04_20-21_f00304_t10.13_severe_blur,0,video4,304,00304,10.13,severe_blur,24,backpack,False,False,,,,,False,still_missed
botsort_persist_1,video4/v04_20-21_f00304_t10.13_severe_blur/gt001,video4/v04_20-21_f00304_t10.13_severe_blur,1,video4,304,00304,10.13,severe_blur,0,person,False,False,,,,,False,still_missed
botsort_persist_1,video4/v04_20-21_f00304_t10.13_severe_blur/gt002,video4/v04_20-21_f00304_t10.13_severe_blur,2,video4,304,00304,10.13,severe_blur,56,chair,False,False,,,,,False,still_missed
botsort_persist_1,video4/v04_20-21_f00304_t10.13_severe_blur/gt003,video4/v04_20-21_f00304_t10.13_severe_blur,3,video4,304,00304,10.13,severe_blur,56,chair,False,False,,,,,False,still_missed
botsort_persist_1,video4/v04_20-21_f00304_t10.13_severe_blur/gt004,video4/v04_20-21_f00304_t10.13_severe_blur,4,video4,304,00304,10.13,severe_blur,60,dining table,False,False,,,,,False,still_missed
botsort_persist_3,video4/v04_20-21_f00304_t10.13_severe_blur/gt000,video4/v04_20-21_f00304_t10.13_severe_blur,0,video4,304,00304,10.13,severe_blur,24,backpack,False,False,,,,,False,still_missed
botsort_persist_3,video4/v04_20-21_f00304_t10.13_severe_blur/gt001,video4/v04_20-21_f00304_t10.13_severe_blur,1,video4,304,00304,10.13,severe_blur,0,person,False,False,,,,,False,still_missed
botsort_persist_3,video4/v04_20-21_f00304_t10.13_severe_blur/gt002,video4/v04_20-21_f00304_t10.13_severe_blur,2,video4,304,00304,10.13,severe_blur,56,chair,False,False,,,,,False,still_missed
botsort_persist_3,video4/v04_20-21_f00304_t10.13_severe_blur/gt003,video4/v04_20-21_f00304_t10.13_severe_blur,3,video4,304,00304,10.13,severe_blur,56,chair,False,False,,,,,False,still_missed
botsort_persist_3,video4/v04_20-21_f00304_t10.13_severe_blur/gt004,video4/v04_20-21_f00304_t10.13_severe_blur,4,video4,304,00304,10.13,severe_blur,60,dining table,False,False,,,,,False,still_missed
botsort_persist_5,video4/v04_20-21_f00304_t10.13_severe_blur/gt000,video4/v04_20-21_f00304_t10.13_severe_blur,0,video4,304,00304,10.13,severe_blur,24,backpack,False,False,,,,,False,still_missed
botsort_persist_5,video4/v04_20-21_f00304_t10.13_severe_blur/gt001,video4/v04_20-21_f00304_t10.13_severe_blur,1,video4,304,00304,10.13,severe_blur,0,person,False,False,,,,,False,still_missed
botsort_persist_5,video4/v04_20-21_f00304_t10.13_severe_blur/gt002,video4/v04_20-21_f00304_t10.13_severe_blur,2,video4,304,00304,10.13,severe_blur,56,chair,False,False,,,,,False,still_missed
botsort_persist_5,video4/v04_20-21_f00304_t10.13_severe_blur/gt003,video4/v04_20-21_f00304_t10.13_severe_blur,3,video4,304,00304,10.13,severe_blur,56,chair,False,False,,,,,False,still_missed
botsort_persist_5,video4/v04_20-21_f00304_t10.13_severe_blur/gt004,video4/v04_20-21_f00304_t10.13_severe_blur,4,video4,304,00304,10.13,severe_blur,60,dining table,False,False,,,,,False,still_missed
bytetrack,video4/v04_20-21_f00342_t11.40_severe_blur/gt000,video4/v04_20-21_f00342_t11.40_severe_blur,0,video4,342,00342,11.40,severe_blur,0,person,True,True,0.6693,0.5873,130,0,False,both_detected
bytetrack,video4/v04_20-21_f00342_t11.40_severe_blur/gt001,video4/v04_20-21_f00342_t11.40_severe_blur,1,video4,342,00342,11.40,severe_blur,0,person,True,False,0.2736,,,,False,lost
bytetrack,video4/v04_20-21_f00342_t11.40_severe_blur/gt002,video4/v04_20-21_f00342_t11.40_severe_blur,2,video4,342,00342,11.40,severe_blur,24,backpack,True,False,0.1897,,,,False,lost
bytetrack,video4/v04_20-21_f00342_t11.40_severe_blur/gt003,video4/v04_20-21_f00342_t11.40_severe_blur,3,video4,342,00342,11.40,severe_blur,56,chair,False,False,,,,,False,still_missed
bytetrack,video4/v04_20-21_f00342_t11.40_severe_blur/gt004,video4/v04_20-21_f00342_t11.40_severe_blur,4,video4,342,00342,11.40,severe_blur,56,chair,False,False,,,,,False,still_missed
bytetrack,video4/v04_20-21_f00342_t11.40_severe_blur/gt005,video4/v04_20-21_f00342_t11.40_severe_blur,5,video4,342,00342,11.40,severe_blur,56,chair,False,False,,,,,False,still_missed
bytetrack,video4/v04_20-21_f00342_t11.40_severe_blur/gt006,video4/v04_20-21_f00342_t11.40_severe_blur,6,video4,342,00342,11.40,severe_blur,0,person,False,False,,,,,False,still_missed
bytetrack_persist_1,video4/v04_20-21_f00342_t11.40_severe_blur/gt000,video4/v04_20-21_f00342_t11.40_severe_blur,0,video4,342,00342,11.40,severe_blur,0,person,True,True,0.6693,0.6693,,0,False,both_detected
bytetrack_persist_1,video4/v04_20-21_f00342_t11.40_severe_blur/gt001,video4/v04_20-21_f00342_t11.40_severe_blur,1,video4,342,00342,11.40,severe_blur,0,person,True,True,0.2736,0.2736,,0,False,both_detected
bytetrack_persist_1,video4/v04_20-21_f00342_t11.40_severe_blur/gt002,video4/v04_20-21_f00342_t11.40_severe_blur,2,video4,342,00342,11.40,severe_blur,24,backpack,True,True,0.1897,0.1897,,0,False,both_detected
bytetrack_persist_1,video4/v04_20-21_f00342_t11.40_severe_blur/gt003,video4/v04_20-21_f00342_t11.40_severe_blur,3,video4,342,00342,11.40,severe_blur,56,chair,False,False,,,,,False,still_missed
bytetrack_persist_1,video4/v04_20-21_f00342_t11.40_severe_blur/gt004,video4/v04_20-21_f00342_t11.40_severe_blur,4,video4,342,00342,11.40,severe_blur,56,chair,False,False,,,,,False,still_missed
bytetrack_persist_1,video4/v04_20-21_f00342_t11.40_severe_blur/gt005,video4/v04_20-21_f00342_t11.40_severe_blur,5,video4,342,00342,11.40,severe_blur,56,chair,False,False,,,,,False,still_missed
bytetrack_persist_1,video4/v04_20-21_f00342_t11.40_severe_blur/gt006,video4/v04_20-21_f00342_t11.40_severe_blur,6,video4,342,00342,11.40,severe_blur,0,person,False,False,,,,,False,still_missed
bytetrack_persist_3,video4/v04_20-21_f00342_t11.40_severe_blur/gt000,video4/v04_20-21_f00342_t11.40_severe_blur,0,video4,342,00342,11.40,severe_blur,0,person,True,True,0.6693,0.6693,,0,False,both_detected
bytetrack_persist_3,video4/v04_20-21_f00342_t11.40_severe_blur/gt001,video4/v04_20-21_f00342_t11.40_severe_blur,1,video4,342,00342,11.40,severe_blur,0,person,True,True,0.2736,0.2736,,0,False,both_detected
bytetrack_persist_3,video4/v04_20-21_f00342_t11.40_severe_blur/gt002,video4/v04_20-21_f00342_t11.40_severe_blur,2,video4,342,00342,11.40,severe_blur,24,backpack,True,True,0.1897,0.1897,,0,False,both_detected
bytetrack_persist_3,video4/v04_20-21_f00342_t11.40_severe_blur/gt003,video4/v04_20-21_f00342_t11.40_severe_blur,3,video4,342,00342,11.40,severe_blur,56,chair,False,False,,,,,False,still_missed
bytetrack_persist_3,video4/v04_20-21_f00342_t11.40_severe_blur/gt004,video4/v04_20-21_f00342_t11.40_severe_blur,4,video4,342,00342,11.40,severe_blur,56,chair,False,False,,,,,False,still_missed
bytetrack_persist_3,video4/v04_20-21_f00342_t11.40_severe_blur/gt005,video4/v04_20-21_f00342_t11.40_severe_blur,5,video4,342,00342,11.40,severe_blur,56,chair,False,False,,,,,False,still_missed
bytetrack_persist_3,video4/v04_20-21_f00342_t11.40_severe_blur/gt006,video4/v04_20-21_f00342_t11.40_severe_blur,6,video4,342,00342,11.40,severe_blur,0,person,False,False,,,,,False,still_missed
bytetrack_persist_5,video4/v04_20-21_f00342_t11.40_severe_blur/gt000,video4/v04_20-21_f00342_t11.40_severe_blur,0,video4,342,00342,11.40,severe_blur,0,person,True,True,0.6693,0.6693,,0,False,both_detected
bytetrack_persist_5,video4/v04_20-21_f00342_t11.40_severe_blur/gt001,video4/v04_20-21_f00342_t11.40_severe_blur,1,video4,342,00342,11.40,severe_blur,0,person,True,True,0.2736,0.2736,,0,False,both_detected
bytetrack_persist_5,video4/v04_20-21_f00342_t11.40_severe_blur/gt002,video4/v04_20-21_f00342_t11.40_severe_blur,2,video4,342,00342,11.40,severe_blur,24,backpack,True,True,0.1897,0.1897,,0,False,both_detected
bytetrack_persist_5,video4/v04_20-21_f00342_t11.40_severe_blur/gt003,video4/v04_20-21_f00342_t11.40_severe_blur,3,video4,342,00342,11.40,severe_blur,56,chair,False,False,,,,,False,still_missed
bytetrack_persist_5,video4/v04_20-21_f00342_t11.40_severe_blur/gt004,video4/v04_20-21_f00342_t11.40_severe_blur,4,video4,342,00342,11.40,severe_blur,56,chair,False,False,,,,,False,still_missed
bytetrack_persist_5,video4/v04_20-21_f00342_t11.40_severe_blur/gt005,video4/v04_20-21_f00342_t11.40_severe_blur,5,video4,342,00342,11.40,severe_blur,56,chair,False,False,,,,,False,still_missed
bytetrack_persist_5,video4/v04_20-21_f00342_t11.40_severe_blur/gt006,video4/v04_20-21_f00342_t11.40_severe_blur,6,video4,342,00342,11.40,severe_blur,0,person,False,False,,,,,False,still_missed
botsort,video4/v04_20-21_f00342_t11.40_severe_blur/gt000,video4/v04_20-21_f00342_t11.40_severe_blur,0,video4,342,00342,11.40,severe_blur,0,person,True,True,0.6693,0.5873,99,0,False,both_detected
botsort,video4/v04_20-21_f00342_t11.40_severe_blur/gt001,video4/v04_20-21_f00342_t11.40_severe_blur,1,video4,342,00342,11.40,severe_blur,0,person,True,True,0.2736,0.3944,104,0,False,both_detected
botsort,video4/v04_20-21_f00342_t11.40_severe_blur/gt002,video4/v04_20-21_f00342_t11.40_severe_blur,2,video4,342,00342,11.40,severe_blur,24,backpack,True,False,0.1897,,,,False,lost
botsort,video4/v04_20-21_f00342_t11.40_severe_blur/gt003,video4/v04_20-21_f00342_t11.40_severe_blur,3,video4,342,00342,11.40,severe_blur,56,chair,False,False,,,,,False,still_missed
botsort,video4/v04_20-21_f00342_t11.40_severe_blur/gt004,video4/v04_20-21_f00342_t11.40_severe_blur,4,video4,342,00342,11.40,severe_blur,56,chair,False,False,,,,,False,still_missed
botsort,video4/v04_20-21_f00342_t11.40_severe_blur/gt005,video4/v04_20-21_f00342_t11.40_severe_blur,5,video4,342,00342,11.40,severe_blur,56,chair,False,False,,,,,False,still_missed
botsort,video4/v04_20-21_f00342_t11.40_severe_blur/gt006,video4/v04_20-21_f00342_t11.40_severe_blur,6,video4,342,00342,11.40,severe_blur,0,person,False,False,,,,,False,still_missed
botsort_persist_1,video4/v04_20-21_f00342_t11.40_severe_blur/gt000,video4/v04_20-21_f00342_t11.40_severe_blur,0,video4,342,00342,11.40,severe_blur,0,person,True,True,0.6693,0.6693,,0,False,both_detected
botsort_persist_1,video4/v04_20-21_f00342_t11.40_severe_blur/gt001,video4/v04_20-21_f00342_t11.40_severe_blur,1,video4,342,00342,11.40,severe_blur,0,person,True,True,0.2736,0.2736,,0,False,both_detected
botsort_persist_1,video4/v04_20-21_f00342_t11.40_severe_blur/gt002,video4/v04_20-21_f00342_t11.40_severe_blur,2,video4,342,00342,11.40,severe_blur,24,backpack,True,True,0.1897,0.1897,,0,False,both_detected
botsort_persist_1,video4/v04_20-21_f00342_t11.40_severe_blur/gt003,video4/v04_20-21_f00342_t11.40_severe_blur,3,video4,342,00342,11.40,severe_blur,56,chair,False,False,,,,,False,still_missed
botsort_persist_1,video4/v04_20-21_f00342_t11.40_severe_blur/gt004,video4/v04_20-21_f00342_t11.40_severe_blur,4,video4,342,00342,11.40,severe_blur,56,chair,False,False,,,,,False,still_missed
botsort_persist_1,video4/v04_20-21_f00342_t11.40_severe_blur/gt005,video4/v04_20-21_f00342_t11.40_severe_blur,5,video4,342,00342,11.40,severe_blur,56,chair,False,False,,,,,False,still_missed
botsort_persist_1,video4/v04_20-21_f00342_t11.40_severe_blur/gt006,video4/v04_20-21_f00342_t11.40_severe_blur,6,video4,342,00342,11.40,severe_blur,0,person,False,False,,,,,False,still_missed
botsort_persist_3,video4/v04_20-21_f00342_t11.40_severe_blur/gt000,video4/v04_20-21_f00342_t11.40_severe_blur,0,video4,342,00342,11.40,severe_blur,0,person,True,True,0.6693,0.6693,,0,False,both_detected
botsort_persist_3,video4/v04_20-21_f00342_t11.40_severe_blur/gt001,video4/v04_20-21_f00342_t11.40_severe_blur,1,video4,342,00342,11.40,severe_blur,0,person,True,True,0.2736,0.2736,,0,False,both_detected
botsort_persist_3,video4/v04_20-21_f00342_t11.40_severe_blur/gt002,video4/v04_20-21_f00342_t11.40_severe_blur,2,video4,342,00342,11.40,severe_blur,24,backpack,True,True,0.1897,0.1897,,0,False,both_detected
botsort_persist_3,video4/v04_20-21_f00342_t11.40_severe_blur/gt003,video4/v04_20-21_f00342_t11.40_severe_blur,3,video4,342,00342,11.40,severe_blur,56,chair,False,False,,,,,False,still_missed
botsort_persist_3,video4/v04_20-21_f00342_t11.40_severe_blur/gt004,video4/v04_20-21_f00342_t11.40_severe_blur,4,video4,342,00342,11.40,severe_blur,56,chair,False,False,,,,,False,still_missed
botsort_persist_3,video4/v04_20-21_f00342_t11.40_severe_blur/gt005,video4/v04_20-21_f00342_t11.40_severe_blur,5,video4,342,00342,11.40,severe_blur,56,chair,False,False,,,,,False,still_missed
botsort_persist_3,video4/v04_20-21_f00342_t11.40_severe_blur/gt006,video4/v04_20-21_f00342_t11.40_severe_blur,6,video4,342,00342,11.40,severe_blur,0,person,False,False,,,,,False,still_missed
botsort_persist_5,video4/v04_20-21_f00342_t11.40_severe_blur/gt000,video4/v04_20-21_f00342_t11.40_severe_blur,0,video4,342,00342,11.40,severe_blur,0,person,True,True,0.6693,0.6693,,0,False,both_detected
botsort_persist_5,video4/v04_20-21_f00342_t11.40_severe_blur/gt001,video4/v04_20-21_f00342_t11.40_severe_blur,1,video4,342,00342,11.40,severe_blur,0,person,True,True,0.2736,0.2736,,0,False,both_detected
botsort_persist_5,video4/v04_20-21_f00342_t11.40_severe_blur/gt002,video4/v04_20-21_f00342_t11.40_severe_blur,2,video4,342,00342,11.40,severe_blur,24,backpack,True,True,0.1897,0.1897,,0,False,both_detected
botsort_persist_5,video4/v04_20-21_f00342_t11.40_severe_blur/gt003,video4/v04_20-21_f00342_t11.40_severe_blur,3,video4,342,00342,11.40,severe_blur,56,chair,False,False,,,,,False,still_missed
botsort_persist_5,video4/v04_20-21_f00342_t11.40_severe_blur/gt004,video4/v04_20-21_f00342_t11.40_severe_blur,4,video4,342,00342,11.40,severe_blur,56,chair,False,False,,,,,False,still_missed
botsort_persist_5,video4/v04_20-21_f00342_t11.40_severe_blur/gt005,video4/v04_20-21_f00342_t11.40_severe_blur,5,video4,342,00342,11.40,severe_blur,56,chair,False,False,,,,,False,still_missed
botsort_persist_5,video4/v04_20-21_f00342_t11.40_severe_blur/gt006,video4/v04_20-21_f00342_t11.40_severe_blur,6,video4,342,00342,11.40,severe_blur,0,person,False,False,,,,,False,still_missed
bytetrack,video4/v04_20-21_f00380_t12.67_moderate_blur/gt000,video4/v04_20-21_f00380_t12.67_moderate_blur,0,video4,380,00380,12.67,moderate_blur,0,person,True,True,0.8038,0.8108,130,0,False,both_detected
bytetrack,video4/v04_20-21_f00380_t12.67_moderate_blur/gt001,video4/v04_20-21_f00380_t12.67_moderate_blur,1,video4,380,00380,12.67,moderate_blur,24,backpack,False,False,,,,,False,still_missed
bytetrack,video4/v04_20-21_f00380_t12.67_moderate_blur/gt002,video4/v04_20-21_f00380_t12.67_moderate_blur,2,video4,380,00380,12.67,moderate_blur,39,bottle,False,False,,,,,False,still_missed
bytetrack_persist_1,video4/v04_20-21_f00380_t12.67_moderate_blur/gt000,video4/v04_20-21_f00380_t12.67_moderate_blur,0,video4,380,00380,12.67,moderate_blur,0,person,True,True,0.8038,0.8038,,0,False,both_detected
bytetrack_persist_1,video4/v04_20-21_f00380_t12.67_moderate_blur/gt001,video4/v04_20-21_f00380_t12.67_moderate_blur,1,video4,380,00380,12.67,moderate_blur,24,backpack,False,False,,,,,False,still_missed
bytetrack_persist_1,video4/v04_20-21_f00380_t12.67_moderate_blur/gt002,video4/v04_20-21_f00380_t12.67_moderate_blur,2,video4,380,00380,12.67,moderate_blur,39,bottle,False,False,,,,,False,still_missed
bytetrack_persist_3,video4/v04_20-21_f00380_t12.67_moderate_blur/gt000,video4/v04_20-21_f00380_t12.67_moderate_blur,0,video4,380,00380,12.67,moderate_blur,0,person,True,True,0.8038,0.8038,,0,False,both_detected
bytetrack_persist_3,video4/v04_20-21_f00380_t12.67_moderate_blur/gt001,video4/v04_20-21_f00380_t12.67_moderate_blur,1,video4,380,00380,12.67,moderate_blur,24,backpack,False,False,,,,,False,still_missed
bytetrack_persist_3,video4/v04_20-21_f00380_t12.67_moderate_blur/gt002,video4/v04_20-21_f00380_t12.67_moderate_blur,2,video4,380,00380,12.67,moderate_blur,39,bottle,False,False,,,,,False,still_missed
bytetrack_persist_5,video4/v04_20-21_f00380_t12.67_moderate_blur/gt000,video4/v04_20-21_f00380_t12.67_moderate_blur,0,video4,380,00380,12.67,moderate_blur,0,person,True,True,0.8038,0.8038,,0,False,both_detected
bytetrack_persist_5,video4/v04_20-21_f00380_t12.67_moderate_blur/gt001,video4/v04_20-21_f00380_t12.67_moderate_blur,1,video4,380,00380,12.67,moderate_blur,24,backpack,False,False,,,,,False,still_missed
bytetrack_persist_5,video4/v04_20-21_f00380_t12.67_moderate_blur/gt002,video4/v04_20-21_f00380_t12.67_moderate_blur,2,video4,380,00380,12.67,moderate_blur,39,bottle,False,False,,,,,False,still_missed
botsort,video4/v04_20-21_f00380_t12.67_moderate_blur/gt000,video4/v04_20-21_f00380_t12.67_moderate_blur,0,video4,380,00380,12.67,moderate_blur,0,person,True,True,0.8038,0.8108,99,0,False,both_detected
botsort,video4/v04_20-21_f00380_t12.67_moderate_blur/gt001,video4/v04_20-21_f00380_t12.67_moderate_blur,1,video4,380,00380,12.67,moderate_blur,24,backpack,False,False,,,,,False,still_missed
botsort,video4/v04_20-21_f00380_t12.67_moderate_blur/gt002,video4/v04_20-21_f00380_t12.67_moderate_blur,2,video4,380,00380,12.67,moderate_blur,39,bottle,False,False,,,,,False,still_missed
botsort_persist_1,video4/v04_20-21_f00380_t12.67_moderate_blur/gt000,video4/v04_20-21_f00380_t12.67_moderate_blur,0,video4,380,00380,12.67,moderate_blur,0,person,True,True,0.8038,0.8038,,0,False,both_detected
botsort_persist_1,video4/v04_20-21_f00380_t12.67_moderate_blur/gt001,video4/v04_20-21_f00380_t12.67_moderate_blur,1,video4,380,00380,12.67,moderate_blur,24,backpack,False,False,,,,,False,still_missed
botsort_persist_1,video4/v04_20-21_f00380_t12.67_moderate_blur/gt002,video4/v04_20-21_f00380_t12.67_moderate_blur,2,video4,380,00380,12.67,moderate_blur,39,bottle,False,False,,,,,False,still_missed
botsort_persist_3,video4/v04_20-21_f00380_t12.67_moderate_blur/gt000,video4/v04_20-21_f00380_t12.67_moderate_blur,0,video4,380,00380,12.67,moderate_blur,0,person,True,True,0.8038,0.8038,,0,False,both_detected
botsort_persist_3,video4/v04_20-21_f00380_t12.67_moderate_blur/gt001,video4/v04_20-21_f00380_t12.67_moderate_blur,1,video4,380,00380,12.67,moderate_blur,24,backpack,False,False,,,,,False,still_missed
botsort_persist_3,video4/v04_20-21_f00380_t12.67_moderate_blur/gt002,video4/v04_20-21_f00380_t12.67_moderate_blur,2,video4,380,00380,12.67,moderate_blur,39,bottle,False,False,,,,,False,still_missed
botsort_persist_5,video4/v04_20-21_f00380_t12.67_moderate_blur/gt000,video4/v04_20-21_f00380_t12.67_moderate_blur,0,video4,380,00380,12.67,moderate_blur,0,person,True,True,0.8038,0.8038,,0,False,both_detected
botsort_persist_5,video4/v04_20-21_f00380_t12.67_moderate_blur/gt001,video4/v04_20-21_f00380_t12.67_moderate_blur,1,video4,380,00380,12.67,moderate_blur,24,backpack,False,False,,,,,False,still_missed
botsort_persist_5,video4/v04_20-21_f00380_t12.67_moderate_blur/gt002,video4/v04_20-21_f00380_t12.67_moderate_blur,2,video4,380,00380,12.67,moderate_blur,39,bottle,False,False,,,,,False,still_missed
bytetrack,video4/v04_20-21_f00418_t13.93_moderate_blur/gt000,video4/v04_20-21_f00418_t13.93_moderate_blur,0,video4,418,00418,13.93,moderate_blur,0,person,True,True,0.9268,0.9274,130,0,False,both_detected
bytetrack,video4/v04_20-21_f00418_t13.93_moderate_blur/gt001,video4/v04_20-21_f00418_t13.93_moderate_blur,1,video4,418,00418,13.93,moderate_blur,56,chair,True,False,0.6313,,,,False,lost
bytetrack,video4/v04_20-21_f00418_t13.93_moderate_blur/gt002,video4/v04_20-21_f00418_t13.93_moderate_blur,2,video4,418,00418,13.93,moderate_blur,56,chair,True,True,0.2661,0.3507,150,0,False,both_detected
bytetrack,video4/v04_20-21_f00418_t13.93_moderate_blur/gt003,video4/v04_20-21_f00418_t13.93_moderate_blur,3,video4,418,00418,13.93,moderate_blur,56,chair,True,True,0.2032,0.4816,147,0,False,both_detected
bytetrack,video4/v04_20-21_f00418_t13.93_moderate_blur/gt004,video4/v04_20-21_f00418_t13.93_moderate_blur,4,video4,418,00418,13.93,moderate_blur,56,chair,False,False,,,,,False,still_missed
bytetrack,video4/v04_20-21_f00418_t13.93_moderate_blur/gt005,video4/v04_20-21_f00418_t13.93_moderate_blur,5,video4,418,00418,13.93,moderate_blur,56,chair,False,False,,,,,False,still_missed
bytetrack,video4/v04_20-21_f00418_t13.93_moderate_blur/gt006,video4/v04_20-21_f00418_t13.93_moderate_blur,6,video4,418,00418,13.93,moderate_blur,56,chair,False,False,,,,,False,still_missed
bytetrack,video4/v04_20-21_f00418_t13.93_moderate_blur/gt007,video4/v04_20-21_f00418_t13.93_moderate_blur,7,video4,418,00418,13.93,moderate_blur,56,chair,False,False,,,,,False,still_missed
bytetrack,video4/v04_20-21_f00418_t13.93_moderate_blur/gt008,video4/v04_20-21_f00418_t13.93_moderate_blur,8,video4,418,00418,13.93,moderate_blur,24,backpack,False,False,,,,,False,still_missed
bytetrack_persist_1,video4/v04_20-21_f00418_t13.93_moderate_blur/gt000,video4/v04_20-21_f00418_t13.93_moderate_blur,0,video4,418,00418,13.93,moderate_blur,0,person,True,True,0.9268,0.9268,,0,False,both_detected
bytetrack_persist_1,video4/v04_20-21_f00418_t13.93_moderate_blur/gt001,video4/v04_20-21_f00418_t13.93_moderate_blur,1,video4,418,00418,13.93,moderate_blur,56,chair,True,True,0.6313,0.6313,,0,False,both_detected
bytetrack_persist_1,video4/v04_20-21_f00418_t13.93_moderate_blur/gt002,video4/v04_20-21_f00418_t13.93_moderate_blur,2,video4,418,00418,13.93,moderate_blur,56,chair,True,True,0.2661,0.2661,,0,False,both_detected
bytetrack_persist_1,video4/v04_20-21_f00418_t13.93_moderate_blur/gt003,video4/v04_20-21_f00418_t13.93_moderate_blur,3,video4,418,00418,13.93,moderate_blur,56,chair,True,True,0.2032,0.2032,,0,False,both_detected
bytetrack_persist_1,video4/v04_20-21_f00418_t13.93_moderate_blur/gt004,video4/v04_20-21_f00418_t13.93_moderate_blur,4,video4,418,00418,13.93,moderate_blur,56,chair,False,False,,,,,False,still_missed
bytetrack_persist_1,video4/v04_20-21_f00418_t13.93_moderate_blur/gt005,video4/v04_20-21_f00418_t13.93_moderate_blur,5,video4,418,00418,13.93,moderate_blur,56,chair,False,False,,,,,False,still_missed
bytetrack_persist_1,video4/v04_20-21_f00418_t13.93_moderate_blur/gt006,video4/v04_20-21_f00418_t13.93_moderate_blur,6,video4,418,00418,13.93,moderate_blur,56,chair,False,False,,,,,False,still_missed
bytetrack_persist_1,video4/v04_20-21_f00418_t13.93_moderate_blur/gt007,video4/v04_20-21_f00418_t13.93_moderate_blur,7,video4,418,00418,13.93,moderate_blur,56,chair,False,False,,,,,False,still_missed
bytetrack_persist_1,video4/v04_20-21_f00418_t13.93_moderate_blur/gt008,video4/v04_20-21_f00418_t13.93_moderate_blur,8,video4,418,00418,13.93,moderate_blur,24,backpack,False,False,,,,,False,still_missed
bytetrack_persist_3,video4/v04_20-21_f00418_t13.93_moderate_blur/gt000,video4/v04_20-21_f00418_t13.93_moderate_blur,0,video4,418,00418,13.93,moderate_blur,0,person,True,True,0.9268,0.9268,,0,False,both_detected
bytetrack_persist_3,video4/v04_20-21_f00418_t13.93_moderate_blur/gt001,video4/v04_20-21_f00418_t13.93_moderate_blur,1,video4,418,00418,13.93,moderate_blur,56,chair,True,True,0.6313,0.6313,,0,False,both_detected
bytetrack_persist_3,video4/v04_20-21_f00418_t13.93_moderate_blur/gt002,video4/v04_20-21_f00418_t13.93_moderate_blur,2,video4,418,00418,13.93,moderate_blur,56,chair,True,True,0.2661,0.2661,,0,False,both_detected
bytetrack_persist_3,video4/v04_20-21_f00418_t13.93_moderate_blur/gt003,video4/v04_20-21_f00418_t13.93_moderate_blur,3,video4,418,00418,13.93,moderate_blur,56,chair,True,True,0.2032,0.2032,,0,False,both_detected
bytetrack_persist_3,video4/v04_20-21_f00418_t13.93_moderate_blur/gt004,video4/v04_20-21_f00418_t13.93_moderate_blur,4,video4,418,00418,13.93,moderate_blur,56,chair,False,False,,,,,False,still_missed
bytetrack_persist_3,video4/v04_20-21_f00418_t13.93_moderate_blur/gt005,video4/v04_20-21_f00418_t13.93_moderate_blur,5,video4,418,00418,13.93,moderate_blur,56,chair,False,False,,,,,False,still_missed
bytetrack_persist_3,video4/v04_20-21_f00418_t13.93_moderate_blur/gt006,video4/v04_20-21_f00418_t13.93_moderate_blur,6,video4,418,00418,13.93,moderate_blur,56,chair,False,False,,,,,False,still_missed
bytetrack_persist_3,video4/v04_20-21_f00418_t13.93_moderate_blur/gt007,video4/v04_20-21_f00418_t13.93_moderate_blur,7,video4,418,00418,13.93,moderate_blur,56,chair,False,False,,,,,False,still_missed
bytetrack_persist_3,video4/v04_20-21_f00418_t13.93_moderate_blur/gt008,video4/v04_20-21_f00418_t13.93_moderate_blur,8,video4,418,00418,13.93,moderate_blur,24,backpack,False,False,,,,,False,still_missed
bytetrack_persist_5,video4/v04_20-21_f00418_t13.93_moderate_blur/gt000,video4/v04_20-21_f00418_t13.93_moderate_blur,0,video4,418,00418,13.93,moderate_blur,0,person,True,True,0.9268,0.9268,,0,False,both_detected
bytetrack_persist_5,video4/v04_20-21_f00418_t13.93_moderate_blur/gt001,video4/v04_20-21_f00418_t13.93_moderate_blur,1,video4,418,00418,13.93,moderate_blur,56,chair,True,True,0.6313,0.6313,,0,False,both_detected
bytetrack_persist_5,video4/v04_20-21_f00418_t13.93_moderate_blur/gt002,video4/v04_20-21_f00418_t13.93_moderate_blur,2,video4,418,00418,13.93,moderate_blur,56,chair,True,True,0.2661,0.2661,,0,False,both_detected
bytetrack_persist_5,video4/v04_20-21_f00418_t13.93_moderate_blur/gt003,video4/v04_20-21_f00418_t13.93_moderate_blur,3,video4,418,00418,13.93,moderate_blur,56,chair,True,True,0.2032,0.2032,,0,False,both_detected
bytetrack_persist_5,video4/v04_20-21_f00418_t13.93_moderate_blur/gt004,video4/v04_20-21_f00418_t13.93_moderate_blur,4,video4,418,00418,13.93,moderate_blur,56,chair,False,False,,,,,False,still_missed
bytetrack_persist_5,video4/v04_20-21_f00418_t13.93_moderate_blur/gt005,video4/v04_20-21_f00418_t13.93_moderate_blur,5,video4,418,00418,13.93,moderate_blur,56,chair,False,False,,,,,False,still_missed
bytetrack_persist_5,video4/v04_20-21_f00418_t13.93_moderate_blur/gt006,video4/v04_20-21_f00418_t13.93_moderate_blur,6,video4,418,00418,13.93,moderate_blur,56,chair,False,False,,,,,False,still_missed
bytetrack_persist_5,video4/v04_20-21_f00418_t13.93_moderate_blur/gt007,video4/v04_20-21_f00418_t13.93_moderate_blur,7,video4,418,00418,13.93,moderate_blur,56,chair,False,False,,,,,False,still_missed
bytetrack_persist_5,video4/v04_20-21_f00418_t13.93_moderate_blur/gt008,video4/v04_20-21_f00418_t13.93_moderate_blur,8,video4,418,00418,13.93,moderate_blur,24,backpack,False,False,,,,,False,still_missed
botsort,video4/v04_20-21_f00418_t13.93_moderate_blur/gt000,video4/v04_20-21_f00418_t13.93_moderate_blur,0,video4,418,00418,13.93,moderate_blur,0,person,True,True,0.9268,0.9274,99,0,False,both_detected
botsort,video4/v04_20-21_f00418_t13.93_moderate_blur/gt001,video4/v04_20-21_f00418_t13.93_moderate_blur,1,video4,418,00418,13.93,moderate_blur,56,chair,True,True,0.6313,0.4816,117,0,False,both_detected
botsort,video4/v04_20-21_f00418_t13.93_moderate_blur/gt002,video4/v04_20-21_f00418_t13.93_moderate_blur,2,video4,418,00418,13.93,moderate_blur,56,chair,True,True,0.2661,0.3507,118,0,False,both_detected
botsort,video4/v04_20-21_f00418_t13.93_moderate_blur/gt003,video4/v04_20-21_f00418_t13.93_moderate_blur,3,video4,418,00418,13.93,moderate_blur,56,chair,True,False,0.2032,,,,False,lost
botsort,video4/v04_20-21_f00418_t13.93_moderate_blur/gt004,video4/v04_20-21_f00418_t13.93_moderate_blur,4,video4,418,00418,13.93,moderate_blur,56,chair,False,False,,,,,False,still_missed
botsort,video4/v04_20-21_f00418_t13.93_moderate_blur/gt005,video4/v04_20-21_f00418_t13.93_moderate_blur,5,video4,418,00418,13.93,moderate_blur,56,chair,False,False,,,,,False,still_missed
botsort,video4/v04_20-21_f00418_t13.93_moderate_blur/gt006,video4/v04_20-21_f00418_t13.93_moderate_blur,6,video4,418,00418,13.93,moderate_blur,56,chair,False,False,,,,,False,still_missed
botsort,video4/v04_20-21_f00418_t13.93_moderate_blur/gt007,video4/v04_20-21_f00418_t13.93_moderate_blur,7,video4,418,00418,13.93,moderate_blur,56,chair,False,False,,,,,False,still_missed
botsort,video4/v04_20-21_f00418_t13.93_moderate_blur/gt008,video4/v04_20-21_f00418_t13.93_moderate_blur,8,video4,418,00418,13.93,moderate_blur,24,backpack,False,False,,,,,False,still_missed
botsort_persist_1,video4/v04_20-21_f00418_t13.93_moderate_blur/gt000,video4/v04_20-21_f00418_t13.93_moderate_blur,0,video4,418,00418,13.93,moderate_blur,0,person,True,True,0.9268,0.9268,,0,False,both_detected
botsort_persist_1,video4/v04_20-21_f00418_t13.93_moderate_blur/gt001,video4/v04_20-21_f00418_t13.93_moderate_blur,1,video4,418,00418,13.93,moderate_blur,56,chair,True,True,0.6313,0.6313,,0,False,both_detected
botsort_persist_1,video4/v04_20-21_f00418_t13.93_moderate_blur/gt002,video4/v04_20-21_f00418_t13.93_moderate_blur,2,video4,418,00418,13.93,moderate_blur,56,chair,True,True,0.2661,0.2661,,0,False,both_detected
botsort_persist_1,video4/v04_20-21_f00418_t13.93_moderate_blur/gt003,video4/v04_20-21_f00418_t13.93_moderate_blur,3,video4,418,00418,13.93,moderate_blur,56,chair,True,True,0.2032,0.2032,,0,False,both_detected
botsort_persist_1,video4/v04_20-21_f00418_t13.93_moderate_blur/gt004,video4/v04_20-21_f00418_t13.93_moderate_blur,4,video4,418,00418,13.93,moderate_blur,56,chair,False,False,,,,,False,still_missed
botsort_persist_1,video4/v04_20-21_f00418_t13.93_moderate_blur/gt005,video4/v04_20-21_f00418_t13.93_moderate_blur,5,video4,418,00418,13.93,moderate_blur,56,chair,False,False,,,,,False,still_missed
botsort_persist_1,video4/v04_20-21_f00418_t13.93_moderate_blur/gt006,video4/v04_20-21_f00418_t13.93_moderate_blur,6,video4,418,00418,13.93,moderate_blur,56,chair,False,False,,,,,False,still_missed
botsort_persist_1,video4/v04_20-21_f00418_t13.93_moderate_blur/gt007,video4/v04_20-21_f00418_t13.93_moderate_blur,7,video4,418,00418,13.93,moderate_blur,56,chair,False,False,,,,,False,still_missed
botsort_persist_1,video4/v04_20-21_f00418_t13.93_moderate_blur/gt008,video4/v04_20-21_f00418_t13.93_moderate_blur,8,video4,418,00418,13.93,moderate_blur,24,backpack,False,False,,,,,False,still_missed
botsort_persist_3,video4/v04_20-21_f00418_t13.93_moderate_blur/gt000,video4/v04_20-21_f00418_t13.93_moderate_blur,0,video4,418,00418,13.93,moderate_blur,0,person,True,True,0.9268,0.9268,,0,False,both_detected
botsort_persist_3,video4/v04_20-21_f00418_t13.93_moderate_blur/gt001,video4/v04_20-21_f00418_t13.93_moderate_blur,1,video4,418,00418,13.93,moderate_blur,56,chair,True,True,0.6313,0.6313,,0,False,both_detected
botsort_persist_3,video4/v04_20-21_f00418_t13.93_moderate_blur/gt002,video4/v04_20-21_f00418_t13.93_moderate_blur,2,video4,418,00418,13.93,moderate_blur,56,chair,True,True,0.2661,0.2661,,0,False,both_detected
botsort_persist_3,video4/v04_20-21_f00418_t13.93_moderate_blur/gt003,video4/v04_20-21_f00418_t13.93_moderate_blur,3,video4,418,00418,13.93,moderate_blur,56,chair,True,True,0.2032,0.2032,,0,False,both_detected
botsort_persist_3,video4/v04_20-21_f00418_t13.93_moderate_blur/gt004,video4/v04_20-21_f00418_t13.93_moderate_blur,4,video4,418,00418,13.93,moderate_blur,56,chair,False,False,,,,,False,still_missed
botsort_persist_3,video4/v04_20-21_f00418_t13.93_moderate_blur/gt005,video4/v04_20-21_f00418_t13.93_moderate_blur,5,video4,418,00418,13.93,moderate_blur,56,chair,False,False,,,,,False,still_missed
botsort_persist_3,video4/v04_20-21_f00418_t13.93_moderate_blur/gt006,video4/v04_20-21_f00418_t13.93_moderate_blur,6,video4,418,00418,13.93,moderate_blur,56,chair,False,False,,,,,False,still_missed
botsort_persist_3,video4/v04_20-21_f00418_t13.93_moderate_blur/gt007,video4/v04_20-21_f00418_t13.93_moderate_blur,7,video4,418,00418,13.93,moderate_blur,56,chair,False,False,,,,,False,still_missed
botsort_persist_3,video4/v04_20-21_f00418_t13.93_moderate_blur/gt008,video4/v04_20-21_f00418_t13.93_moderate_blur,8,video4,418,00418,13.93,moderate_blur,24,backpack,False,False,,,,,False,still_missed
botsort_persist_5,video4/v04_20-21_f00418_t13.93_moderate_blur/gt000,video4/v04_20-21_f00418_t13.93_moderate_blur,0,video4,418,00418,13.93,moderate_blur,0,person,True,True,0.9268,0.9268,,0,False,both_detected
botsort_persist_5,video4/v04_20-21_f00418_t13.93_moderate_blur/gt001,video4/v04_20-21_f00418_t13.93_moderate_blur,1,video4,418,00418,13.93,moderate_blur,56,chair,True,True,0.6313,0.6313,,0,False,both_detected
botsort_persist_5,video4/v04_20-21_f00418_t13.93_moderate_blur/gt002,video4/v04_20-21_f00418_t13.93_moderate_blur,2,video4,418,00418,13.93,moderate_blur,56,chair,True,True,0.2661,0.2661,,0,False,both_detected
botsort_persist_5,video4/v04_20-21_f00418_t13.93_moderate_blur/gt003,video4/v04_20-21_f00418_t13.93_moderate_blur,3,video4,418,00418,13.93,moderate_blur,56,chair,True,True,0.2032,0.2032,,0,False,both_detected
botsort_persist_5,video4/v04_20-21_f00418_t13.93_moderate_blur/gt004,video4/v04_20-21_f00418_t13.93_moderate_blur,4,video4,418,00418,13.93,moderate_blur,56,chair,False,False,,,,,False,still_missed
botsort_persist_5,video4/v04_20-21_f00418_t13.93_moderate_blur/gt005,video4/v04_20-21_f00418_t13.93_moderate_blur,5,video4,418,00418,13.93,moderate_blur,56,chair,False,False,,,,,False,still_missed
botsort_persist_5,video4/v04_20-21_f00418_t13.93_moderate_blur/gt006,video4/v04_20-21_f00418_t13.93_moderate_blur,6,video4,418,00418,13.93,moderate_blur,56,chair,False,False,,,,,False,still_missed
botsort_persist_5,video4/v04_20-21_f00418_t13.93_moderate_blur/gt007,video4/v04_20-21_f00418_t13.93_moderate_blur,7,video4,418,00418,13.93,moderate_blur,56,chair,False,False,,,,,False,still_missed
botsort_persist_5,video4/v04_20-21_f00418_t13.93_moderate_blur/gt008,video4/v04_20-21_f00418_t13.93_moderate_blur,8,video4,418,00418,13.93,moderate_blur,24,backpack,False,False,,,,,False,still_missed
bytetrack,video5/v05_20-23_f00000_t00.00_clear/gt000,video5/v05_20-23_f00000_t00.00_clear,0,video5,0,00000,00.00,clear,57,couch,False,False,,,,,False,still_missed
bytetrack_persist_1,video5/v05_20-23_f00000_t00.00_clear/gt000,video5/v05_20-23_f00000_t00.00_clear,0,video5,0,00000,00.00,clear,57,couch,False,False,,,,,False,still_missed
bytetrack_persist_3,video5/v05_20-23_f00000_t00.00_clear/gt000,video5/v05_20-23_f00000_t00.00_clear,0,video5,0,00000,00.00,clear,57,couch,False,False,,,,,False,still_missed
bytetrack_persist_5,video5/v05_20-23_f00000_t00.00_clear/gt000,video5/v05_20-23_f00000_t00.00_clear,0,video5,0,00000,00.00,clear,57,couch,False,False,,,,,False,still_missed
botsort,video5/v05_20-23_f00000_t00.00_clear/gt000,video5/v05_20-23_f00000_t00.00_clear,0,video5,0,00000,00.00,clear,57,couch,False,False,,,,,False,still_missed
botsort_persist_1,video5/v05_20-23_f00000_t00.00_clear/gt000,video5/v05_20-23_f00000_t00.00_clear,0,video5,0,00000,00.00,clear,57,couch,False,False,,,,,False,still_missed
botsort_persist_3,video5/v05_20-23_f00000_t00.00_clear/gt000,video5/v05_20-23_f00000_t00.00_clear,0,video5,0,00000,00.00,clear,57,couch,False,False,,,,,False,still_missed
botsort_persist_5,video5/v05_20-23_f00000_t00.00_clear/gt000,video5/v05_20-23_f00000_t00.00_clear,0,video5,0,00000,00.00,clear,57,couch,False,False,,,,,False,still_missed
bytetrack,video5/v05_20-23_f00022_t00.73_clear/gt000,video5/v05_20-23_f00022_t00.73_clear,0,video5,22,00022,00.73,clear,57,couch,False,False,,,,,False,still_missed
bytetrack,video5/v05_20-23_f00022_t00.73_clear/gt001,video5/v05_20-23_f00022_t00.73_clear,1,video5,22,00022,00.73,clear,56,chair,False,False,,,,,False,still_missed
bytetrack_persist_1,video5/v05_20-23_f00022_t00.73_clear/gt000,video5/v05_20-23_f00022_t00.73_clear,0,video5,22,00022,00.73,clear,57,couch,False,False,,,,,False,still_missed
bytetrack_persist_1,video5/v05_20-23_f00022_t00.73_clear/gt001,video5/v05_20-23_f00022_t00.73_clear,1,video5,22,00022,00.73,clear,56,chair,False,False,,,,,False,still_missed
bytetrack_persist_3,video5/v05_20-23_f00022_t00.73_clear/gt000,video5/v05_20-23_f00022_t00.73_clear,0,video5,22,00022,00.73,clear,57,couch,False,False,,,,,False,still_missed
bytetrack_persist_3,video5/v05_20-23_f00022_t00.73_clear/gt001,video5/v05_20-23_f00022_t00.73_clear,1,video5,22,00022,00.73,clear,56,chair,False,False,,,,,False,still_missed
bytetrack_persist_5,video5/v05_20-23_f00022_t00.73_clear/gt000,video5/v05_20-23_f00022_t00.73_clear,0,video5,22,00022,00.73,clear,57,couch,False,False,,,,,False,still_missed
bytetrack_persist_5,video5/v05_20-23_f00022_t00.73_clear/gt001,video5/v05_20-23_f00022_t00.73_clear,1,video5,22,00022,00.73,clear,56,chair,False,False,,,,,False,still_missed
botsort,video5/v05_20-23_f00022_t00.73_clear/gt000,video5/v05_20-23_f00022_t00.73_clear,0,video5,22,00022,00.73,clear,57,couch,False,False,,,,,False,still_missed
botsort,video5/v05_20-23_f00022_t00.73_clear/gt001,video5/v05_20-23_f00022_t00.73_clear,1,video5,22,00022,00.73,clear,56,chair,False,False,,,,,False,still_missed
botsort_persist_1,video5/v05_20-23_f00022_t00.73_clear/gt000,video5/v05_20-23_f00022_t00.73_clear,0,video5,22,00022,00.73,clear,57,couch,False,False,,,,,False,still_missed
botsort_persist_1,video5/v05_20-23_f00022_t00.73_clear/gt001,video5/v05_20-23_f00022_t00.73_clear,1,video5,22,00022,00.73,clear,56,chair,False,False,,,,,False,still_missed
botsort_persist_3,video5/v05_20-23_f00022_t00.73_clear/gt000,video5/v05_20-23_f00022_t00.73_clear,0,video5,22,00022,00.73,clear,57,couch,False,False,,,,,False,still_missed
botsort_persist_3,video5/v05_20-23_f00022_t00.73_clear/gt001,video5/v05_20-23_f00022_t00.73_clear,1,video5,22,00022,00.73,clear,56,chair,False,False,,,,,False,still_missed
botsort_persist_5,video5/v05_20-23_f00022_t00.73_clear/gt000,video5/v05_20-23_f00022_t00.73_clear,0,video5,22,00022,00.73,clear,57,couch,False,False,,,,,False,still_missed
botsort_persist_5,video5/v05_20-23_f00022_t00.73_clear/gt001,video5/v05_20-23_f00022_t00.73_clear,1,video5,22,00022,00.73,clear,56,chair,False,False,,,,,False,still_missed
bytetrack,video5/v05_20-23_f00068_t02.27_moderate_blur/gt000,video5/v05_20-23_f00068_t02.27_moderate_blur,0,video5,68,00068,02.27,moderate_blur,57,couch,False,False,,,,,False,still_missed
bytetrack_persist_1,video5/v05_20-23_f00068_t02.27_moderate_blur/gt000,video5/v05_20-23_f00068_t02.27_moderate_blur,0,video5,68,00068,02.27,moderate_blur,57,couch,False,False,,,,,False,still_missed
bytetrack_persist_3,video5/v05_20-23_f00068_t02.27_moderate_blur/gt000,video5/v05_20-23_f00068_t02.27_moderate_blur,0,video5,68,00068,02.27,moderate_blur,57,couch,False,False,,,,,False,still_missed
bytetrack_persist_5,video5/v05_20-23_f00068_t02.27_moderate_blur/gt000,video5/v05_20-23_f00068_t02.27_moderate_blur,0,video5,68,00068,02.27,moderate_blur,57,couch,False,False,,,,,False,still_missed
botsort,video5/v05_20-23_f00068_t02.27_moderate_blur/gt000,video5/v05_20-23_f00068_t02.27_moderate_blur,0,video5,68,00068,02.27,moderate_blur,57,couch,False,False,,,,,False,still_missed
botsort_persist_1,video5/v05_20-23_f00068_t02.27_moderate_blur/gt000,video5/v05_20-23_f00068_t02.27_moderate_blur,0,video5,68,00068,02.27,moderate_blur,57,couch,False,False,,,,,False,still_missed
botsort_persist_3,video5/v05_20-23_f00068_t02.27_moderate_blur/gt000,video5/v05_20-23_f00068_t02.27_moderate_blur,0,video5,68,00068,02.27,moderate_blur,57,couch,False,False,,,,,False,still_missed
botsort_persist_5,video5/v05_20-23_f00068_t02.27_moderate_blur/gt000,video5/v05_20-23_f00068_t02.27_moderate_blur,0,video5,68,00068,02.27,moderate_blur,57,couch,False,False,,,,,False,still_missed
bytetrack,video5/v05_20-23_f00136_t04.53_moderate_blur/gt000,video5/v05_20-23_f00136_t04.53_moderate_blur,0,video5,136,00136,04.53,moderate_blur,57,couch,False,False,,,,,False,still_missed
bytetrack_persist_1,video5/v05_20-23_f00136_t04.53_moderate_blur/gt000,video5/v05_20-23_f00136_t04.53_moderate_blur,0,video5,136,00136,04.53,moderate_blur,57,couch,False,False,,,,,False,still_missed
bytetrack_persist_3,video5/v05_20-23_f00136_t04.53_moderate_blur/gt000,video5/v05_20-23_f00136_t04.53_moderate_blur,0,video5,136,00136,04.53,moderate_blur,57,couch,False,False,,,,,False,still_missed
bytetrack_persist_5,video5/v05_20-23_f00136_t04.53_moderate_blur/gt000,video5/v05_20-23_f00136_t04.53_moderate_blur,0,video5,136,00136,04.53,moderate_blur,57,couch,False,False,,,,,False,still_missed
botsort,video5/v05_20-23_f00136_t04.53_moderate_blur/gt000,video5/v05_20-23_f00136_t04.53_moderate_blur,0,video5,136,00136,04.53,moderate_blur,57,couch,False,False,,,,,False,still_missed
botsort_persist_1,video5/v05_20-23_f00136_t04.53_moderate_blur/gt000,video5/v05_20-23_f00136_t04.53_moderate_blur,0,video5,136,00136,04.53,moderate_blur,57,couch,False,False,,,,,False,still_missed
botsort_persist_3,video5/v05_20-23_f00136_t04.53_moderate_blur/gt000,video5/v05_20-23_f00136_t04.53_moderate_blur,0,video5,136,00136,04.53,moderate_blur,57,couch,False,False,,,,,False,still_missed
botsort_persist_5,video5/v05_20-23_f00136_t04.53_moderate_blur/gt000,video5/v05_20-23_f00136_t04.53_moderate_blur,0,video5,136,00136,04.53,moderate_blur,57,couch,False,False,,,,,False,still_missed
bytetrack,video5/v05_20-23_f00181_t06.03_moderate_blur/gt000,video5/v05_20-23_f00181_t06.03_moderate_blur,0,video5,181,00181,06.03,moderate_blur,56,chair,True,True,0.4655,0.506,13,0,False,both_detected
bytetrack,video5/v05_20-23_f00181_t06.03_moderate_blur/gt001,video5/v05_20-23_f00181_t06.03_moderate_blur,1,video5,181,00181,06.03,moderate_blur,56,chair,False,False,,,,,False,still_missed
bytetrack_persist_1,video5/v05_20-23_f00181_t06.03_moderate_blur/gt000,video5/v05_20-23_f00181_t06.03_moderate_blur,0,video5,181,00181,06.03,moderate_blur,56,chair,True,True,0.4655,0.4655,,0,False,both_detected
bytetrack_persist_1,video5/v05_20-23_f00181_t06.03_moderate_blur/gt001,video5/v05_20-23_f00181_t06.03_moderate_blur,1,video5,181,00181,06.03,moderate_blur,56,chair,False,False,,,,,False,still_missed
bytetrack_persist_3,video5/v05_20-23_f00181_t06.03_moderate_blur/gt000,video5/v05_20-23_f00181_t06.03_moderate_blur,0,video5,181,00181,06.03,moderate_blur,56,chair,True,True,0.4655,0.4655,,0,False,both_detected
bytetrack_persist_3,video5/v05_20-23_f00181_t06.03_moderate_blur/gt001,video5/v05_20-23_f00181_t06.03_moderate_blur,1,video5,181,00181,06.03,moderate_blur,56,chair,False,False,,,,,False,still_missed
bytetrack_persist_5,video5/v05_20-23_f00181_t06.03_moderate_blur/gt000,video5/v05_20-23_f00181_t06.03_moderate_blur,0,video5,181,00181,06.03,moderate_blur,56,chair,True,True,0.4655,0.4655,,0,False,both_detected
bytetrack_persist_5,video5/v05_20-23_f00181_t06.03_moderate_blur/gt001,video5/v05_20-23_f00181_t06.03_moderate_blur,1,video5,181,00181,06.03,moderate_blur,56,chair,False,False,,,,,False,still_missed
botsort,video5/v05_20-23_f00181_t06.03_moderate_blur/gt000,video5/v05_20-23_f00181_t06.03_moderate_blur,0,video5,181,00181,06.03,moderate_blur,56,chair,True,True,0.4655,0.506,13,0,False,both_detected
botsort,video5/v05_20-23_f00181_t06.03_moderate_blur/gt001,video5/v05_20-23_f00181_t06.03_moderate_blur,1,video5,181,00181,06.03,moderate_blur,56,chair,False,False,,,,,False,still_missed
botsort_persist_1,video5/v05_20-23_f00181_t06.03_moderate_blur/gt000,video5/v05_20-23_f00181_t06.03_moderate_blur,0,video5,181,00181,06.03,moderate_blur,56,chair,True,True,0.4655,0.4655,,0,False,both_detected
botsort_persist_1,video5/v05_20-23_f00181_t06.03_moderate_blur/gt001,video5/v05_20-23_f00181_t06.03_moderate_blur,1,video5,181,00181,06.03,moderate_blur,56,chair,False,False,,,,,False,still_missed
botsort_persist_3,video5/v05_20-23_f00181_t06.03_moderate_blur/gt000,video5/v05_20-23_f00181_t06.03_moderate_blur,0,video5,181,00181,06.03,moderate_blur,56,chair,True,True,0.4655,0.4655,,0,False,both_detected
botsort_persist_3,video5/v05_20-23_f00181_t06.03_moderate_blur/gt001,video5/v05_20-23_f00181_t06.03_moderate_blur,1,video5,181,00181,06.03,moderate_blur,56,chair,False,False,,,,,False,still_missed
botsort_persist_5,video5/v05_20-23_f00181_t06.03_moderate_blur/gt000,video5/v05_20-23_f00181_t06.03_moderate_blur,0,video5,181,00181,06.03,moderate_blur,56,chair,True,True,0.4655,0.4655,,0,False,both_detected
botsort_persist_5,video5/v05_20-23_f00181_t06.03_moderate_blur/gt001,video5/v05_20-23_f00181_t06.03_moderate_blur,1,video5,181,00181,06.03,moderate_blur,56,chair,False,False,,,,,False,still_missed
bytetrack,video5/v05_20-23_f00204_t06.80_clear/gt000,video5/v05_20-23_f00204_t06.80_clear,0,video5,204,00204,06.80,clear,56,chair,False,False,,,,,False,still_missed
bytetrack_persist_1,video5/v05_20-23_f00204_t06.80_clear/gt000,video5/v05_20-23_f00204_t06.80_clear,0,video5,204,00204,06.80,clear,56,chair,False,False,,,,,False,still_missed
bytetrack_persist_3,video5/v05_20-23_f00204_t06.80_clear/gt000,video5/v05_20-23_f00204_t06.80_clear,0,video5,204,00204,06.80,clear,56,chair,False,False,,,,,False,still_missed
bytetrack_persist_5,video5/v05_20-23_f00204_t06.80_clear/gt000,video5/v05_20-23_f00204_t06.80_clear,0,video5,204,00204,06.80,clear,56,chair,False,False,,,,,False,still_missed
botsort,video5/v05_20-23_f00204_t06.80_clear/gt000,video5/v05_20-23_f00204_t06.80_clear,0,video5,204,00204,06.80,clear,56,chair,False,False,,,,,False,still_missed
botsort_persist_1,video5/v05_20-23_f00204_t06.80_clear/gt000,video5/v05_20-23_f00204_t06.80_clear,0,video5,204,00204,06.80,clear,56,chair,False,False,,,,,False,still_missed
botsort_persist_3,video5/v05_20-23_f00204_t06.80_clear/gt000,video5/v05_20-23_f00204_t06.80_clear,0,video5,204,00204,06.80,clear,56,chair,False,False,,,,,False,still_missed
botsort_persist_5,video5/v05_20-23_f00204_t06.80_clear/gt000,video5/v05_20-23_f00204_t06.80_clear,0,video5,204,00204,06.80,clear,56,chair,False,False,,,,,False,still_missed
bytetrack,video5/v05_20-23_f00250_t08.33_moderate_blur/gt000,video5/v05_20-23_f00250_t08.33_moderate_blur,0,video5,250,00250,08.33,moderate_blur,56,chair,False,False,,,,,False,still_missed
bytetrack,video5/v05_20-23_f00250_t08.33_moderate_blur/gt001,video5/v05_20-23_f00250_t08.33_moderate_blur,1,video5,250,00250,08.33,moderate_blur,56,chair,False,False,,,,,False,still_missed
bytetrack_persist_1,video5/v05_20-23_f00250_t08.33_moderate_blur/gt000,video5/v05_20-23_f00250_t08.33_moderate_blur,0,video5,250,00250,08.33,moderate_blur,56,chair,False,False,,,,,False,still_missed
bytetrack_persist_1,video5/v05_20-23_f00250_t08.33_moderate_blur/gt001,video5/v05_20-23_f00250_t08.33_moderate_blur,1,video5,250,00250,08.33,moderate_blur,56,chair,False,False,,,,,False,still_missed
bytetrack_persist_3,video5/v05_20-23_f00250_t08.33_moderate_blur/gt000,video5/v05_20-23_f00250_t08.33_moderate_blur,0,video5,250,00250,08.33,moderate_blur,56,chair,False,False,,,,,False,still_missed
bytetrack_persist_3,video5/v05_20-23_f00250_t08.33_moderate_blur/gt001,video5/v05_20-23_f00250_t08.33_moderate_blur,1,video5,250,00250,08.33,moderate_blur,56,chair,False,False,,,,,False,still_missed
bytetrack_persist_5,video5/v05_20-23_f00250_t08.33_moderate_blur/gt000,video5/v05_20-23_f00250_t08.33_moderate_blur,0,video5,250,00250,08.33,moderate_blur,56,chair,False,False,,,,,False,still_missed
bytetrack_persist_5,video5/v05_20-23_f00250_t08.33_moderate_blur/gt001,video5/v05_20-23_f00250_t08.33_moderate_blur,1,video5,250,00250,08.33,moderate_blur,56,chair,False,False,,,,,False,still_missed
botsort,video5/v05_20-23_f00250_t08.33_moderate_blur/gt000,video5/v05_20-23_f00250_t08.33_moderate_blur,0,video5,250,00250,08.33,moderate_blur,56,chair,False,False,,,,,False,still_missed
botsort,video5/v05_20-23_f00250_t08.33_moderate_blur/gt001,video5/v05_20-23_f00250_t08.33_moderate_blur,1,video5,250,00250,08.33,moderate_blur,56,chair,False,False,,,,,False,still_missed
botsort_persist_1,video5/v05_20-23_f00250_t08.33_moderate_blur/gt000,video5/v05_20-23_f00250_t08.33_moderate_blur,0,video5,250,00250,08.33,moderate_blur,56,chair,False,False,,,,,False,still_missed
botsort_persist_1,video5/v05_20-23_f00250_t08.33_moderate_blur/gt001,video5/v05_20-23_f00250_t08.33_moderate_blur,1,video5,250,00250,08.33,moderate_blur,56,chair,False,False,,,,,False,still_missed
botsort_persist_3,video5/v05_20-23_f00250_t08.33_moderate_blur/gt000,video5/v05_20-23_f00250_t08.33_moderate_blur,0,video5,250,00250,08.33,moderate_blur,56,chair,False,False,,,,,False,still_missed
botsort_persist_3,video5/v05_20-23_f00250_t08.33_moderate_blur/gt001,video5/v05_20-23_f00250_t08.33_moderate_blur,1,video5,250,00250,08.33,moderate_blur,56,chair,False,False,,,,,False,still_missed
botsort_persist_5,video5/v05_20-23_f00250_t08.33_moderate_blur/gt000,video5/v05_20-23_f00250_t08.33_moderate_blur,0,video5,250,00250,08.33,moderate_blur,56,chair,False,False,,,,,False,still_missed
botsort_persist_5,video5/v05_20-23_f00250_t08.33_moderate_blur/gt001,video5/v05_20-23_f00250_t08.33_moderate_blur,1,video5,250,00250,08.33,moderate_blur,56,chair,False,False,,,,,False,still_missed
bytetrack,video5/v05_20-23_f00295_t09.83_clear/gt000,video5/v05_20-23_f00295_t09.83_clear,0,video5,295,00295,09.83,clear,57,couch,False,False,,,,,False,still_missed
bytetrack_persist_1,video5/v05_20-23_f00295_t09.83_clear/gt000,video5/v05_20-23_f00295_t09.83_clear,0,video5,295,00295,09.83,clear,57,couch,False,False,,,,,False,still_missed
bytetrack_persist_3,video5/v05_20-23_f00295_t09.83_clear/gt000,video5/v05_20-23_f00295_t09.83_clear,0,video5,295,00295,09.83,clear,57,couch,False,False,,,,,False,still_missed
bytetrack_persist_5,video5/v05_20-23_f00295_t09.83_clear/gt000,video5/v05_20-23_f00295_t09.83_clear,0,video5,295,00295,09.83,clear,57,couch,False,False,,,,,False,still_missed
botsort,video5/v05_20-23_f00295_t09.83_clear/gt000,video5/v05_20-23_f00295_t09.83_clear,0,video5,295,00295,09.83,clear,57,couch,False,False,,,,,False,still_missed
botsort_persist_1,video5/v05_20-23_f00295_t09.83_clear/gt000,video5/v05_20-23_f00295_t09.83_clear,0,video5,295,00295,09.83,clear,57,couch,False,False,,,,,False,still_missed
botsort_persist_3,video5/v05_20-23_f00295_t09.83_clear/gt000,video5/v05_20-23_f00295_t09.83_clear,0,video5,295,00295,09.83,clear,57,couch,False,False,,,,,False,still_missed
botsort_persist_5,video5/v05_20-23_f00295_t09.83_clear/gt000,video5/v05_20-23_f00295_t09.83_clear,0,video5,295,00295,09.83,clear,57,couch,False,False,,,,,False,still_missed
bytetrack,video5/v05_20-23_f00318_t10.60_moderate_blur/gt000,video5/v05_20-23_f00318_t10.60_moderate_blur,0,video5,318,00318,10.60,moderate_blur,56,chair,True,True,0.4293,0.5047,20,0,False,both_detected
bytetrack,video5/v05_20-23_f00318_t10.60_moderate_blur/gt001,video5/v05_20-23_f00318_t10.60_moderate_blur,1,video5,318,00318,10.60,moderate_blur,56,chair,True,True,0.3675,0.344,23,0,False,both_detected
bytetrack,video5/v05_20-23_f00318_t10.60_moderate_blur/gt002,video5/v05_20-23_f00318_t10.60_moderate_blur,2,video5,318,00318,10.60,moderate_blur,56,chair,False,False,,,,,False,still_missed
bytetrack_persist_1,video5/v05_20-23_f00318_t10.60_moderate_blur/gt000,video5/v05_20-23_f00318_t10.60_moderate_blur,0,video5,318,00318,10.60,moderate_blur,56,chair,True,True,0.4293,0.4293,,0,False,both_detected
bytetrack_persist_1,video5/v05_20-23_f00318_t10.60_moderate_blur/gt001,video5/v05_20-23_f00318_t10.60_moderate_blur,1,video5,318,00318,10.60,moderate_blur,56,chair,True,True,0.3675,0.3675,,0,False,both_detected
bytetrack_persist_1,video5/v05_20-23_f00318_t10.60_moderate_blur/gt002,video5/v05_20-23_f00318_t10.60_moderate_blur,2,video5,318,00318,10.60,moderate_blur,56,chair,False,False,,,,,False,still_missed
bytetrack_persist_3,video5/v05_20-23_f00318_t10.60_moderate_blur/gt000,video5/v05_20-23_f00318_t10.60_moderate_blur,0,video5,318,00318,10.60,moderate_blur,56,chair,True,True,0.4293,0.4293,,0,False,both_detected
bytetrack_persist_3,video5/v05_20-23_f00318_t10.60_moderate_blur/gt001,video5/v05_20-23_f00318_t10.60_moderate_blur,1,video5,318,00318,10.60,moderate_blur,56,chair,True,True,0.3675,0.3675,,0,False,both_detected
bytetrack_persist_3,video5/v05_20-23_f00318_t10.60_moderate_blur/gt002,video5/v05_20-23_f00318_t10.60_moderate_blur,2,video5,318,00318,10.60,moderate_blur,56,chair,False,False,,,,,False,still_missed
bytetrack_persist_5,video5/v05_20-23_f00318_t10.60_moderate_blur/gt000,video5/v05_20-23_f00318_t10.60_moderate_blur,0,video5,318,00318,10.60,moderate_blur,56,chair,True,True,0.4293,0.4293,,0,False,both_detected
bytetrack_persist_5,video5/v05_20-23_f00318_t10.60_moderate_blur/gt001,video5/v05_20-23_f00318_t10.60_moderate_blur,1,video5,318,00318,10.60,moderate_blur,56,chair,True,True,0.3675,0.3675,,0,False,both_detected
bytetrack_persist_5,video5/v05_20-23_f00318_t10.60_moderate_blur/gt002,video5/v05_20-23_f00318_t10.60_moderate_blur,2,video5,318,00318,10.60,moderate_blur,56,chair,False,False,,,,,False,still_missed
botsort,video5/v05_20-23_f00318_t10.60_moderate_blur/gt000,video5/v05_20-23_f00318_t10.60_moderate_blur,0,video5,318,00318,10.60,moderate_blur,56,chair,True,True,0.4293,0.5047,20,0,False,both_detected
botsort,video5/v05_20-23_f00318_t10.60_moderate_blur/gt001,video5/v05_20-23_f00318_t10.60_moderate_blur,1,video5,318,00318,10.60,moderate_blur,56,chair,True,True,0.3675,0.344,18,0,False,both_detected
botsort,video5/v05_20-23_f00318_t10.60_moderate_blur/gt002,video5/v05_20-23_f00318_t10.60_moderate_blur,2,video5,318,00318,10.60,moderate_blur,56,chair,False,False,,,,,False,still_missed
botsort_persist_1,video5/v05_20-23_f00318_t10.60_moderate_blur/gt000,video5/v05_20-23_f00318_t10.60_moderate_blur,0,video5,318,00318,10.60,moderate_blur,56,chair,True,True,0.4293,0.4293,,0,False,both_detected
botsort_persist_1,video5/v05_20-23_f00318_t10.60_moderate_blur/gt001,video5/v05_20-23_f00318_t10.60_moderate_blur,1,video5,318,00318,10.60,moderate_blur,56,chair,True,True,0.3675,0.3675,,0,False,both_detected
botsort_persist_1,video5/v05_20-23_f00318_t10.60_moderate_blur/gt002,video5/v05_20-23_f00318_t10.60_moderate_blur,2,video5,318,00318,10.60,moderate_blur,56,chair,False,False,,,,,False,still_missed
botsort_persist_3,video5/v05_20-23_f00318_t10.60_moderate_blur/gt000,video5/v05_20-23_f00318_t10.60_moderate_blur,0,video5,318,00318,10.60,moderate_blur,56,chair,True,True,0.4293,0.4293,,0,False,both_detected
botsort_persist_3,video5/v05_20-23_f00318_t10.60_moderate_blur/gt001,video5/v05_20-23_f00318_t10.60_moderate_blur,1,video5,318,00318,10.60,moderate_blur,56,chair,True,True,0.3675,0.3675,,0,False,both_detected
botsort_persist_3,video5/v05_20-23_f00318_t10.60_moderate_blur/gt002,video5/v05_20-23_f00318_t10.60_moderate_blur,2,video5,318,00318,10.60,moderate_blur,56,chair,False,False,,,,,False,still_missed
botsort_persist_5,video5/v05_20-23_f00318_t10.60_moderate_blur/gt000,video5/v05_20-23_f00318_t10.60_moderate_blur,0,video5,318,00318,10.60,moderate_blur,56,chair,True,True,0.4293,0.4293,,0,False,both_detected
botsort_persist_5,video5/v05_20-23_f00318_t10.60_moderate_blur/gt001,video5/v05_20-23_f00318_t10.60_moderate_blur,1,video5,318,00318,10.60,moderate_blur,56,chair,True,True,0.3675,0.3675,,0,False,both_detected
botsort_persist_5,video5/v05_20-23_f00318_t10.60_moderate_blur/gt002,video5/v05_20-23_f00318_t10.60_moderate_blur,2,video5,318,00318,10.60,moderate_blur,56,chair,False,False,,,,,False,still_missed
bytetrack,video5/v05_20-23_f00386_t12.87_severe_blur/gt000,video5/v05_20-23_f00386_t12.87_severe_blur,0,video5,386,00386,12.87,severe_blur,56,chair,False,False,,,,,False,still_missed
bytetrack_persist_1,video5/v05_20-23_f00386_t12.87_severe_blur/gt000,video5/v05_20-23_f00386_t12.87_severe_blur,0,video5,386,00386,12.87,severe_blur,56,chair,False,False,,,,,False,still_missed
bytetrack_persist_3,video5/v05_20-23_f00386_t12.87_severe_blur/gt000,video5/v05_20-23_f00386_t12.87_severe_blur,0,video5,386,00386,12.87,severe_blur,56,chair,False,False,,,,,False,still_missed
bytetrack_persist_5,video5/v05_20-23_f00386_t12.87_severe_blur/gt000,video5/v05_20-23_f00386_t12.87_severe_blur,0,video5,386,00386,12.87,severe_blur,56,chair,False,False,,,,,False,still_missed
botsort,video5/v05_20-23_f00386_t12.87_severe_blur/gt000,video5/v05_20-23_f00386_t12.87_severe_blur,0,video5,386,00386,12.87,severe_blur,56,chair,False,False,,,,,False,still_missed
botsort_persist_1,video5/v05_20-23_f00386_t12.87_severe_blur/gt000,video5/v05_20-23_f00386_t12.87_severe_blur,0,video5,386,00386,12.87,severe_blur,56,chair,False,False,,,,,False,still_missed
botsort_persist_3,video5/v05_20-23_f00386_t12.87_severe_blur/gt000,video5/v05_20-23_f00386_t12.87_severe_blur,0,video5,386,00386,12.87,severe_blur,56,chair,False,False,,,,,False,still_missed
botsort_persist_5,video5/v05_20-23_f00386_t12.87_severe_blur/gt000,video5/v05_20-23_f00386_t12.87_severe_blur,0,video5,386,00386,12.87,severe_blur,56,chair,False,False,,,,,False,still_missed
bytetrack,video6/v06_20-24_f00000_t00.00_clear/gt000,video6/v06_20-24_f00000_t00.00_clear,0,video6,0,00000,00.00,clear,0,person,True,True,0.8283,0.8301,1,0,False,both_detected
bytetrack,video6/v06_20-24_f00000_t00.00_clear/gt001,video6/v06_20-24_f00000_t00.00_clear,1,video6,0,00000,00.00,clear,0,person,False,False,,,,,False,still_missed
bytetrack,video6/v06_20-24_f00000_t00.00_clear/gt002,video6/v06_20-24_f00000_t00.00_clear,2,video6,0,00000,00.00,clear,56,chair,False,False,,,,,False,still_missed
bytetrack,video6/v06_20-24_f00000_t00.00_clear/gt003,video6/v06_20-24_f00000_t00.00_clear,3,video6,0,00000,00.00,clear,57,couch,False,False,,,,,False,still_missed
bytetrack_persist_1,video6/v06_20-24_f00000_t00.00_clear/gt000,video6/v06_20-24_f00000_t00.00_clear,0,video6,0,00000,00.00,clear,0,person,True,True,0.8283,0.8283,,0,False,both_detected
bytetrack_persist_1,video6/v06_20-24_f00000_t00.00_clear/gt001,video6/v06_20-24_f00000_t00.00_clear,1,video6,0,00000,00.00,clear,0,person,False,False,,,,,False,still_missed
bytetrack_persist_1,video6/v06_20-24_f00000_t00.00_clear/gt002,video6/v06_20-24_f00000_t00.00_clear,2,video6,0,00000,00.00,clear,56,chair,False,False,,,,,False,still_missed
bytetrack_persist_1,video6/v06_20-24_f00000_t00.00_clear/gt003,video6/v06_20-24_f00000_t00.00_clear,3,video6,0,00000,00.00,clear,57,couch,False,False,,,,,False,still_missed
bytetrack_persist_3,video6/v06_20-24_f00000_t00.00_clear/gt000,video6/v06_20-24_f00000_t00.00_clear,0,video6,0,00000,00.00,clear,0,person,True,True,0.8283,0.8283,,0,False,both_detected
bytetrack_persist_3,video6/v06_20-24_f00000_t00.00_clear/gt001,video6/v06_20-24_f00000_t00.00_clear,1,video6,0,00000,00.00,clear,0,person,False,False,,,,,False,still_missed
bytetrack_persist_3,video6/v06_20-24_f00000_t00.00_clear/gt002,video6/v06_20-24_f00000_t00.00_clear,2,video6,0,00000,00.00,clear,56,chair,False,False,,,,,False,still_missed
bytetrack_persist_3,video6/v06_20-24_f00000_t00.00_clear/gt003,video6/v06_20-24_f00000_t00.00_clear,3,video6,0,00000,00.00,clear,57,couch,False,False,,,,,False,still_missed
bytetrack_persist_5,video6/v06_20-24_f00000_t00.00_clear/gt000,video6/v06_20-24_f00000_t00.00_clear,0,video6,0,00000,00.00,clear,0,person,True,True,0.8283,0.8283,,0,False,both_detected
bytetrack_persist_5,video6/v06_20-24_f00000_t00.00_clear/gt001,video6/v06_20-24_f00000_t00.00_clear,1,video6,0,00000,00.00,clear,0,person,False,False,,,,,False,still_missed
bytetrack_persist_5,video6/v06_20-24_f00000_t00.00_clear/gt002,video6/v06_20-24_f00000_t00.00_clear,2,video6,0,00000,00.00,clear,56,chair,False,False,,,,,False,still_missed
bytetrack_persist_5,video6/v06_20-24_f00000_t00.00_clear/gt003,video6/v06_20-24_f00000_t00.00_clear,3,video6,0,00000,00.00,clear,57,couch,False,False,,,,,False,still_missed
botsort,video6/v06_20-24_f00000_t00.00_clear/gt000,video6/v06_20-24_f00000_t00.00_clear,0,video6,0,00000,00.00,clear,0,person,True,True,0.8283,0.8301,1,0,False,both_detected
botsort,video6/v06_20-24_f00000_t00.00_clear/gt001,video6/v06_20-24_f00000_t00.00_clear,1,video6,0,00000,00.00,clear,0,person,False,False,,,,,False,still_missed
botsort,video6/v06_20-24_f00000_t00.00_clear/gt002,video6/v06_20-24_f00000_t00.00_clear,2,video6,0,00000,00.00,clear,56,chair,False,False,,,,,False,still_missed
botsort,video6/v06_20-24_f00000_t00.00_clear/gt003,video6/v06_20-24_f00000_t00.00_clear,3,video6,0,00000,00.00,clear,57,couch,False,False,,,,,False,still_missed
botsort_persist_1,video6/v06_20-24_f00000_t00.00_clear/gt000,video6/v06_20-24_f00000_t00.00_clear,0,video6,0,00000,00.00,clear,0,person,True,True,0.8283,0.8283,,0,False,both_detected
botsort_persist_1,video6/v06_20-24_f00000_t00.00_clear/gt001,video6/v06_20-24_f00000_t00.00_clear,1,video6,0,00000,00.00,clear,0,person,False,False,,,,,False,still_missed
botsort_persist_1,video6/v06_20-24_f00000_t00.00_clear/gt002,video6/v06_20-24_f00000_t00.00_clear,2,video6,0,00000,00.00,clear,56,chair,False,False,,,,,False,still_missed
botsort_persist_1,video6/v06_20-24_f00000_t00.00_clear/gt003,video6/v06_20-24_f00000_t00.00_clear,3,video6,0,00000,00.00,clear,57,couch,False,False,,,,,False,still_missed
botsort_persist_3,video6/v06_20-24_f00000_t00.00_clear/gt000,video6/v06_20-24_f00000_t00.00_clear,0,video6,0,00000,00.00,clear,0,person,True,True,0.8283,0.8283,,0,False,both_detected
botsort_persist_3,video6/v06_20-24_f00000_t00.00_clear/gt001,video6/v06_20-24_f00000_t00.00_clear,1,video6,0,00000,00.00,clear,0,person,False,False,,,,,False,still_missed
botsort_persist_3,video6/v06_20-24_f00000_t00.00_clear/gt002,video6/v06_20-24_f00000_t00.00_clear,2,video6,0,00000,00.00,clear,56,chair,False,False,,,,,False,still_missed
botsort_persist_3,video6/v06_20-24_f00000_t00.00_clear/gt003,video6/v06_20-24_f00000_t00.00_clear,3,video6,0,00000,00.00,clear,57,couch,False,False,,,,,False,still_missed
botsort_persist_5,video6/v06_20-24_f00000_t00.00_clear/gt000,video6/v06_20-24_f00000_t00.00_clear,0,video6,0,00000,00.00,clear,0,person,True,True,0.8283,0.8283,,0,False,both_detected
botsort_persist_5,video6/v06_20-24_f00000_t00.00_clear/gt001,video6/v06_20-24_f00000_t00.00_clear,1,video6,0,00000,00.00,clear,0,person,False,False,,,,,False,still_missed
botsort_persist_5,video6/v06_20-24_f00000_t00.00_clear/gt002,video6/v06_20-24_f00000_t00.00_clear,2,video6,0,00000,00.00,clear,56,chair,False,False,,,,,False,still_missed
botsort_persist_5,video6/v06_20-24_f00000_t00.00_clear/gt003,video6/v06_20-24_f00000_t00.00_clear,3,video6,0,00000,00.00,clear,57,couch,False,False,,,,,False,still_missed
bytetrack,video6/v06_20-24_f00030_t01.00_clear/gt000,video6/v06_20-24_f00030_t01.00_clear,0,video6,30,00030,01.00,clear,0,person,True,True,0.7771,0.6545,1,0,False,both_detected
bytetrack,video6/v06_20-24_f00030_t01.00_clear/gt001,video6/v06_20-24_f00030_t01.00_clear,1,video6,30,00030,01.00,clear,0,person,False,False,,,,,False,still_missed
bytetrack_persist_1,video6/v06_20-24_f00030_t01.00_clear/gt000,video6/v06_20-24_f00030_t01.00_clear,0,video6,30,00030,01.00,clear,0,person,True,True,0.7771,0.7771,,0,False,both_detected
bytetrack_persist_1,video6/v06_20-24_f00030_t01.00_clear/gt001,video6/v06_20-24_f00030_t01.00_clear,1,video6,30,00030,01.00,clear,0,person,False,False,,,,,False,still_missed
bytetrack_persist_3,video6/v06_20-24_f00030_t01.00_clear/gt000,video6/v06_20-24_f00030_t01.00_clear,0,video6,30,00030,01.00,clear,0,person,True,True,0.7771,0.7771,,0,False,both_detected
bytetrack_persist_3,video6/v06_20-24_f00030_t01.00_clear/gt001,video6/v06_20-24_f00030_t01.00_clear,1,video6,30,00030,01.00,clear,0,person,False,False,,,,,False,still_missed
bytetrack_persist_5,video6/v06_20-24_f00030_t01.00_clear/gt000,video6/v06_20-24_f00030_t01.00_clear,0,video6,30,00030,01.00,clear,0,person,True,True,0.7771,0.7771,,0,False,both_detected
bytetrack_persist_5,video6/v06_20-24_f00030_t01.00_clear/gt001,video6/v06_20-24_f00030_t01.00_clear,1,video6,30,00030,01.00,clear,0,person,False,False,,,,,False,still_missed
botsort,video6/v06_20-24_f00030_t01.00_clear/gt000,video6/v06_20-24_f00030_t01.00_clear,0,video6,30,00030,01.00,clear,0,person,True,True,0.7771,0.6545,1,0,False,both_detected
botsort,video6/v06_20-24_f00030_t01.00_clear/gt001,video6/v06_20-24_f00030_t01.00_clear,1,video6,30,00030,01.00,clear,0,person,False,False,,,,,False,still_missed
botsort_persist_1,video6/v06_20-24_f00030_t01.00_clear/gt000,video6/v06_20-24_f00030_t01.00_clear,0,video6,30,00030,01.00,clear,0,person,True,True,0.7771,0.7771,,0,False,both_detected
botsort_persist_1,video6/v06_20-24_f00030_t01.00_clear/gt001,video6/v06_20-24_f00030_t01.00_clear,1,video6,30,00030,01.00,clear,0,person,False,False,,,,,False,still_missed
botsort_persist_3,video6/v06_20-24_f00030_t01.00_clear/gt000,video6/v06_20-24_f00030_t01.00_clear,0,video6,30,00030,01.00,clear,0,person,True,True,0.7771,0.7771,,0,False,both_detected
botsort_persist_3,video6/v06_20-24_f00030_t01.00_clear/gt001,video6/v06_20-24_f00030_t01.00_clear,1,video6,30,00030,01.00,clear,0,person,False,False,,,,,False,still_missed
botsort_persist_5,video6/v06_20-24_f00030_t01.00_clear/gt000,video6/v06_20-24_f00030_t01.00_clear,0,video6,30,00030,01.00,clear,0,person,True,True,0.7771,0.7771,,0,False,both_detected
botsort_persist_5,video6/v06_20-24_f00030_t01.00_clear/gt001,video6/v06_20-24_f00030_t01.00_clear,1,video6,30,00030,01.00,clear,0,person,False,False,,,,,False,still_missed
bytetrack,video6/v06_20-24_f00123_t04.10_moderate_blur/gt000,video6/v06_20-24_f00123_t04.10_moderate_blur,0,video6,123,00123,04.10,moderate_blur,0,person,True,True,0.7565,0.7174,9,0,False,both_detected
bytetrack,video6/v06_20-24_f00123_t04.10_moderate_blur/gt001,video6/v06_20-24_f00123_t04.10_moderate_blur,1,video6,123,00123,04.10,moderate_blur,0,person,True,False,0.2491,,,,False,lost
bytetrack_persist_1,video6/v06_20-24_f00123_t04.10_moderate_blur/gt000,video6/v06_20-24_f00123_t04.10_moderate_blur,0,video6,123,00123,04.10,moderate_blur,0,person,True,True,0.7565,0.7565,,0,False,both_detected
bytetrack_persist_1,video6/v06_20-24_f00123_t04.10_moderate_blur/gt001,video6/v06_20-24_f00123_t04.10_moderate_blur,1,video6,123,00123,04.10,moderate_blur,0,person,True,True,0.2491,0.2491,,0,False,both_detected
bytetrack_persist_3,video6/v06_20-24_f00123_t04.10_moderate_blur/gt000,video6/v06_20-24_f00123_t04.10_moderate_blur,0,video6,123,00123,04.10,moderate_blur,0,person,True,True,0.7565,0.7565,,0,False,both_detected
bytetrack_persist_3,video6/v06_20-24_f00123_t04.10_moderate_blur/gt001,video6/v06_20-24_f00123_t04.10_moderate_blur,1,video6,123,00123,04.10,moderate_blur,0,person,True,True,0.2491,0.2491,,0,False,both_detected
bytetrack_persist_5,video6/v06_20-24_f00123_t04.10_moderate_blur/gt000,video6/v06_20-24_f00123_t04.10_moderate_blur,0,video6,123,00123,04.10,moderate_blur,0,person,True,True,0.7565,0.7565,,0,False,both_detected
bytetrack_persist_5,video6/v06_20-24_f00123_t04.10_moderate_blur/gt001,video6/v06_20-24_f00123_t04.10_moderate_blur,1,video6,123,00123,04.10,moderate_blur,0,person,True,True,0.2491,0.2491,,0,False,both_detected
botsort,video6/v06_20-24_f00123_t04.10_moderate_blur/gt000,video6/v06_20-24_f00123_t04.10_moderate_blur,0,video6,123,00123,04.10,moderate_blur,0,person,True,True,0.7565,0.7174,17,0,False,both_detected
botsort,video6/v06_20-24_f00123_t04.10_moderate_blur/gt001,video6/v06_20-24_f00123_t04.10_moderate_blur,1,video6,123,00123,04.10,moderate_blur,0,person,True,False,0.2491,,,,False,lost
botsort_persist_1,video6/v06_20-24_f00123_t04.10_moderate_blur/gt000,video6/v06_20-24_f00123_t04.10_moderate_blur,0,video6,123,00123,04.10,moderate_blur,0,person,True,True,0.7565,0.7565,,0,False,both_detected
botsort_persist_1,video6/v06_20-24_f00123_t04.10_moderate_blur/gt001,video6/v06_20-24_f00123_t04.10_moderate_blur,1,video6,123,00123,04.10,moderate_blur,0,person,True,True,0.2491,0.2491,,0,False,both_detected
botsort_persist_3,video6/v06_20-24_f00123_t04.10_moderate_blur/gt000,video6/v06_20-24_f00123_t04.10_moderate_blur,0,video6,123,00123,04.10,moderate_blur,0,person,True,True,0.7565,0.7565,,0,False,both_detected
botsort_persist_3,video6/v06_20-24_f00123_t04.10_moderate_blur/gt001,video6/v06_20-24_f00123_t04.10_moderate_blur,1,video6,123,00123,04.10,moderate_blur,0,person,True,True,0.2491,0.2491,,0,False,both_detected
botsort_persist_5,video6/v06_20-24_f00123_t04.10_moderate_blur/gt000,video6/v06_20-24_f00123_t04.10_moderate_blur,0,video6,123,00123,04.10,moderate_blur,0,person,True,True,0.7565,0.7565,,0,False,both_detected
botsort_persist_5,video6/v06_20-24_f00123_t04.10_moderate_blur/gt001,video6/v06_20-24_f00123_t04.10_moderate_blur,1,video6,123,00123,04.10,moderate_blur,0,person,True,True,0.2491,0.2491,,0,False,both_detected
bytetrack,video6/v06_20-24_f00154_t05.13_moderate_blur/gt000,video6/v06_20-24_f00154_t05.13_moderate_blur,0,video6,154,00154,05.13,moderate_blur,0,person,True,True,0.3181,0.2784,31,0,False,both_detected
bytetrack,video6/v06_20-24_f00154_t05.13_moderate_blur/gt001,video6/v06_20-24_f00154_t05.13_moderate_blur,1,video6,154,00154,05.13,moderate_blur,0,person,True,False,0.243,,,,False,lost
bytetrack,video6/v06_20-24_f00154_t05.13_moderate_blur/gt002,video6/v06_20-24_f00154_t05.13_moderate_blur,2,video6,154,00154,05.13,moderate_blur,0,person,True,False,0.1942,,,,False,lost
bytetrack,video6/v06_20-24_f00154_t05.13_moderate_blur/gt003,video6/v06_20-24_f00154_t05.13_moderate_blur,3,video6,154,00154,05.13,moderate_blur,0,person,False,False,,,,,False,still_missed
bytetrack_persist_1,video6/v06_20-24_f00154_t05.13_moderate_blur/gt000,video6/v06_20-24_f00154_t05.13_moderate_blur,0,video6,154,00154,05.13,moderate_blur,0,person,True,True,0.3181,0.3181,,0,False,both_detected
bytetrack_persist_1,video6/v06_20-24_f00154_t05.13_moderate_blur/gt001,video6/v06_20-24_f00154_t05.13_moderate_blur,1,video6,154,00154,05.13,moderate_blur,0,person,True,True,0.243,0.243,,0,False,both_detected
bytetrack_persist_1,video6/v06_20-24_f00154_t05.13_moderate_blur/gt002,video6/v06_20-24_f00154_t05.13_moderate_blur,2,video6,154,00154,05.13,moderate_blur,0,person,True,True,0.1942,0.1942,,0,False,both_detected
bytetrack_persist_1,video6/v06_20-24_f00154_t05.13_moderate_blur/gt003,video6/v06_20-24_f00154_t05.13_moderate_blur,3,video6,154,00154,05.13,moderate_blur,0,person,False,False,,,,,False,still_missed
bytetrack_persist_3,video6/v06_20-24_f00154_t05.13_moderate_blur/gt000,video6/v06_20-24_f00154_t05.13_moderate_blur,0,video6,154,00154,05.13,moderate_blur,0,person,True,True,0.3181,0.3181,,0,False,both_detected
bytetrack_persist_3,video6/v06_20-24_f00154_t05.13_moderate_blur/gt001,video6/v06_20-24_f00154_t05.13_moderate_blur,1,video6,154,00154,05.13,moderate_blur,0,person,True,True,0.243,0.243,,0,False,both_detected
bytetrack_persist_3,video6/v06_20-24_f00154_t05.13_moderate_blur/gt002,video6/v06_20-24_f00154_t05.13_moderate_blur,2,video6,154,00154,05.13,moderate_blur,0,person,True,True,0.1942,0.1942,,0,False,both_detected
bytetrack_persist_3,video6/v06_20-24_f00154_t05.13_moderate_blur/gt003,video6/v06_20-24_f00154_t05.13_moderate_blur,3,video6,154,00154,05.13,moderate_blur,0,person,False,False,,,,,False,still_missed
bytetrack_persist_5,video6/v06_20-24_f00154_t05.13_moderate_blur/gt000,video6/v06_20-24_f00154_t05.13_moderate_blur,0,video6,154,00154,05.13,moderate_blur,0,person,True,True,0.3181,0.3181,,0,False,both_detected
bytetrack_persist_5,video6/v06_20-24_f00154_t05.13_moderate_blur/gt001,video6/v06_20-24_f00154_t05.13_moderate_blur,1,video6,154,00154,05.13,moderate_blur,0,person,True,True,0.243,0.243,,0,False,both_detected
bytetrack_persist_5,video6/v06_20-24_f00154_t05.13_moderate_blur/gt002,video6/v06_20-24_f00154_t05.13_moderate_blur,2,video6,154,00154,05.13,moderate_blur,0,person,True,True,0.1942,0.1942,,0,False,both_detected
bytetrack_persist_5,video6/v06_20-24_f00154_t05.13_moderate_blur/gt003,video6/v06_20-24_f00154_t05.13_moderate_blur,3,video6,154,00154,05.13,moderate_blur,0,person,False,False,,,,,False,still_missed
botsort,video6/v06_20-24_f00154_t05.13_moderate_blur/gt000,video6/v06_20-24_f00154_t05.13_moderate_blur,0,video6,154,00154,05.13,moderate_blur,0,person,True,True,0.3181,0.2784,26,0,False,both_detected
botsort,video6/v06_20-24_f00154_t05.13_moderate_blur/gt001,video6/v06_20-24_f00154_t05.13_moderate_blur,1,video6,154,00154,05.13,moderate_blur,0,person,True,False,0.243,,,,False,lost
botsort,video6/v06_20-24_f00154_t05.13_moderate_blur/gt002,video6/v06_20-24_f00154_t05.13_moderate_blur,2,video6,154,00154,05.13,moderate_blur,0,person,True,False,0.1942,,,,False,lost
botsort,video6/v06_20-24_f00154_t05.13_moderate_blur/gt003,video6/v06_20-24_f00154_t05.13_moderate_blur,3,video6,154,00154,05.13,moderate_blur,0,person,False,False,,,,,False,still_missed
botsort_persist_1,video6/v06_20-24_f00154_t05.13_moderate_blur/gt000,video6/v06_20-24_f00154_t05.13_moderate_blur,0,video6,154,00154,05.13,moderate_blur,0,person,True,True,0.3181,0.3181,,0,False,both_detected
botsort_persist_1,video6/v06_20-24_f00154_t05.13_moderate_blur/gt001,video6/v06_20-24_f00154_t05.13_moderate_blur,1,video6,154,00154,05.13,moderate_blur,0,person,True,True,0.243,0.243,,0,False,both_detected
botsort_persist_1,video6/v06_20-24_f00154_t05.13_moderate_blur/gt002,video6/v06_20-24_f00154_t05.13_moderate_blur,2,video6,154,00154,05.13,moderate_blur,0,person,True,True,0.1942,0.1942,,0,False,both_detected
botsort_persist_1,video6/v06_20-24_f00154_t05.13_moderate_blur/gt003,video6/v06_20-24_f00154_t05.13_moderate_blur,3,video6,154,00154,05.13,moderate_blur,0,person,False,False,,,,,False,still_missed
botsort_persist_3,video6/v06_20-24_f00154_t05.13_moderate_blur/gt000,video6/v06_20-24_f00154_t05.13_moderate_blur,0,video6,154,00154,05.13,moderate_blur,0,person,True,True,0.3181,0.3181,,0,False,both_detected
botsort_persist_3,video6/v06_20-24_f00154_t05.13_moderate_blur/gt001,video6/v06_20-24_f00154_t05.13_moderate_blur,1,video6,154,00154,05.13,moderate_blur,0,person,True,True,0.243,0.243,,0,False,both_detected
botsort_persist_3,video6/v06_20-24_f00154_t05.13_moderate_blur/gt002,video6/v06_20-24_f00154_t05.13_moderate_blur,2,video6,154,00154,05.13,moderate_blur,0,person,True,True,0.1942,0.1942,,0,False,both_detected
botsort_persist_3,video6/v06_20-24_f00154_t05.13_moderate_blur/gt003,video6/v06_20-24_f00154_t05.13_moderate_blur,3,video6,154,00154,05.13,moderate_blur,0,person,False,False,,,,,False,still_missed
botsort_persist_5,video6/v06_20-24_f00154_t05.13_moderate_blur/gt000,video6/v06_20-24_f00154_t05.13_moderate_blur,0,video6,154,00154,05.13,moderate_blur,0,person,True,True,0.3181,0.3181,,0,False,both_detected
botsort_persist_5,video6/v06_20-24_f00154_t05.13_moderate_blur/gt001,video6/v06_20-24_f00154_t05.13_moderate_blur,1,video6,154,00154,05.13,moderate_blur,0,person,True,True,0.243,0.243,,0,False,both_detected
botsort_persist_5,video6/v06_20-24_f00154_t05.13_moderate_blur/gt002,video6/v06_20-24_f00154_t05.13_moderate_blur,2,video6,154,00154,05.13,moderate_blur,0,person,True,True,0.1942,0.1942,,0,False,both_detected
botsort_persist_5,video6/v06_20-24_f00154_t05.13_moderate_blur/gt003,video6/v06_20-24_f00154_t05.13_moderate_blur,3,video6,154,00154,05.13,moderate_blur,0,person,False,False,,,,,False,still_missed
bytetrack,video6/v06_20-24_f00184_t06.13_severe_blur/gt000,video6/v06_20-24_f00184_t06.13_severe_blur,0,video6,184,00184,06.13,severe_blur,0,person,True,True,0.6011,0.4176,38,0,False,both_detected
bytetrack_persist_1,video6/v06_20-24_f00184_t06.13_severe_blur/gt000,video6/v06_20-24_f00184_t06.13_severe_blur,0,video6,184,00184,06.13,severe_blur,0,person,True,True,0.6011,0.6011,,0,False,both_detected
bytetrack_persist_3,video6/v06_20-24_f00184_t06.13_severe_blur/gt000,video6/v06_20-24_f00184_t06.13_severe_blur,0,video6,184,00184,06.13,severe_blur,0,person,True,True,0.6011,0.6011,,0,False,both_detected
bytetrack_persist_5,video6/v06_20-24_f00184_t06.13_severe_blur/gt000,video6/v06_20-24_f00184_t06.13_severe_blur,0,video6,184,00184,06.13,severe_blur,0,person,True,True,0.6011,0.6011,,0,False,both_detected
botsort,video6/v06_20-24_f00184_t06.13_severe_blur/gt000,video6/v06_20-24_f00184_t06.13_severe_blur,0,video6,184,00184,06.13,severe_blur,0,person,True,True,0.6011,0.4176,30,0,False,both_detected
botsort_persist_1,video6/v06_20-24_f00184_t06.13_severe_blur/gt000,video6/v06_20-24_f00184_t06.13_severe_blur,0,video6,184,00184,06.13,severe_blur,0,person,True,True,0.6011,0.6011,,0,False,both_detected
botsort_persist_3,video6/v06_20-24_f00184_t06.13_severe_blur/gt000,video6/v06_20-24_f00184_t06.13_severe_blur,0,video6,184,00184,06.13,severe_blur,0,person,True,True,0.6011,0.6011,,0,False,both_detected
botsort_persist_5,video6/v06_20-24_f00184_t06.13_severe_blur/gt000,video6/v06_20-24_f00184_t06.13_severe_blur,0,video6,184,00184,06.13,severe_blur,0,person,True,True,0.6011,0.6011,,0,False,both_detected
bytetrack,video6/v06_20-24_f00215_t07.17_severe_blur/gt000,video6/v06_20-24_f00215_t07.17_severe_blur,0,video6,215,00215,07.17,severe_blur,0,person,True,False,0.4897,,,,False,lost
bytetrack,video6/v06_20-24_f00215_t07.17_severe_blur/gt001,video6/v06_20-24_f00215_t07.17_severe_blur,1,video6,215,00215,07.17,severe_blur,0,person,False,True,,0.184,40,0,False,rescued
bytetrack,video6/v06_20-24_f00215_t07.17_severe_blur/gt002,video6/v06_20-24_f00215_t07.17_severe_blur,2,video6,215,00215,07.17,severe_blur,0,person,False,False,,,,,False,still_missed
bytetrack,video6/v06_20-24_f00215_t07.17_severe_blur/gt003,video6/v06_20-24_f00215_t07.17_severe_blur,3,video6,215,00215,07.17,severe_blur,0,person,False,False,,,,,False,still_missed
bytetrack,video6/v06_20-24_f00215_t07.17_severe_blur/gt004,video6/v06_20-24_f00215_t07.17_severe_blur,4,video6,215,00215,07.17,severe_blur,0,person,False,False,,,,,False,still_missed
bytetrack_persist_1,video6/v06_20-24_f00215_t07.17_severe_blur/gt000,video6/v06_20-24_f00215_t07.17_severe_blur,0,video6,215,00215,07.17,severe_blur,0,person,True,True,0.4897,0.4897,,0,False,both_detected
bytetrack_persist_1,video6/v06_20-24_f00215_t07.17_severe_blur/gt001,video6/v06_20-24_f00215_t07.17_severe_blur,1,video6,215,00215,07.17,severe_blur,0,person,False,False,,,,,False,still_missed
bytetrack_persist_1,video6/v06_20-24_f00215_t07.17_severe_blur/gt002,video6/v06_20-24_f00215_t07.17_severe_blur,2,video6,215,00215,07.17,severe_blur,0,person,False,False,,,,,False,still_missed
bytetrack_persist_1,video6/v06_20-24_f00215_t07.17_severe_blur/gt003,video6/v06_20-24_f00215_t07.17_severe_blur,3,video6,215,00215,07.17,severe_blur,0,person,False,False,,,,,False,still_missed
bytetrack_persist_1,video6/v06_20-24_f00215_t07.17_severe_blur/gt004,video6/v06_20-24_f00215_t07.17_severe_blur,4,video6,215,00215,07.17,severe_blur,0,person,False,False,,,,,False,still_missed
bytetrack_persist_3,video6/v06_20-24_f00215_t07.17_severe_blur/gt000,video6/v06_20-24_f00215_t07.17_severe_blur,0,video6,215,00215,07.17,severe_blur,0,person,True,True,0.4897,0.4897,,0,False,both_detected
bytetrack_persist_3,video6/v06_20-24_f00215_t07.17_severe_blur/gt001,video6/v06_20-24_f00215_t07.17_severe_blur,1,video6,215,00215,07.17,severe_blur,0,person,False,False,,,,,False,still_missed
bytetrack_persist_3,video6/v06_20-24_f00215_t07.17_severe_blur/gt002,video6/v06_20-24_f00215_t07.17_severe_blur,2,video6,215,00215,07.17,severe_blur,0,person,False,False,,,,,False,still_missed
bytetrack_persist_3,video6/v06_20-24_f00215_t07.17_severe_blur/gt003,video6/v06_20-24_f00215_t07.17_severe_blur,3,video6,215,00215,07.17,severe_blur,0,person,False,False,,,,,False,still_missed
bytetrack_persist_3,video6/v06_20-24_f00215_t07.17_severe_blur/gt004,video6/v06_20-24_f00215_t07.17_severe_blur,4,video6,215,00215,07.17,severe_blur,0,person,False,False,,,,,False,still_missed
bytetrack_persist_5,video6/v06_20-24_f00215_t07.17_severe_blur/gt000,video6/v06_20-24_f00215_t07.17_severe_blur,0,video6,215,00215,07.17,severe_blur,0,person,True,True,0.4897,0.4897,,0,False,both_detected
bytetrack_persist_5,video6/v06_20-24_f00215_t07.17_severe_blur/gt001,video6/v06_20-24_f00215_t07.17_severe_blur,1,video6,215,00215,07.17,severe_blur,0,person,False,False,,,,,False,still_missed
bytetrack_persist_5,video6/v06_20-24_f00215_t07.17_severe_blur/gt002,video6/v06_20-24_f00215_t07.17_severe_blur,2,video6,215,00215,07.17,severe_blur,0,person,False,False,,,,,False,still_missed
bytetrack_persist_5,video6/v06_20-24_f00215_t07.17_severe_blur/gt003,video6/v06_20-24_f00215_t07.17_severe_blur,3,video6,215,00215,07.17,severe_blur,0,person,False,False,,,,,False,still_missed
bytetrack_persist_5,video6/v06_20-24_f00215_t07.17_severe_blur/gt004,video6/v06_20-24_f00215_t07.17_severe_blur,4,video6,215,00215,07.17,severe_blur,0,person,False,False,,,,,False,still_missed
botsort,video6/v06_20-24_f00215_t07.17_severe_blur/gt000,video6/v06_20-24_f00215_t07.17_severe_blur,0,video6,215,00215,07.17,severe_blur,0,person,True,False,0.4897,,,,False,lost
botsort,video6/v06_20-24_f00215_t07.17_severe_blur/gt001,video6/v06_20-24_f00215_t07.17_severe_blur,1,video6,215,00215,07.17,severe_blur,0,person,False,True,,0.184,31,0,False,rescued
botsort,video6/v06_20-24_f00215_t07.17_severe_blur/gt002,video6/v06_20-24_f00215_t07.17_severe_blur,2,video6,215,00215,07.17,severe_blur,0,person,False,False,,,,,False,still_missed
botsort,video6/v06_20-24_f00215_t07.17_severe_blur/gt003,video6/v06_20-24_f00215_t07.17_severe_blur,3,video6,215,00215,07.17,severe_blur,0,person,False,False,,,,,False,still_missed
botsort,video6/v06_20-24_f00215_t07.17_severe_blur/gt004,video6/v06_20-24_f00215_t07.17_severe_blur,4,video6,215,00215,07.17,severe_blur,0,person,False,False,,,,,False,still_missed
botsort_persist_1,video6/v06_20-24_f00215_t07.17_severe_blur/gt000,video6/v06_20-24_f00215_t07.17_severe_blur,0,video6,215,00215,07.17,severe_blur,0,person,True,True,0.4897,0.4897,,0,False,both_detected
botsort_persist_1,video6/v06_20-24_f00215_t07.17_severe_blur/gt001,video6/v06_20-24_f00215_t07.17_severe_blur,1,video6,215,00215,07.17,severe_blur,0,person,False,False,,,,,False,still_missed
botsort_persist_1,video6/v06_20-24_f00215_t07.17_severe_blur/gt002,video6/v06_20-24_f00215_t07.17_severe_blur,2,video6,215,00215,07.17,severe_blur,0,person,False,False,,,,,False,still_missed
botsort_persist_1,video6/v06_20-24_f00215_t07.17_severe_blur/gt003,video6/v06_20-24_f00215_t07.17_severe_blur,3,video6,215,00215,07.17,severe_blur,0,person,False,False,,,,,False,still_missed
botsort_persist_1,video6/v06_20-24_f00215_t07.17_severe_blur/gt004,video6/v06_20-24_f00215_t07.17_severe_blur,4,video6,215,00215,07.17,severe_blur,0,person,False,False,,,,,False,still_missed
botsort_persist_3,video6/v06_20-24_f00215_t07.17_severe_blur/gt000,video6/v06_20-24_f00215_t07.17_severe_blur,0,video6,215,00215,07.17,severe_blur,0,person,True,True,0.4897,0.4897,,0,False,both_detected
botsort_persist_3,video6/v06_20-24_f00215_t07.17_severe_blur/gt001,video6/v06_20-24_f00215_t07.17_severe_blur,1,video6,215,00215,07.17,severe_blur,0,person,False,False,,,,,False,still_missed
botsort_persist_3,video6/v06_20-24_f00215_t07.17_severe_blur/gt002,video6/v06_20-24_f00215_t07.17_severe_blur,2,video6,215,00215,07.17,severe_blur,0,person,False,False,,,,,False,still_missed
botsort_persist_3,video6/v06_20-24_f00215_t07.17_severe_blur/gt003,video6/v06_20-24_f00215_t07.17_severe_blur,3,video6,215,00215,07.17,severe_blur,0,person,False,False,,,,,False,still_missed
botsort_persist_3,video6/v06_20-24_f00215_t07.17_severe_blur/gt004,video6/v06_20-24_f00215_t07.17_severe_blur,4,video6,215,00215,07.17,severe_blur,0,person,False,False,,,,,False,still_missed
botsort_persist_5,video6/v06_20-24_f00215_t07.17_severe_blur/gt000,video6/v06_20-24_f00215_t07.17_severe_blur,0,video6,215,00215,07.17,severe_blur,0,person,True,True,0.4897,0.4897,,0,False,both_detected
botsort_persist_5,video6/v06_20-24_f00215_t07.17_severe_blur/gt001,video6/v06_20-24_f00215_t07.17_severe_blur,1,video6,215,00215,07.17,severe_blur,0,person,False,False,,,,,False,still_missed
botsort_persist_5,video6/v06_20-24_f00215_t07.17_severe_blur/gt002,video6/v06_20-24_f00215_t07.17_severe_blur,2,video6,215,00215,07.17,severe_blur,0,person,False,False,,,,,False,still_missed
botsort_persist_5,video6/v06_20-24_f00215_t07.17_severe_blur/gt003,video6/v06_20-24_f00215_t07.17_severe_blur,3,video6,215,00215,07.17,severe_blur,0,person,False,False,,,,,False,still_missed
botsort_persist_5,video6/v06_20-24_f00215_t07.17_severe_blur/gt004,video6/v06_20-24_f00215_t07.17_severe_blur,4,video6,215,00215,07.17,severe_blur,0,person,False,False,,,,,False,still_missed
bytetrack,video6/v06_20-24_f00277_t09.23_moderate_blur/gt000,video6/v06_20-24_f00277_t09.23_moderate_blur,0,video6,277,00277,09.23,moderate_blur,56,chair,True,True,0.2738,0.2027,45,0,False,both_detected
bytetrack,video6/v06_20-24_f00277_t09.23_moderate_blur/gt001,video6/v06_20-24_f00277_t09.23_moderate_blur,1,video6,277,00277,09.23,moderate_blur,56,chair,True,False,0.1851,,,,False,lost
bytetrack,video6/v06_20-24_f00277_t09.23_moderate_blur/gt002,video6/v06_20-24_f00277_t09.23_moderate_blur,2,video6,277,00277,09.23,moderate_blur,56,chair,True,False,0.1769,,,,False,lost
bytetrack,video6/v06_20-24_f00277_t09.23_moderate_blur/gt003,video6/v06_20-24_f00277_t09.23_moderate_blur,3,video6,277,00277,09.23,moderate_blur,56,chair,False,False,,,,,False,still_missed
bytetrack,video6/v06_20-24_f00277_t09.23_moderate_blur/gt004,video6/v06_20-24_f00277_t09.23_moderate_blur,4,video6,277,00277,09.23,moderate_blur,56,chair,False,True,,0.2065,46,0,False,rescued
bytetrack,video6/v06_20-24_f00277_t09.23_moderate_blur/gt005,video6/v06_20-24_f00277_t09.23_moderate_blur,5,video6,277,00277,09.23,moderate_blur,56,chair,False,False,,,,,False,still_missed
bytetrack,video6/v06_20-24_f00277_t09.23_moderate_blur/gt006,video6/v06_20-24_f00277_t09.23_moderate_blur,6,video6,277,00277,09.23,moderate_blur,56,chair,False,False,,,,,False,still_missed
bytetrack_persist_1,video6/v06_20-24_f00277_t09.23_moderate_blur/gt000,video6/v06_20-24_f00277_t09.23_moderate_blur,0,video6,277,00277,09.23,moderate_blur,56,chair,True,True,0.2738,0.2738,,0,False,both_detected
bytetrack_persist_1,video6/v06_20-24_f00277_t09.23_moderate_blur/gt001,video6/v06_20-24_f00277_t09.23_moderate_blur,1,video6,277,00277,09.23,moderate_blur,56,chair,True,True,0.1851,0.1851,,0,False,both_detected
bytetrack_persist_1,video6/v06_20-24_f00277_t09.23_moderate_blur/gt002,video6/v06_20-24_f00277_t09.23_moderate_blur,2,video6,277,00277,09.23,moderate_blur,56,chair,True,True,0.1769,0.1769,,0,False,both_detected
bytetrack_persist_1,video6/v06_20-24_f00277_t09.23_moderate_blur/gt003,video6/v06_20-24_f00277_t09.23_moderate_blur,3,video6,277,00277,09.23,moderate_blur,56,chair,False,False,,,,,False,still_missed
bytetrack_persist_1,video6/v06_20-24_f00277_t09.23_moderate_blur/gt004,video6/v06_20-24_f00277_t09.23_moderate_blur,4,video6,277,00277,09.23,moderate_blur,56,chair,False,False,,,,,False,still_missed
bytetrack_persist_1,video6/v06_20-24_f00277_t09.23_moderate_blur/gt005,video6/v06_20-24_f00277_t09.23_moderate_blur,5,video6,277,00277,09.23,moderate_blur,56,chair,False,False,,,,,False,still_missed
bytetrack_persist_1,video6/v06_20-24_f00277_t09.23_moderate_blur/gt006,video6/v06_20-24_f00277_t09.23_moderate_blur,6,video6,277,00277,09.23,moderate_blur,56,chair,False,False,,,,,False,still_missed
bytetrack_persist_3,video6/v06_20-24_f00277_t09.23_moderate_blur/gt000,video6/v06_20-24_f00277_t09.23_moderate_blur,0,video6,277,00277,09.23,moderate_blur,56,chair,True,True,0.2738,0.2738,,0,False,both_detected
bytetrack_persist_3,video6/v06_20-24_f00277_t09.23_moderate_blur/gt001,video6/v06_20-24_f00277_t09.23_moderate_blur,1,video6,277,00277,09.23,moderate_blur,56,chair,True,True,0.1851,0.1851,,0,False,both_detected
bytetrack_persist_3,video6/v06_20-24_f00277_t09.23_moderate_blur/gt002,video6/v06_20-24_f00277_t09.23_moderate_blur,2,video6,277,00277,09.23,moderate_blur,56,chair,True,True,0.1769,0.1769,,0,False,both_detected
bytetrack_persist_3,video6/v06_20-24_f00277_t09.23_moderate_blur/gt003,video6/v06_20-24_f00277_t09.23_moderate_blur,3,video6,277,00277,09.23,moderate_blur,56,chair,False,False,,,,,False,still_missed
bytetrack_persist_3,video6/v06_20-24_f00277_t09.23_moderate_blur/gt004,video6/v06_20-24_f00277_t09.23_moderate_blur,4,video6,277,00277,09.23,moderate_blur,56,chair,False,False,,,,,False,still_missed
bytetrack_persist_3,video6/v06_20-24_f00277_t09.23_moderate_blur/gt005,video6/v06_20-24_f00277_t09.23_moderate_blur,5,video6,277,00277,09.23,moderate_blur,56,chair,False,False,,,,,False,still_missed
bytetrack_persist_3,video6/v06_20-24_f00277_t09.23_moderate_blur/gt006,video6/v06_20-24_f00277_t09.23_moderate_blur,6,video6,277,00277,09.23,moderate_blur,56,chair,False,False,,,,,False,still_missed
bytetrack_persist_5,video6/v06_20-24_f00277_t09.23_moderate_blur/gt000,video6/v06_20-24_f00277_t09.23_moderate_blur,0,video6,277,00277,09.23,moderate_blur,56,chair,True,True,0.2738,0.2738,,0,False,both_detected
bytetrack_persist_5,video6/v06_20-24_f00277_t09.23_moderate_blur/gt001,video6/v06_20-24_f00277_t09.23_moderate_blur,1,video6,277,00277,09.23,moderate_blur,56,chair,True,True,0.1851,0.1851,,0,False,both_detected
bytetrack_persist_5,video6/v06_20-24_f00277_t09.23_moderate_blur/gt002,video6/v06_20-24_f00277_t09.23_moderate_blur,2,video6,277,00277,09.23,moderate_blur,56,chair,True,True,0.1769,0.1769,,0,False,both_detected
bytetrack_persist_5,video6/v06_20-24_f00277_t09.23_moderate_blur/gt003,video6/v06_20-24_f00277_t09.23_moderate_blur,3,video6,277,00277,09.23,moderate_blur,56,chair,False,False,,,,,False,still_missed
bytetrack_persist_5,video6/v06_20-24_f00277_t09.23_moderate_blur/gt004,video6/v06_20-24_f00277_t09.23_moderate_blur,4,video6,277,00277,09.23,moderate_blur,56,chair,False,False,,,,,False,still_missed
bytetrack_persist_5,video6/v06_20-24_f00277_t09.23_moderate_blur/gt005,video6/v06_20-24_f00277_t09.23_moderate_blur,5,video6,277,00277,09.23,moderate_blur,56,chair,False,False,,,,,False,still_missed
bytetrack_persist_5,video6/v06_20-24_f00277_t09.23_moderate_blur/gt006,video6/v06_20-24_f00277_t09.23_moderate_blur,6,video6,277,00277,09.23,moderate_blur,56,chair,False,False,,,,,False,still_missed
botsort,video6/v06_20-24_f00277_t09.23_moderate_blur/gt000,video6/v06_20-24_f00277_t09.23_moderate_blur,0,video6,277,00277,09.23,moderate_blur,56,chair,True,True,0.2738,0.2027,36,0,False,both_detected
botsort,video6/v06_20-24_f00277_t09.23_moderate_blur/gt001,video6/v06_20-24_f00277_t09.23_moderate_blur,1,video6,277,00277,09.23,moderate_blur,56,chair,True,False,0.1851,,,,False,lost
botsort,video6/v06_20-24_f00277_t09.23_moderate_blur/gt002,video6/v06_20-24_f00277_t09.23_moderate_blur,2,video6,277,00277,09.23,moderate_blur,56,chair,True,True,0.1769,0.2065,37,0,False,both_detected
botsort,video6/v06_20-24_f00277_t09.23_moderate_blur/gt003,video6/v06_20-24_f00277_t09.23_moderate_blur,3,video6,277,00277,09.23,moderate_blur,56,chair,False,False,,,,,False,still_missed
botsort,video6/v06_20-24_f00277_t09.23_moderate_blur/gt004,video6/v06_20-24_f00277_t09.23_moderate_blur,4,video6,277,00277,09.23,moderate_blur,56,chair,False,False,,,,,False,still_missed
botsort,video6/v06_20-24_f00277_t09.23_moderate_blur/gt005,video6/v06_20-24_f00277_t09.23_moderate_blur,5,video6,277,00277,09.23,moderate_blur,56,chair,False,False,,,,,False,still_missed
botsort,video6/v06_20-24_f00277_t09.23_moderate_blur/gt006,video6/v06_20-24_f00277_t09.23_moderate_blur,6,video6,277,00277,09.23,moderate_blur,56,chair,False,False,,,,,False,still_missed
botsort_persist_1,video6/v06_20-24_f00277_t09.23_moderate_blur/gt000,video6/v06_20-24_f00277_t09.23_moderate_blur,0,video6,277,00277,09.23,moderate_blur,56,chair,True,True,0.2738,0.2738,,0,False,both_detected
botsort_persist_1,video6/v06_20-24_f00277_t09.23_moderate_blur/gt001,video6/v06_20-24_f00277_t09.23_moderate_blur,1,video6,277,00277,09.23,moderate_blur,56,chair,True,True,0.1851,0.1851,,0,False,both_detected
botsort_persist_1,video6/v06_20-24_f00277_t09.23_moderate_blur/gt002,video6/v06_20-24_f00277_t09.23_moderate_blur,2,video6,277,00277,09.23,moderate_blur,56,chair,True,True,0.1769,0.1769,,0,False,both_detected
botsort_persist_1,video6/v06_20-24_f00277_t09.23_moderate_blur/gt003,video6/v06_20-24_f00277_t09.23_moderate_blur,3,video6,277,00277,09.23,moderate_blur,56,chair,False,False,,,,,False,still_missed
botsort_persist_1,video6/v06_20-24_f00277_t09.23_moderate_blur/gt004,video6/v06_20-24_f00277_t09.23_moderate_blur,4,video6,277,00277,09.23,moderate_blur,56,chair,False,False,,,,,False,still_missed
botsort_persist_1,video6/v06_20-24_f00277_t09.23_moderate_blur/gt005,video6/v06_20-24_f00277_t09.23_moderate_blur,5,video6,277,00277,09.23,moderate_blur,56,chair,False,False,,,,,False,still_missed
botsort_persist_1,video6/v06_20-24_f00277_t09.23_moderate_blur/gt006,video6/v06_20-24_f00277_t09.23_moderate_blur,6,video6,277,00277,09.23,moderate_blur,56,chair,False,False,,,,,False,still_missed
botsort_persist_3,video6/v06_20-24_f00277_t09.23_moderate_blur/gt000,video6/v06_20-24_f00277_t09.23_moderate_blur,0,video6,277,00277,09.23,moderate_blur,56,chair,True,True,0.2738,0.2738,,0,False,both_detected
botsort_persist_3,video6/v06_20-24_f00277_t09.23_moderate_blur/gt001,video6/v06_20-24_f00277_t09.23_moderate_blur,1,video6,277,00277,09.23,moderate_blur,56,chair,True,True,0.1851,0.1851,,0,False,both_detected
botsort_persist_3,video6/v06_20-24_f00277_t09.23_moderate_blur/gt002,video6/v06_20-24_f00277_t09.23_moderate_blur,2,video6,277,00277,09.23,moderate_blur,56,chair,True,True,0.1769,0.1769,,0,False,both_detected
botsort_persist_3,video6/v06_20-24_f00277_t09.23_moderate_blur/gt003,video6/v06_20-24_f00277_t09.23_moderate_blur,3,video6,277,00277,09.23,moderate_blur,56,chair,False,False,,,,,False,still_missed
botsort_persist_3,video6/v06_20-24_f00277_t09.23_moderate_blur/gt004,video6/v06_20-24_f00277_t09.23_moderate_blur,4,video6,277,00277,09.23,moderate_blur,56,chair,False,False,,,,,False,still_missed
botsort_persist_3,video6/v06_20-24_f00277_t09.23_moderate_blur/gt005,video6/v06_20-24_f00277_t09.23_moderate_blur,5,video6,277,00277,09.23,moderate_blur,56,chair,False,False,,,,,False,still_missed
botsort_persist_3,video6/v06_20-24_f00277_t09.23_moderate_blur/gt006,video6/v06_20-24_f00277_t09.23_moderate_blur,6,video6,277,00277,09.23,moderate_blur,56,chair,False,False,,,,,False,still_missed
botsort_persist_5,video6/v06_20-24_f00277_t09.23_moderate_blur/gt000,video6/v06_20-24_f00277_t09.23_moderate_blur,0,video6,277,00277,09.23,moderate_blur,56,chair,True,True,0.2738,0.2738,,0,False,both_detected
botsort_persist_5,video6/v06_20-24_f00277_t09.23_moderate_blur/gt001,video6/v06_20-24_f00277_t09.23_moderate_blur,1,video6,277,00277,09.23,moderate_blur,56,chair,True,True,0.1851,0.1851,,0,False,both_detected
botsort_persist_5,video6/v06_20-24_f00277_t09.23_moderate_blur/gt002,video6/v06_20-24_f00277_t09.23_moderate_blur,2,video6,277,00277,09.23,moderate_blur,56,chair,True,True,0.1769,0.1769,,0,False,both_detected
botsort_persist_5,video6/v06_20-24_f00277_t09.23_moderate_blur/gt003,video6/v06_20-24_f00277_t09.23_moderate_blur,3,video6,277,00277,09.23,moderate_blur,56,chair,False,False,,,,,False,still_missed
botsort_persist_5,video6/v06_20-24_f00277_t09.23_moderate_blur/gt004,video6/v06_20-24_f00277_t09.23_moderate_blur,4,video6,277,00277,09.23,moderate_blur,56,chair,False,False,,,,,False,still_missed
botsort_persist_5,video6/v06_20-24_f00277_t09.23_moderate_blur/gt005,video6/v06_20-24_f00277_t09.23_moderate_blur,5,video6,277,00277,09.23,moderate_blur,56,chair,False,False,,,,,False,still_missed
botsort_persist_5,video6/v06_20-24_f00277_t09.23_moderate_blur/gt006,video6/v06_20-24_f00277_t09.23_moderate_blur,6,video6,277,00277,09.23,moderate_blur,56,chair,False,False,,,,,False,still_missed
bytetrack,video6/v06_20-24_f00431_t14.37_moderate_blur/gt000,video6/v06_20-24_f00431_t14.37_moderate_blur,0,video6,431,00431,14.37,moderate_blur,56,chair,False,False,,,,,False,still_missed
bytetrack,video6/v06_20-24_f00431_t14.37_moderate_blur/gt001,video6/v06_20-24_f00431_t14.37_moderate_blur,1,video6,431,00431,14.37,moderate_blur,0,person,False,False,,,,,False,still_missed
bytetrack_persist_1,video6/v06_20-24_f00431_t14.37_moderate_blur/gt000,video6/v06_20-24_f00431_t14.37_moderate_blur,0,video6,431,00431,14.37,moderate_blur,56,chair,False,False,,,,,False,still_missed
bytetrack_persist_1,video6/v06_20-24_f00431_t14.37_moderate_blur/gt001,video6/v06_20-24_f00431_t14.37_moderate_blur,1,video6,431,00431,14.37,moderate_blur,0,person,False,False,,,,,False,still_missed
bytetrack_persist_3,video6/v06_20-24_f00431_t14.37_moderate_blur/gt000,video6/v06_20-24_f00431_t14.37_moderate_blur,0,video6,431,00431,14.37,moderate_blur,56,chair,False,False,,,,,False,still_missed
bytetrack_persist_3,video6/v06_20-24_f00431_t14.37_moderate_blur/gt001,video6/v06_20-24_f00431_t14.37_moderate_blur,1,video6,431,00431,14.37,moderate_blur,0,person,False,False,,,,,False,still_missed
bytetrack_persist_5,video6/v06_20-24_f00431_t14.37_moderate_blur/gt000,video6/v06_20-24_f00431_t14.37_moderate_blur,0,video6,431,00431,14.37,moderate_blur,56,chair,False,False,,,,,False,still_missed
bytetrack_persist_5,video6/v06_20-24_f00431_t14.37_moderate_blur/gt001,video6/v06_20-24_f00431_t14.37_moderate_blur,1,video6,431,00431,14.37,moderate_blur,0,person,False,False,,,,,False,still_missed
botsort,video6/v06_20-24_f00431_t14.37_moderate_blur/gt000,video6/v06_20-24_f00431_t14.37_moderate_blur,0,video6,431,00431,14.37,moderate_blur,56,chair,False,False,,,,,False,still_missed
botsort,video6/v06_20-24_f00431_t14.37_moderate_blur/gt001,video6/v06_20-24_f00431_t14.37_moderate_blur,1,video6,431,00431,14.37,moderate_blur,0,person,False,False,,,,,False,still_missed
botsort_persist_1,video6/v06_20-24_f00431_t14.37_moderate_blur/gt000,video6/v06_20-24_f00431_t14.37_moderate_blur,0,video6,431,00431,14.37,moderate_blur,56,chair,False,False,,,,,False,still_missed
botsort_persist_1,video6/v06_20-24_f00431_t14.37_moderate_blur/gt001,video6/v06_20-24_f00431_t14.37_moderate_blur,1,video6,431,00431,14.37,moderate_blur,0,person,False,False,,,,,False,still_missed
botsort_persist_3,video6/v06_20-24_f00431_t14.37_moderate_blur/gt000,video6/v06_20-24_f00431_t14.37_moderate_blur,0,video6,431,00431,14.37,moderate_blur,56,chair,False,False,,,,,False,still_missed
botsort_persist_3,video6/v06_20-24_f00431_t14.37_moderate_blur/gt001,video6/v06_20-24_f00431_t14.37_moderate_blur,1,video6,431,00431,14.37,moderate_blur,0,person,False,True,,0.3622,45,3,True,rescued
botsort_persist_5,video6/v06_20-24_f00431_t14.37_moderate_blur/gt000,video6/v06_20-24_f00431_t14.37_moderate_blur,0,video6,431,00431,14.37,moderate_blur,56,chair,False,False,,,,,False,still_missed
botsort_persist_5,video6/v06_20-24_f00431_t14.37_moderate_blur/gt001,video6/v06_20-24_f00431_t14.37_moderate_blur,1,video6,431,00431,14.37,moderate_blur,0,person,False,True,,0.3622,45,3,True,rescued
bytetrack,video6/v06_20-24_f00493_t16.43_severe_blur/gt000,video6/v06_20-24_f00493_t16.43_severe_blur,0,video6,493,00493,16.43,severe_blur,56,chair,False,False,,,,,False,still_missed
bytetrack,video6/v06_20-24_f00493_t16.43_severe_blur/gt001,video6/v06_20-24_f00493_t16.43_severe_blur,1,video6,493,00493,16.43,severe_blur,56,chair,False,False,,,,,False,still_missed
bytetrack,video6/v06_20-24_f00493_t16.43_severe_blur/gt002,video6/v06_20-24_f00493_t16.43_severe_blur,2,video6,493,00493,16.43,severe_blur,0,person,False,False,,,,,False,still_missed
bytetrack_persist_1,video6/v06_20-24_f00493_t16.43_severe_blur/gt000,video6/v06_20-24_f00493_t16.43_severe_blur,0,video6,493,00493,16.43,severe_blur,56,chair,False,False,,,,,False,still_missed
bytetrack_persist_1,video6/v06_20-24_f00493_t16.43_severe_blur/gt001,video6/v06_20-24_f00493_t16.43_severe_blur,1,video6,493,00493,16.43,severe_blur,56,chair,False,False,,,,,False,still_missed
bytetrack_persist_1,video6/v06_20-24_f00493_t16.43_severe_blur/gt002,video6/v06_20-24_f00493_t16.43_severe_blur,2,video6,493,00493,16.43,severe_blur,0,person,False,False,,,,,False,still_missed
bytetrack_persist_3,video6/v06_20-24_f00493_t16.43_severe_blur/gt000,video6/v06_20-24_f00493_t16.43_severe_blur,0,video6,493,00493,16.43,severe_blur,56,chair,False,False,,,,,False,still_missed
bytetrack_persist_3,video6/v06_20-24_f00493_t16.43_severe_blur/gt001,video6/v06_20-24_f00493_t16.43_severe_blur,1,video6,493,00493,16.43,severe_blur,56,chair,False,False,,,,,False,still_missed
bytetrack_persist_3,video6/v06_20-24_f00493_t16.43_severe_blur/gt002,video6/v06_20-24_f00493_t16.43_severe_blur,2,video6,493,00493,16.43,severe_blur,0,person,False,False,,,,,False,still_missed
bytetrack_persist_5,video6/v06_20-24_f00493_t16.43_severe_blur/gt000,video6/v06_20-24_f00493_t16.43_severe_blur,0,video6,493,00493,16.43,severe_blur,56,chair,False,False,,,,,False,still_missed
bytetrack_persist_5,video6/v06_20-24_f00493_t16.43_severe_blur/gt001,video6/v06_20-24_f00493_t16.43_severe_blur,1,video6,493,00493,16.43,severe_blur,56,chair,False,False,,,,,False,still_missed
bytetrack_persist_5,video6/v06_20-24_f00493_t16.43_severe_blur/gt002,video6/v06_20-24_f00493_t16.43_severe_blur,2,video6,493,00493,16.43,severe_blur,0,person,False,False,,,,,False,still_missed
botsort,video6/v06_20-24_f00493_t16.43_severe_blur/gt000,video6/v06_20-24_f00493_t16.43_severe_blur,0,video6,493,00493,16.43,severe_blur,56,chair,False,False,,,,,False,still_missed
botsort,video6/v06_20-24_f00493_t16.43_severe_blur/gt001,video6/v06_20-24_f00493_t16.43_severe_blur,1,video6,493,00493,16.43,severe_blur,56,chair,False,False,,,,,False,still_missed
botsort,video6/v06_20-24_f00493_t16.43_severe_blur/gt002,video6/v06_20-24_f00493_t16.43_severe_blur,2,video6,493,00493,16.43,severe_blur,0,person,False,False,,,,,False,still_missed
botsort_persist_1,video6/v06_20-24_f00493_t16.43_severe_blur/gt000,video6/v06_20-24_f00493_t16.43_severe_blur,0,video6,493,00493,16.43,severe_blur,56,chair,False,False,,,,,False,still_missed
botsort_persist_1,video6/v06_20-24_f00493_t16.43_severe_blur/gt001,video6/v06_20-24_f00493_t16.43_severe_blur,1,video6,493,00493,16.43,severe_blur,56,chair,False,False,,,,,False,still_missed
botsort_persist_1,video6/v06_20-24_f00493_t16.43_severe_blur/gt002,video6/v06_20-24_f00493_t16.43_severe_blur,2,video6,493,00493,16.43,severe_blur,0,person,False,False,,,,,False,still_missed
botsort_persist_3,video6/v06_20-24_f00493_t16.43_severe_blur/gt000,video6/v06_20-24_f00493_t16.43_severe_blur,0,video6,493,00493,16.43,severe_blur,56,chair,False,False,,,,,False,still_missed
botsort_persist_3,video6/v06_20-24_f00493_t16.43_severe_blur/gt001,video6/v06_20-24_f00493_t16.43_severe_blur,1,video6,493,00493,16.43,severe_blur,56,chair,False,False,,,,,False,still_missed
botsort_persist_3,video6/v06_20-24_f00493_t16.43_severe_blur/gt002,video6/v06_20-24_f00493_t16.43_severe_blur,2,video6,493,00493,16.43,severe_blur,0,person,False,False,,,,,False,still_missed
botsort_persist_5,video6/v06_20-24_f00493_t16.43_severe_blur/gt000,video6/v06_20-24_f00493_t16.43_severe_blur,0,video6,493,00493,16.43,severe_blur,56,chair,False,False,,,,,False,still_missed
botsort_persist_5,video6/v06_20-24_f00493_t16.43_severe_blur/gt001,video6/v06_20-24_f00493_t16.43_severe_blur,1,video6,493,00493,16.43,severe_blur,56,chair,False,False,,,,,False,still_missed
botsort_persist_5,video6/v06_20-24_f00493_t16.43_severe_blur/gt002,video6/v06_20-24_f00493_t16.43_severe_blur,2,video6,493,00493,16.43,severe_blur,0,person,False,False,,,,,False,still_missed
bytetrack,video6/v06_20-24_f00616_t20.53_moderate_blur/gt000,video6/v06_20-24_f00616_t20.53_moderate_blur,0,video6,616,00616,20.53,moderate_blur,0,person,False,False,,,,,False,still_missed
bytetrack,video6/v06_20-24_f00616_t20.53_moderate_blur/gt001,video6/v06_20-24_f00616_t20.53_moderate_blur,1,video6,616,00616,20.53,moderate_blur,0,person,False,False,,,,,False,still_missed
bytetrack_persist_1,video6/v06_20-24_f00616_t20.53_moderate_blur/gt000,video6/v06_20-24_f00616_t20.53_moderate_blur,0,video6,616,00616,20.53,moderate_blur,0,person,False,False,,,,,False,still_missed
bytetrack_persist_1,video6/v06_20-24_f00616_t20.53_moderate_blur/gt001,video6/v06_20-24_f00616_t20.53_moderate_blur,1,video6,616,00616,20.53,moderate_blur,0,person,False,False,,,,,False,still_missed
bytetrack_persist_3,video6/v06_20-24_f00616_t20.53_moderate_blur/gt000,video6/v06_20-24_f00616_t20.53_moderate_blur,0,video6,616,00616,20.53,moderate_blur,0,person,False,False,,,,,False,still_missed
bytetrack_persist_3,video6/v06_20-24_f00616_t20.53_moderate_blur/gt001,video6/v06_20-24_f00616_t20.53_moderate_blur,1,video6,616,00616,20.53,moderate_blur,0,person,False,False,,,,,False,still_missed
bytetrack_persist_5,video6/v06_20-24_f00616_t20.53_moderate_blur/gt000,video6/v06_20-24_f00616_t20.53_moderate_blur,0,video6,616,00616,20.53,moderate_blur,0,person,False,False,,,,,False,still_missed
bytetrack_persist_5,video6/v06_20-24_f00616_t20.53_moderate_blur/gt001,video6/v06_20-24_f00616_t20.53_moderate_blur,1,video6,616,00616,20.53,moderate_blur,0,person,False,False,,,,,False,still_missed
botsort,video6/v06_20-24_f00616_t20.53_moderate_blur/gt000,video6/v06_20-24_f00616_t20.53_moderate_blur,0,video6,616,00616,20.53,moderate_blur,0,person,False,False,,,,,False,still_missed
botsort,video6/v06_20-24_f00616_t20.53_moderate_blur/gt001,video6/v06_20-24_f00616_t20.53_moderate_blur,1,video6,616,00616,20.53,moderate_blur,0,person,False,False,,,,,False,still_missed
botsort_persist_1,video6/v06_20-24_f00616_t20.53_moderate_blur/gt000,video6/v06_20-24_f00616_t20.53_moderate_blur,0,video6,616,00616,20.53,moderate_blur,0,person,False,False,,,,,False,still_missed
botsort_persist_1,video6/v06_20-24_f00616_t20.53_moderate_blur/gt001,video6/v06_20-24_f00616_t20.53_moderate_blur,1,video6,616,00616,20.53,moderate_blur,0,person,False,False,,,,,False,still_missed
botsort_persist_3,video6/v06_20-24_f00616_t20.53_moderate_blur/gt000,video6/v06_20-24_f00616_t20.53_moderate_blur,0,video6,616,00616,20.53,moderate_blur,0,person,False,False,,,,,False,still_missed
botsort_persist_3,video6/v06_20-24_f00616_t20.53_moderate_blur/gt001,video6/v06_20-24_f00616_t20.53_moderate_blur,1,video6,616,00616,20.53,moderate_blur,0,person,False,False,,,,,False,still_missed
botsort_persist_5,video6/v06_20-24_f00616_t20.53_moderate_blur/gt000,video6/v06_20-24_f00616_t20.53_moderate_blur,0,video6,616,00616,20.53,moderate_blur,0,person,False,False,,,,,False,still_missed
botsort_persist_5,video6/v06_20-24_f00616_t20.53_moderate_blur/gt001,video6/v06_20-24_f00616_t20.53_moderate_blur,1,video6,616,00616,20.53,moderate_blur,0,person,False,False,,,,,False,still_missed
bytetrack,video6/v06_20-24_f00647_t21.57_clear/gt000,video6/v06_20-24_f00647_t21.57_clear,0,video6,647,00647,21.57,clear,56,chair,False,False,,,,,False,still_missed
bytetrack,video6/v06_20-24_f00647_t21.57_clear/gt001,video6/v06_20-24_f00647_t21.57_clear,1,video6,647,00647,21.57,clear,56,chair,False,False,,,,,False,still_missed
bytetrack_persist_1,video6/v06_20-24_f00647_t21.57_clear/gt000,video6/v06_20-24_f00647_t21.57_clear,0,video6,647,00647,21.57,clear,56,chair,False,False,,,,,False,still_missed
bytetrack_persist_1,video6/v06_20-24_f00647_t21.57_clear/gt001,video6/v06_20-24_f00647_t21.57_clear,1,video6,647,00647,21.57,clear,56,chair,False,False,,,,,False,still_missed
bytetrack_persist_3,video6/v06_20-24_f00647_t21.57_clear/gt000,video6/v06_20-24_f00647_t21.57_clear,0,video6,647,00647,21.57,clear,56,chair,False,False,,,,,False,still_missed
bytetrack_persist_3,video6/v06_20-24_f00647_t21.57_clear/gt001,video6/v06_20-24_f00647_t21.57_clear,1,video6,647,00647,21.57,clear,56,chair,False,False,,,,,False,still_missed
bytetrack_persist_5,video6/v06_20-24_f00647_t21.57_clear/gt000,video6/v06_20-24_f00647_t21.57_clear,0,video6,647,00647,21.57,clear,56,chair,False,False,,,,,False,still_missed
bytetrack_persist_5,video6/v06_20-24_f00647_t21.57_clear/gt001,video6/v06_20-24_f00647_t21.57_clear,1,video6,647,00647,21.57,clear,56,chair,False,False,,,,,False,still_missed
botsort,video6/v06_20-24_f00647_t21.57_clear/gt000,video6/v06_20-24_f00647_t21.57_clear,0,video6,647,00647,21.57,clear,56,chair,False,False,,,,,False,still_missed
botsort,video6/v06_20-24_f00647_t21.57_clear/gt001,video6/v06_20-24_f00647_t21.57_clear,1,video6,647,00647,21.57,clear,56,chair,False,False,,,,,False,still_missed
botsort_persist_1,video6/v06_20-24_f00647_t21.57_clear/gt000,video6/v06_20-24_f00647_t21.57_clear,0,video6,647,00647,21.57,clear,56,chair,False,False,,,,,False,still_missed
botsort_persist_1,video6/v06_20-24_f00647_t21.57_clear/gt001,video6/v06_20-24_f00647_t21.57_clear,1,video6,647,00647,21.57,clear,56,chair,False,False,,,,,False,still_missed
botsort_persist_3,video6/v06_20-24_f00647_t21.57_clear/gt000,video6/v06_20-24_f00647_t21.57_clear,0,video6,647,00647,21.57,clear,56,chair,False,False,,,,,False,still_missed
botsort_persist_3,video6/v06_20-24_f00647_t21.57_clear/gt001,video6/v06_20-24_f00647_t21.57_clear,1,video6,647,00647,21.57,clear,56,chair,False,False,,,,,False,still_missed
botsort_persist_5,video6/v06_20-24_f00647_t21.57_clear/gt000,video6/v06_20-24_f00647_t21.57_clear,0,video6,647,00647,21.57,clear,56,chair,False,False,,,,,False,still_missed
botsort_persist_5,video6/v06_20-24_f00647_t21.57_clear/gt001,video6/v06_20-24_f00647_t21.57_clear,1,video6,647,00647,21.57,clear,56,chair,False,False,,,,,False,still_missed
bytetrack,video7/v07_20-25_f00000_t00.00_clear/gt000,video7/v07_20-25_f00000_t00.00_clear,0,video7,0,00000,00.00,clear,60,dining table,False,False,,,,,False,still_missed
bytetrack_persist_1,video7/v07_20-25_f00000_t00.00_clear/gt000,video7/v07_20-25_f00000_t00.00_clear,0,video7,0,00000,00.00,clear,60,dining table,False,False,,,,,False,still_missed
bytetrack_persist_3,video7/v07_20-25_f00000_t00.00_clear/gt000,video7/v07_20-25_f00000_t00.00_clear,0,video7,0,00000,00.00,clear,60,dining table,False,False,,,,,False,still_missed
bytetrack_persist_5,video7/v07_20-25_f00000_t00.00_clear/gt000,video7/v07_20-25_f00000_t00.00_clear,0,video7,0,00000,00.00,clear,60,dining table,False,False,,,,,False,still_missed
botsort,video7/v07_20-25_f00000_t00.00_clear/gt000,video7/v07_20-25_f00000_t00.00_clear,0,video7,0,00000,00.00,clear,60,dining table,False,False,,,,,False,still_missed
botsort_persist_1,video7/v07_20-25_f00000_t00.00_clear/gt000,video7/v07_20-25_f00000_t00.00_clear,0,video7,0,00000,00.00,clear,60,dining table,False,False,,,,,False,still_missed
botsort_persist_3,video7/v07_20-25_f00000_t00.00_clear/gt000,video7/v07_20-25_f00000_t00.00_clear,0,video7,0,00000,00.00,clear,60,dining table,False,False,,,,,False,still_missed
botsort_persist_5,video7/v07_20-25_f00000_t00.00_clear/gt000,video7/v07_20-25_f00000_t00.00_clear,0,video7,0,00000,00.00,clear,60,dining table,False,False,,,,,False,still_missed
bytetrack,video7/v07_20-25_f00014_t00.47_moderate_blur/gt000,video7/v07_20-25_f00014_t00.47_moderate_blur,0,video7,14,00014,00.47,moderate_blur,60,dining table,False,False,,,,,False,still_missed
bytetrack,video7/v07_20-25_f00014_t00.47_moderate_blur/gt001,video7/v07_20-25_f00014_t00.47_moderate_blur,1,video7,14,00014,00.47,moderate_blur,56,chair,False,False,,,,,False,still_missed
bytetrack_persist_1,video7/v07_20-25_f00014_t00.47_moderate_blur/gt000,video7/v07_20-25_f00014_t00.47_moderate_blur,0,video7,14,00014,00.47,moderate_blur,60,dining table,False,False,,,,,False,still_missed
bytetrack_persist_1,video7/v07_20-25_f00014_t00.47_moderate_blur/gt001,video7/v07_20-25_f00014_t00.47_moderate_blur,1,video7,14,00014,00.47,moderate_blur,56,chair,False,False,,,,,False,still_missed
bytetrack_persist_3,video7/v07_20-25_f00014_t00.47_moderate_blur/gt000,video7/v07_20-25_f00014_t00.47_moderate_blur,0,video7,14,00014,00.47,moderate_blur,60,dining table,False,False,,,,,False,still_missed
bytetrack_persist_3,video7/v07_20-25_f00014_t00.47_moderate_blur/gt001,video7/v07_20-25_f00014_t00.47_moderate_blur,1,video7,14,00014,00.47,moderate_blur,56,chair,False,False,,,,,False,still_missed
bytetrack_persist_5,video7/v07_20-25_f00014_t00.47_moderate_blur/gt000,video7/v07_20-25_f00014_t00.47_moderate_blur,0,video7,14,00014,00.47,moderate_blur,60,dining table,False,False,,,,,False,still_missed
bytetrack_persist_5,video7/v07_20-25_f00014_t00.47_moderate_blur/gt001,video7/v07_20-25_f00014_t00.47_moderate_blur,1,video7,14,00014,00.47,moderate_blur,56,chair,False,False,,,,,False,still_missed
botsort,video7/v07_20-25_f00014_t00.47_moderate_blur/gt000,video7/v07_20-25_f00014_t00.47_moderate_blur,0,video7,14,00014,00.47,moderate_blur,60,dining table,False,False,,,,,False,still_missed
botsort,video7/v07_20-25_f00014_t00.47_moderate_blur/gt001,video7/v07_20-25_f00014_t00.47_moderate_blur,1,video7,14,00014,00.47,moderate_blur,56,chair,False,False,,,,,False,still_missed
botsort_persist_1,video7/v07_20-25_f00014_t00.47_moderate_blur/gt000,video7/v07_20-25_f00014_t00.47_moderate_blur,0,video7,14,00014,00.47,moderate_blur,60,dining table,False,False,,,,,False,still_missed
botsort_persist_1,video7/v07_20-25_f00014_t00.47_moderate_blur/gt001,video7/v07_20-25_f00014_t00.47_moderate_blur,1,video7,14,00014,00.47,moderate_blur,56,chair,False,False,,,,,False,still_missed
botsort_persist_3,video7/v07_20-25_f00014_t00.47_moderate_blur/gt000,video7/v07_20-25_f00014_t00.47_moderate_blur,0,video7,14,00014,00.47,moderate_blur,60,dining table,False,False,,,,,False,still_missed
botsort_persist_3,video7/v07_20-25_f00014_t00.47_moderate_blur/gt001,video7/v07_20-25_f00014_t00.47_moderate_blur,1,video7,14,00014,00.47,moderate_blur,56,chair,False,False,,,,,False,still_missed
botsort_persist_5,video7/v07_20-25_f00014_t00.47_moderate_blur/gt000,video7/v07_20-25_f00014_t00.47_moderate_blur,0,video7,14,00014,00.47,moderate_blur,60,dining table,False,False,,,,,False,still_missed
botsort_persist_5,video7/v07_20-25_f00014_t00.47_moderate_blur/gt001,video7/v07_20-25_f00014_t00.47_moderate_blur,1,video7,14,00014,00.47,moderate_blur,56,chair,False,False,,,,,False,still_missed
bytetrack,video7/v07_20-25_f00029_t00.97_clear/gt000,video7/v07_20-25_f00029_t00.97_clear,0,video7,29,00029,00.97,clear,60,dining table,False,False,,,,,False,still_missed
bytetrack,video7/v07_20-25_f00029_t00.97_clear/gt001,video7/v07_20-25_f00029_t00.97_clear,1,video7,29,00029,00.97,clear,56,chair,False,False,,,,,False,still_missed
bytetrack,video7/v07_20-25_f00029_t00.97_clear/gt002,video7/v07_20-25_f00029_t00.97_clear,2,video7,29,00029,00.97,clear,56,chair,False,False,,,,,False,still_missed
bytetrack_persist_1,video7/v07_20-25_f00029_t00.97_clear/gt000,video7/v07_20-25_f00029_t00.97_clear,0,video7,29,00029,00.97,clear,60,dining table,False,False,,,,,False,still_missed
bytetrack_persist_1,video7/v07_20-25_f00029_t00.97_clear/gt001,video7/v07_20-25_f00029_t00.97_clear,1,video7,29,00029,00.97,clear,56,chair,False,False,,,,,False,still_missed
bytetrack_persist_1,video7/v07_20-25_f00029_t00.97_clear/gt002,video7/v07_20-25_f00029_t00.97_clear,2,video7,29,00029,00.97,clear,56,chair,False,False,,,,,False,still_missed
bytetrack_persist_3,video7/v07_20-25_f00029_t00.97_clear/gt000,video7/v07_20-25_f00029_t00.97_clear,0,video7,29,00029,00.97,clear,60,dining table,False,False,,,,,False,still_missed
bytetrack_persist_3,video7/v07_20-25_f00029_t00.97_clear/gt001,video7/v07_20-25_f00029_t00.97_clear,1,video7,29,00029,00.97,clear,56,chair,False,False,,,,,False,still_missed
bytetrack_persist_3,video7/v07_20-25_f00029_t00.97_clear/gt002,video7/v07_20-25_f00029_t00.97_clear,2,video7,29,00029,00.97,clear,56,chair,False,False,,,,,False,still_missed
bytetrack_persist_5,video7/v07_20-25_f00029_t00.97_clear/gt000,video7/v07_20-25_f00029_t00.97_clear,0,video7,29,00029,00.97,clear,60,dining table,False,False,,,,,False,still_missed
bytetrack_persist_5,video7/v07_20-25_f00029_t00.97_clear/gt001,video7/v07_20-25_f00029_t00.97_clear,1,video7,29,00029,00.97,clear,56,chair,False,False,,,,,False,still_missed
bytetrack_persist_5,video7/v07_20-25_f00029_t00.97_clear/gt002,video7/v07_20-25_f00029_t00.97_clear,2,video7,29,00029,00.97,clear,56,chair,False,False,,,,,False,still_missed
botsort,video7/v07_20-25_f00029_t00.97_clear/gt000,video7/v07_20-25_f00029_t00.97_clear,0,video7,29,00029,00.97,clear,60,dining table,False,False,,,,,False,still_missed
botsort,video7/v07_20-25_f00029_t00.97_clear/gt001,video7/v07_20-25_f00029_t00.97_clear,1,video7,29,00029,00.97,clear,56,chair,False,False,,,,,False,still_missed
botsort,video7/v07_20-25_f00029_t00.97_clear/gt002,video7/v07_20-25_f00029_t00.97_clear,2,video7,29,00029,00.97,clear,56,chair,False,False,,,,,False,still_missed
botsort_persist_1,video7/v07_20-25_f00029_t00.97_clear/gt000,video7/v07_20-25_f00029_t00.97_clear,0,video7,29,00029,00.97,clear,60,dining table,False,False,,,,,False,still_missed
botsort_persist_1,video7/v07_20-25_f00029_t00.97_clear/gt001,video7/v07_20-25_f00029_t00.97_clear,1,video7,29,00029,00.97,clear,56,chair,False,False,,,,,False,still_missed
botsort_persist_1,video7/v07_20-25_f00029_t00.97_clear/gt002,video7/v07_20-25_f00029_t00.97_clear,2,video7,29,00029,00.97,clear,56,chair,False,False,,,,,False,still_missed
botsort_persist_3,video7/v07_20-25_f00029_t00.97_clear/gt000,video7/v07_20-25_f00029_t00.97_clear,0,video7,29,00029,00.97,clear,60,dining table,False,False,,,,,False,still_missed
botsort_persist_3,video7/v07_20-25_f00029_t00.97_clear/gt001,video7/v07_20-25_f00029_t00.97_clear,1,video7,29,00029,00.97,clear,56,chair,False,False,,,,,False,still_missed
botsort_persist_3,video7/v07_20-25_f00029_t00.97_clear/gt002,video7/v07_20-25_f00029_t00.97_clear,2,video7,29,00029,00.97,clear,56,chair,False,False,,,,,False,still_missed
botsort_persist_5,video7/v07_20-25_f00029_t00.97_clear/gt000,video7/v07_20-25_f00029_t00.97_clear,0,video7,29,00029,00.97,clear,60,dining table,False,False,,,,,False,still_missed
botsort_persist_5,video7/v07_20-25_f00029_t00.97_clear/gt001,video7/v07_20-25_f00029_t00.97_clear,1,video7,29,00029,00.97,clear,56,chair,False,False,,,,,False,still_missed
botsort_persist_5,video7/v07_20-25_f00029_t00.97_clear/gt002,video7/v07_20-25_f00029_t00.97_clear,2,video7,29,00029,00.97,clear,56,chair,False,False,,,,,False,still_missed
bytetrack,video7/v07_20-25_f00044_t01.47_clear/gt000,video7/v07_20-25_f00044_t01.47_clear,0,video7,44,00044,01.47,clear,56,chair,False,False,,,,,False,still_missed
bytetrack,video7/v07_20-25_f00044_t01.47_clear/gt001,video7/v07_20-25_f00044_t01.47_clear,1,video7,44,00044,01.47,clear,56,chair,False,False,,,,,False,still_missed
bytetrack,video7/v07_20-25_f00044_t01.47_clear/gt002,video7/v07_20-25_f00044_t01.47_clear,2,video7,44,00044,01.47,clear,56,chair,False,False,,,,,False,still_missed
bytetrack,video7/v07_20-25_f00044_t01.47_clear/gt003,video7/v07_20-25_f00044_t01.47_clear,3,video7,44,00044,01.47,clear,56,chair,False,False,,,,,False,still_missed
bytetrack,video7/v07_20-25_f00044_t01.47_clear/gt004,video7/v07_20-25_f00044_t01.47_clear,4,video7,44,00044,01.47,clear,60,dining table,False,False,,,,,False,still_missed
bytetrack_persist_1,video7/v07_20-25_f00044_t01.47_clear/gt000,video7/v07_20-25_f00044_t01.47_clear,0,video7,44,00044,01.47,clear,56,chair,False,False,,,,,False,still_missed
bytetrack_persist_1,video7/v07_20-25_f00044_t01.47_clear/gt001,video7/v07_20-25_f00044_t01.47_clear,1,video7,44,00044,01.47,clear,56,chair,False,False,,,,,False,still_missed
bytetrack_persist_1,video7/v07_20-25_f00044_t01.47_clear/gt002,video7/v07_20-25_f00044_t01.47_clear,2,video7,44,00044,01.47,clear,56,chair,False,False,,,,,False,still_missed
bytetrack_persist_1,video7/v07_20-25_f00044_t01.47_clear/gt003,video7/v07_20-25_f00044_t01.47_clear,3,video7,44,00044,01.47,clear,56,chair,False,False,,,,,False,still_missed
bytetrack_persist_1,video7/v07_20-25_f00044_t01.47_clear/gt004,video7/v07_20-25_f00044_t01.47_clear,4,video7,44,00044,01.47,clear,60,dining table,False,False,,,,,False,still_missed
bytetrack_persist_3,video7/v07_20-25_f00044_t01.47_clear/gt000,video7/v07_20-25_f00044_t01.47_clear,0,video7,44,00044,01.47,clear,56,chair,False,False,,,,,False,still_missed
bytetrack_persist_3,video7/v07_20-25_f00044_t01.47_clear/gt001,video7/v07_20-25_f00044_t01.47_clear,1,video7,44,00044,01.47,clear,56,chair,False,False,,,,,False,still_missed
bytetrack_persist_3,video7/v07_20-25_f00044_t01.47_clear/gt002,video7/v07_20-25_f00044_t01.47_clear,2,video7,44,00044,01.47,clear,56,chair,False,False,,,,,False,still_missed
bytetrack_persist_3,video7/v07_20-25_f00044_t01.47_clear/gt003,video7/v07_20-25_f00044_t01.47_clear,3,video7,44,00044,01.47,clear,56,chair,False,False,,,,,False,still_missed
bytetrack_persist_3,video7/v07_20-25_f00044_t01.47_clear/gt004,video7/v07_20-25_f00044_t01.47_clear,4,video7,44,00044,01.47,clear,60,dining table,False,False,,,,,False,still_missed
bytetrack_persist_5,video7/v07_20-25_f00044_t01.47_clear/gt000,video7/v07_20-25_f00044_t01.47_clear,0,video7,44,00044,01.47,clear,56,chair,False,False,,,,,False,still_missed
bytetrack_persist_5,video7/v07_20-25_f00044_t01.47_clear/gt001,video7/v07_20-25_f00044_t01.47_clear,1,video7,44,00044,01.47,clear,56,chair,False,False,,,,,False,still_missed
bytetrack_persist_5,video7/v07_20-25_f00044_t01.47_clear/gt002,video7/v07_20-25_f00044_t01.47_clear,2,video7,44,00044,01.47,clear,56,chair,False,False,,,,,False,still_missed
bytetrack_persist_5,video7/v07_20-25_f00044_t01.47_clear/gt003,video7/v07_20-25_f00044_t01.47_clear,3,video7,44,00044,01.47,clear,56,chair,False,False,,,,,False,still_missed
bytetrack_persist_5,video7/v07_20-25_f00044_t01.47_clear/gt004,video7/v07_20-25_f00044_t01.47_clear,4,video7,44,00044,01.47,clear,60,dining table,False,False,,,,,False,still_missed
botsort,video7/v07_20-25_f00044_t01.47_clear/gt000,video7/v07_20-25_f00044_t01.47_clear,0,video7,44,00044,01.47,clear,56,chair,False,False,,,,,False,still_missed
botsort,video7/v07_20-25_f00044_t01.47_clear/gt001,video7/v07_20-25_f00044_t01.47_clear,1,video7,44,00044,01.47,clear,56,chair,False,False,,,,,False,still_missed
botsort,video7/v07_20-25_f00044_t01.47_clear/gt002,video7/v07_20-25_f00044_t01.47_clear,2,video7,44,00044,01.47,clear,56,chair,False,False,,,,,False,still_missed
botsort,video7/v07_20-25_f00044_t01.47_clear/gt003,video7/v07_20-25_f00044_t01.47_clear,3,video7,44,00044,01.47,clear,56,chair,False,False,,,,,False,still_missed
botsort,video7/v07_20-25_f00044_t01.47_clear/gt004,video7/v07_20-25_f00044_t01.47_clear,4,video7,44,00044,01.47,clear,60,dining table,False,False,,,,,False,still_missed
botsort_persist_1,video7/v07_20-25_f00044_t01.47_clear/gt000,video7/v07_20-25_f00044_t01.47_clear,0,video7,44,00044,01.47,clear,56,chair,False,False,,,,,False,still_missed
botsort_persist_1,video7/v07_20-25_f00044_t01.47_clear/gt001,video7/v07_20-25_f00044_t01.47_clear,1,video7,44,00044,01.47,clear,56,chair,False,False,,,,,False,still_missed
botsort_persist_1,video7/v07_20-25_f00044_t01.47_clear/gt002,video7/v07_20-25_f00044_t01.47_clear,2,video7,44,00044,01.47,clear,56,chair,False,False,,,,,False,still_missed
botsort_persist_1,video7/v07_20-25_f00044_t01.47_clear/gt003,video7/v07_20-25_f00044_t01.47_clear,3,video7,44,00044,01.47,clear,56,chair,False,False,,,,,False,still_missed
botsort_persist_1,video7/v07_20-25_f00044_t01.47_clear/gt004,video7/v07_20-25_f00044_t01.47_clear,4,video7,44,00044,01.47,clear,60,dining table,False,False,,,,,False,still_missed
botsort_persist_3,video7/v07_20-25_f00044_t01.47_clear/gt000,video7/v07_20-25_f00044_t01.47_clear,0,video7,44,00044,01.47,clear,56,chair,False,False,,,,,False,still_missed
botsort_persist_3,video7/v07_20-25_f00044_t01.47_clear/gt001,video7/v07_20-25_f00044_t01.47_clear,1,video7,44,00044,01.47,clear,56,chair,False,False,,,,,False,still_missed
botsort_persist_3,video7/v07_20-25_f00044_t01.47_clear/gt002,video7/v07_20-25_f00044_t01.47_clear,2,video7,44,00044,01.47,clear,56,chair,False,False,,,,,False,still_missed
botsort_persist_3,video7/v07_20-25_f00044_t01.47_clear/gt003,video7/v07_20-25_f00044_t01.47_clear,3,video7,44,00044,01.47,clear,56,chair,False,False,,,,,False,still_missed
botsort_persist_3,video7/v07_20-25_f00044_t01.47_clear/gt004,video7/v07_20-25_f00044_t01.47_clear,4,video7,44,00044,01.47,clear,60,dining table,False,False,,,,,False,still_missed
botsort_persist_5,video7/v07_20-25_f00044_t01.47_clear/gt000,video7/v07_20-25_f00044_t01.47_clear,0,video7,44,00044,01.47,clear,56,chair,False,False,,,,,False,still_missed
botsort_persist_5,video7/v07_20-25_f00044_t01.47_clear/gt001,video7/v07_20-25_f00044_t01.47_clear,1,video7,44,00044,01.47,clear,56,chair,False,False,,,,,False,still_missed
botsort_persist_5,video7/v07_20-25_f00044_t01.47_clear/gt002,video7/v07_20-25_f00044_t01.47_clear,2,video7,44,00044,01.47,clear,56,chair,False,False,,,,,False,still_missed
botsort_persist_5,video7/v07_20-25_f00044_t01.47_clear/gt003,video7/v07_20-25_f00044_t01.47_clear,3,video7,44,00044,01.47,clear,56,chair,False,False,,,,,False,still_missed
botsort_persist_5,video7/v07_20-25_f00044_t01.47_clear/gt004,video7/v07_20-25_f00044_t01.47_clear,4,video7,44,00044,01.47,clear,60,dining table,False,False,,,,,False,still_missed
bytetrack,video7/v07_20-25_f00059_t01.97_clear/gt000,video7/v07_20-25_f00059_t01.97_clear,0,video7,59,00059,01.97,clear,56,chair,True,False,0.3537,,,,False,lost
bytetrack,video7/v07_20-25_f00059_t01.97_clear/gt001,video7/v07_20-25_f00059_t01.97_clear,1,video7,59,00059,01.97,clear,56,chair,False,False,,,,,False,still_missed
bytetrack,video7/v07_20-25_f00059_t01.97_clear/gt002,video7/v07_20-25_f00059_t01.97_clear,2,video7,59,00059,01.97,clear,56,chair,False,False,,,,,False,still_missed
bytetrack,video7/v07_20-25_f00059_t01.97_clear/gt003,video7/v07_20-25_f00059_t01.97_clear,3,video7,59,00059,01.97,clear,60,dining table,False,False,,,,,False,still_missed
bytetrack_persist_1,video7/v07_20-25_f00059_t01.97_clear/gt000,video7/v07_20-25_f00059_t01.97_clear,0,video7,59,00059,01.97,clear,56,chair,True,True,0.3537,0.3537,,0,False,both_detected
bytetrack_persist_1,video7/v07_20-25_f00059_t01.97_clear/gt001,video7/v07_20-25_f00059_t01.97_clear,1,video7,59,00059,01.97,clear,56,chair,False,False,,,,,False,still_missed
bytetrack_persist_1,video7/v07_20-25_f00059_t01.97_clear/gt002,video7/v07_20-25_f00059_t01.97_clear,2,video7,59,00059,01.97,clear,56,chair,False,False,,,,,False,still_missed
bytetrack_persist_1,video7/v07_20-25_f00059_t01.97_clear/gt003,video7/v07_20-25_f00059_t01.97_clear,3,video7,59,00059,01.97,clear,60,dining table,False,False,,,,,False,still_missed
bytetrack_persist_3,video7/v07_20-25_f00059_t01.97_clear/gt000,video7/v07_20-25_f00059_t01.97_clear,0,video7,59,00059,01.97,clear,56,chair,True,True,0.3537,0.3537,,0,False,both_detected
bytetrack_persist_3,video7/v07_20-25_f00059_t01.97_clear/gt001,video7/v07_20-25_f00059_t01.97_clear,1,video7,59,00059,01.97,clear,56,chair,False,False,,,,,False,still_missed
bytetrack_persist_3,video7/v07_20-25_f00059_t01.97_clear/gt002,video7/v07_20-25_f00059_t01.97_clear,2,video7,59,00059,01.97,clear,56,chair,False,False,,,,,False,still_missed
bytetrack_persist_3,video7/v07_20-25_f00059_t01.97_clear/gt003,video7/v07_20-25_f00059_t01.97_clear,3,video7,59,00059,01.97,clear,60,dining table,False,False,,,,,False,still_missed
bytetrack_persist_5,video7/v07_20-25_f00059_t01.97_clear/gt000,video7/v07_20-25_f00059_t01.97_clear,0,video7,59,00059,01.97,clear,56,chair,True,True,0.3537,0.3537,,0,False,both_detected
bytetrack_persist_5,video7/v07_20-25_f00059_t01.97_clear/gt001,video7/v07_20-25_f00059_t01.97_clear,1,video7,59,00059,01.97,clear,56,chair,False,False,,,,,False,still_missed
bytetrack_persist_5,video7/v07_20-25_f00059_t01.97_clear/gt002,video7/v07_20-25_f00059_t01.97_clear,2,video7,59,00059,01.97,clear,56,chair,False,False,,,,,False,still_missed
bytetrack_persist_5,video7/v07_20-25_f00059_t01.97_clear/gt003,video7/v07_20-25_f00059_t01.97_clear,3,video7,59,00059,01.97,clear,60,dining table,False,False,,,,,False,still_missed
botsort,video7/v07_20-25_f00059_t01.97_clear/gt000,video7/v07_20-25_f00059_t01.97_clear,0,video7,59,00059,01.97,clear,56,chair,True,False,0.3537,,,,False,lost
botsort,video7/v07_20-25_f00059_t01.97_clear/gt001,video7/v07_20-25_f00059_t01.97_clear,1,video7,59,00059,01.97,clear,56,chair,False,False,,,,,False,still_missed
botsort,video7/v07_20-25_f00059_t01.97_clear/gt002,video7/v07_20-25_f00059_t01.97_clear,2,video7,59,00059,01.97,clear,56,chair,False,False,,,,,False,still_missed
botsort,video7/v07_20-25_f00059_t01.97_clear/gt003,video7/v07_20-25_f00059_t01.97_clear,3,video7,59,00059,01.97,clear,60,dining table,False,False,,,,,False,still_missed
botsort_persist_1,video7/v07_20-25_f00059_t01.97_clear/gt000,video7/v07_20-25_f00059_t01.97_clear,0,video7,59,00059,01.97,clear,56,chair,True,True,0.3537,0.3537,,0,False,both_detected
botsort_persist_1,video7/v07_20-25_f00059_t01.97_clear/gt001,video7/v07_20-25_f00059_t01.97_clear,1,video7,59,00059,01.97,clear,56,chair,False,False,,,,,False,still_missed
botsort_persist_1,video7/v07_20-25_f00059_t01.97_clear/gt002,video7/v07_20-25_f00059_t01.97_clear,2,video7,59,00059,01.97,clear,56,chair,False,False,,,,,False,still_missed
botsort_persist_1,video7/v07_20-25_f00059_t01.97_clear/gt003,video7/v07_20-25_f00059_t01.97_clear,3,video7,59,00059,01.97,clear,60,dining table,False,False,,,,,False,still_missed
botsort_persist_3,video7/v07_20-25_f00059_t01.97_clear/gt000,video7/v07_20-25_f00059_t01.97_clear,0,video7,59,00059,01.97,clear,56,chair,True,True,0.3537,0.3537,,0,False,both_detected
botsort_persist_3,video7/v07_20-25_f00059_t01.97_clear/gt001,video7/v07_20-25_f00059_t01.97_clear,1,video7,59,00059,01.97,clear,56,chair,False,False,,,,,False,still_missed
botsort_persist_3,video7/v07_20-25_f00059_t01.97_clear/gt002,video7/v07_20-25_f00059_t01.97_clear,2,video7,59,00059,01.97,clear,56,chair,False,False,,,,,False,still_missed
botsort_persist_3,video7/v07_20-25_f00059_t01.97_clear/gt003,video7/v07_20-25_f00059_t01.97_clear,3,video7,59,00059,01.97,clear,60,dining table,False,False,,,,,False,still_missed
botsort_persist_5,video7/v07_20-25_f00059_t01.97_clear/gt000,video7/v07_20-25_f00059_t01.97_clear,0,video7,59,00059,01.97,clear,56,chair,True,True,0.3537,0.3537,,0,False,both_detected
botsort_persist_5,video7/v07_20-25_f00059_t01.97_clear/gt001,video7/v07_20-25_f00059_t01.97_clear,1,video7,59,00059,01.97,clear,56,chair,False,False,,,,,False,still_missed
botsort_persist_5,video7/v07_20-25_f00059_t01.97_clear/gt002,video7/v07_20-25_f00059_t01.97_clear,2,video7,59,00059,01.97,clear,56,chair,False,False,,,,,False,still_missed
botsort_persist_5,video7/v07_20-25_f00059_t01.97_clear/gt003,video7/v07_20-25_f00059_t01.97_clear,3,video7,59,00059,01.97,clear,60,dining table,False,False,,,,,False,still_missed
bytetrack,video7/v07_20-25_f00074_t02.47_moderate_blur/gt000,video7/v07_20-25_f00074_t02.47_moderate_blur,0,video7,74,00074,02.47,moderate_blur,56,chair,False,False,,,,,False,still_missed
bytetrack,video7/v07_20-25_f00074_t02.47_moderate_blur/gt001,video7/v07_20-25_f00074_t02.47_moderate_blur,1,video7,74,00074,02.47,moderate_blur,56,chair,False,False,,,,,False,still_missed
bytetrack,video7/v07_20-25_f00074_t02.47_moderate_blur/gt002,video7/v07_20-25_f00074_t02.47_moderate_blur,2,video7,74,00074,02.47,moderate_blur,56,chair,False,False,,,,,False,still_missed
bytetrack,video7/v07_20-25_f00074_t02.47_moderate_blur/gt003,video7/v07_20-25_f00074_t02.47_moderate_blur,3,video7,74,00074,02.47,moderate_blur,56,chair,False,False,,,,,False,still_missed
bytetrack,video7/v07_20-25_f00074_t02.47_moderate_blur/gt004,video7/v07_20-25_f00074_t02.47_moderate_blur,4,video7,74,00074,02.47,moderate_blur,60,dining table,False,False,,,,,False,still_missed
bytetrack_persist_1,video7/v07_20-25_f00074_t02.47_moderate_blur/gt000,video7/v07_20-25_f00074_t02.47_moderate_blur,0,video7,74,00074,02.47,moderate_blur,56,chair,False,False,,,,,False,still_missed
bytetrack_persist_1,video7/v07_20-25_f00074_t02.47_moderate_blur/gt001,video7/v07_20-25_f00074_t02.47_moderate_blur,1,video7,74,00074,02.47,moderate_blur,56,chair,False,False,,,,,False,still_missed
bytetrack_persist_1,video7/v07_20-25_f00074_t02.47_moderate_blur/gt002,video7/v07_20-25_f00074_t02.47_moderate_blur,2,video7,74,00074,02.47,moderate_blur,56,chair,False,False,,,,,False,still_missed
bytetrack_persist_1,video7/v07_20-25_f00074_t02.47_moderate_blur/gt003,video7/v07_20-25_f00074_t02.47_moderate_blur,3,video7,74,00074,02.47,moderate_blur,56,chair,False,False,,,,,False,still_missed
bytetrack_persist_1,video7/v07_20-25_f00074_t02.47_moderate_blur/gt004,video7/v07_20-25_f00074_t02.47_moderate_blur,4,video7,74,00074,02.47,moderate_blur,60,dining table,False,False,,,,,False,still_missed
bytetrack_persist_3,video7/v07_20-25_f00074_t02.47_moderate_blur/gt000,video7/v07_20-25_f00074_t02.47_moderate_blur,0,video7,74,00074,02.47,moderate_blur,56,chair,False,False,,,,,False,still_missed
bytetrack_persist_3,video7/v07_20-25_f00074_t02.47_moderate_blur/gt001,video7/v07_20-25_f00074_t02.47_moderate_blur,1,video7,74,00074,02.47,moderate_blur,56,chair,False,False,,,,,False,still_missed
bytetrack_persist_3,video7/v07_20-25_f00074_t02.47_moderate_blur/gt002,video7/v07_20-25_f00074_t02.47_moderate_blur,2,video7,74,00074,02.47,moderate_blur,56,chair,False,False,,,,,False,still_missed
bytetrack_persist_3,video7/v07_20-25_f00074_t02.47_moderate_blur/gt003,video7/v07_20-25_f00074_t02.47_moderate_blur,3,video7,74,00074,02.47,moderate_blur,56,chair,False,False,,,,,False,still_missed
bytetrack_persist_3,video7/v07_20-25_f00074_t02.47_moderate_blur/gt004,video7/v07_20-25_f00074_t02.47_moderate_blur,4,video7,74,00074,02.47,moderate_blur,60,dining table,False,False,,,,,False,still_missed
bytetrack_persist_5,video7/v07_20-25_f00074_t02.47_moderate_blur/gt000,video7/v07_20-25_f00074_t02.47_moderate_blur,0,video7,74,00074,02.47,moderate_blur,56,chair,False,False,,,,,False,still_missed
bytetrack_persist_5,video7/v07_20-25_f00074_t02.47_moderate_blur/gt001,video7/v07_20-25_f00074_t02.47_moderate_blur,1,video7,74,00074,02.47,moderate_blur,56,chair,False,False,,,,,False,still_missed
bytetrack_persist_5,video7/v07_20-25_f00074_t02.47_moderate_blur/gt002,video7/v07_20-25_f00074_t02.47_moderate_blur,2,video7,74,00074,02.47,moderate_blur,56,chair,False,False,,,,,False,still_missed
bytetrack_persist_5,video7/v07_20-25_f00074_t02.47_moderate_blur/gt003,video7/v07_20-25_f00074_t02.47_moderate_blur,3,video7,74,00074,02.47,moderate_blur,56,chair,False,False,,,,,False,still_missed
bytetrack_persist_5,video7/v07_20-25_f00074_t02.47_moderate_blur/gt004,video7/v07_20-25_f00074_t02.47_moderate_blur,4,video7,74,00074,02.47,moderate_blur,60,dining table,False,False,,,,,False,still_missed
botsort,video7/v07_20-25_f00074_t02.47_moderate_blur/gt000,video7/v07_20-25_f00074_t02.47_moderate_blur,0,video7,74,00074,02.47,moderate_blur,56,chair,False,False,,,,,False,still_missed
botsort,video7/v07_20-25_f00074_t02.47_moderate_blur/gt001,video7/v07_20-25_f00074_t02.47_moderate_blur,1,video7,74,00074,02.47,moderate_blur,56,chair,False,False,,,,,False,still_missed
botsort,video7/v07_20-25_f00074_t02.47_moderate_blur/gt002,video7/v07_20-25_f00074_t02.47_moderate_blur,2,video7,74,00074,02.47,moderate_blur,56,chair,False,False,,,,,False,still_missed
botsort,video7/v07_20-25_f00074_t02.47_moderate_blur/gt003,video7/v07_20-25_f00074_t02.47_moderate_blur,3,video7,74,00074,02.47,moderate_blur,56,chair,False,False,,,,,False,still_missed
botsort,video7/v07_20-25_f00074_t02.47_moderate_blur/gt004,video7/v07_20-25_f00074_t02.47_moderate_blur,4,video7,74,00074,02.47,moderate_blur,60,dining table,False,False,,,,,False,still_missed
botsort_persist_1,video7/v07_20-25_f00074_t02.47_moderate_blur/gt000,video7/v07_20-25_f00074_t02.47_moderate_blur,0,video7,74,00074,02.47,moderate_blur,56,chair,False,False,,,,,False,still_missed
botsort_persist_1,video7/v07_20-25_f00074_t02.47_moderate_blur/gt001,video7/v07_20-25_f00074_t02.47_moderate_blur,1,video7,74,00074,02.47,moderate_blur,56,chair,False,False,,,,,False,still_missed
botsort_persist_1,video7/v07_20-25_f00074_t02.47_moderate_blur/gt002,video7/v07_20-25_f00074_t02.47_moderate_blur,2,video7,74,00074,02.47,moderate_blur,56,chair,False,False,,,,,False,still_missed
botsort_persist_1,video7/v07_20-25_f00074_t02.47_moderate_blur/gt003,video7/v07_20-25_f00074_t02.47_moderate_blur,3,video7,74,00074,02.47,moderate_blur,56,chair,False,False,,,,,False,still_missed
botsort_persist_1,video7/v07_20-25_f00074_t02.47_moderate_blur/gt004,video7/v07_20-25_f00074_t02.47_moderate_blur,4,video7,74,00074,02.47,moderate_blur,60,dining table,False,False,,,,,False,still_missed
botsort_persist_3,video7/v07_20-25_f00074_t02.47_moderate_blur/gt000,video7/v07_20-25_f00074_t02.47_moderate_blur,0,video7,74,00074,02.47,moderate_blur,56,chair,False,False,,,,,False,still_missed
botsort_persist_3,video7/v07_20-25_f00074_t02.47_moderate_blur/gt001,video7/v07_20-25_f00074_t02.47_moderate_blur,1,video7,74,00074,02.47,moderate_blur,56,chair,False,False,,,,,False,still_missed
botsort_persist_3,video7/v07_20-25_f00074_t02.47_moderate_blur/gt002,video7/v07_20-25_f00074_t02.47_moderate_blur,2,video7,74,00074,02.47,moderate_blur,56,chair,False,False,,,,,False,still_missed
botsort_persist_3,video7/v07_20-25_f00074_t02.47_moderate_blur/gt003,video7/v07_20-25_f00074_t02.47_moderate_blur,3,video7,74,00074,02.47,moderate_blur,56,chair,False,False,,,,,False,still_missed
botsort_persist_3,video7/v07_20-25_f00074_t02.47_moderate_blur/gt004,video7/v07_20-25_f00074_t02.47_moderate_blur,4,video7,74,00074,02.47,moderate_blur,60,dining table,False,False,,,,,False,still_missed
botsort_persist_5,video7/v07_20-25_f00074_t02.47_moderate_blur/gt000,video7/v07_20-25_f00074_t02.47_moderate_blur,0,video7,74,00074,02.47,moderate_blur,56,chair,False,False,,,,,False,still_missed
botsort_persist_5,video7/v07_20-25_f00074_t02.47_moderate_blur/gt001,video7/v07_20-25_f00074_t02.47_moderate_blur,1,video7,74,00074,02.47,moderate_blur,56,chair,False,False,,,,,False,still_missed
botsort_persist_5,video7/v07_20-25_f00074_t02.47_moderate_blur/gt002,video7/v07_20-25_f00074_t02.47_moderate_blur,2,video7,74,00074,02.47,moderate_blur,56,chair,False,False,,,,,False,still_missed
botsort_persist_5,video7/v07_20-25_f00074_t02.47_moderate_blur/gt003,video7/v07_20-25_f00074_t02.47_moderate_blur,3,video7,74,00074,02.47,moderate_blur,56,chair,False,False,,,,,False,still_missed
botsort_persist_5,video7/v07_20-25_f00074_t02.47_moderate_blur/gt004,video7/v07_20-25_f00074_t02.47_moderate_blur,4,video7,74,00074,02.47,moderate_blur,60,dining table,False,False,,,,,False,still_missed
bytetrack,video7/v07_20-25_f00104_t03.47_severe_blur/gt000,video7/v07_20-25_f00104_t03.47_severe_blur,0,video7,104,00104,03.47,severe_blur,60,dining table,False,False,,,,,False,still_missed
bytetrack_persist_1,video7/v07_20-25_f00104_t03.47_severe_blur/gt000,video7/v07_20-25_f00104_t03.47_severe_blur,0,video7,104,00104,03.47,severe_blur,60,dining table,False,False,,,,,False,still_missed
bytetrack_persist_3,video7/v07_20-25_f00104_t03.47_severe_blur/gt000,video7/v07_20-25_f00104_t03.47_severe_blur,0,video7,104,00104,03.47,severe_blur,60,dining table,False,False,,,,,False,still_missed
bytetrack_persist_5,video7/v07_20-25_f00104_t03.47_severe_blur/gt000,video7/v07_20-25_f00104_t03.47_severe_blur,0,video7,104,00104,03.47,severe_blur,60,dining table,False,False,,,,,False,still_missed
botsort,video7/v07_20-25_f00104_t03.47_severe_blur/gt000,video7/v07_20-25_f00104_t03.47_severe_blur,0,video7,104,00104,03.47,severe_blur,60,dining table,False,False,,,,,False,still_missed
botsort_persist_1,video7/v07_20-25_f00104_t03.47_severe_blur/gt000,video7/v07_20-25_f00104_t03.47_severe_blur,0,video7,104,00104,03.47,severe_blur,60,dining table,False,False,,,,,False,still_missed
botsort_persist_3,video7/v07_20-25_f00104_t03.47_severe_blur/gt000,video7/v07_20-25_f00104_t03.47_severe_blur,0,video7,104,00104,03.47,severe_blur,60,dining table,False,False,,,,,False,still_missed
botsort_persist_5,video7/v07_20-25_f00104_t03.47_severe_blur/gt000,video7/v07_20-25_f00104_t03.47_severe_blur,0,video7,104,00104,03.47,severe_blur,60,dining table,False,False,,,,,False,still_missed
bytetrack,video7/v07_20-25_f00119_t03.97_moderate_blur/gt000,video7/v07_20-25_f00119_t03.97_moderate_blur,0,video7,119,00119,03.97,moderate_blur,56,chair,False,False,,,,,False,still_missed
bytetrack,video7/v07_20-25_f00119_t03.97_moderate_blur/gt001,video7/v07_20-25_f00119_t03.97_moderate_blur,1,video7,119,00119,03.97,moderate_blur,60,dining table,False,False,,,,,False,still_missed
bytetrack_persist_1,video7/v07_20-25_f00119_t03.97_moderate_blur/gt000,video7/v07_20-25_f00119_t03.97_moderate_blur,0,video7,119,00119,03.97,moderate_blur,56,chair,False,False,,,,,False,still_missed
bytetrack_persist_1,video7/v07_20-25_f00119_t03.97_moderate_blur/gt001,video7/v07_20-25_f00119_t03.97_moderate_blur,1,video7,119,00119,03.97,moderate_blur,60,dining table,False,False,,,,,False,still_missed
bytetrack_persist_3,video7/v07_20-25_f00119_t03.97_moderate_blur/gt000,video7/v07_20-25_f00119_t03.97_moderate_blur,0,video7,119,00119,03.97,moderate_blur,56,chair,False,False,,,,,False,still_missed
bytetrack_persist_3,video7/v07_20-25_f00119_t03.97_moderate_blur/gt001,video7/v07_20-25_f00119_t03.97_moderate_blur,1,video7,119,00119,03.97,moderate_blur,60,dining table,False,False,,,,,False,still_missed
bytetrack_persist_5,video7/v07_20-25_f00119_t03.97_moderate_blur/gt000,video7/v07_20-25_f00119_t03.97_moderate_blur,0,video7,119,00119,03.97,moderate_blur,56,chair,False,False,,,,,False,still_missed
bytetrack_persist_5,video7/v07_20-25_f00119_t03.97_moderate_blur/gt001,video7/v07_20-25_f00119_t03.97_moderate_blur,1,video7,119,00119,03.97,moderate_blur,60,dining table,False,False,,,,,False,still_missed
botsort,video7/v07_20-25_f00119_t03.97_moderate_blur/gt000,video7/v07_20-25_f00119_t03.97_moderate_blur,0,video7,119,00119,03.97,moderate_blur,56,chair,False,False,,,,,False,still_missed
botsort,video7/v07_20-25_f00119_t03.97_moderate_blur/gt001,video7/v07_20-25_f00119_t03.97_moderate_blur,1,video7,119,00119,03.97,moderate_blur,60,dining table,False,False,,,,,False,still_missed
botsort_persist_1,video7/v07_20-25_f00119_t03.97_moderate_blur/gt000,video7/v07_20-25_f00119_t03.97_moderate_blur,0,video7,119,00119,03.97,moderate_blur,56,chair,False,False,,,,,False,still_missed
botsort_persist_1,video7/v07_20-25_f00119_t03.97_moderate_blur/gt001,video7/v07_20-25_f00119_t03.97_moderate_blur,1,video7,119,00119,03.97,moderate_blur,60,dining table,False,False,,,,,False,still_missed
botsort_persist_3,video7/v07_20-25_f00119_t03.97_moderate_blur/gt000,video7/v07_20-25_f00119_t03.97_moderate_blur,0,video7,119,00119,03.97,moderate_blur,56,chair,False,False,,,,,False,still_missed
botsort_persist_3,video7/v07_20-25_f00119_t03.97_moderate_blur/gt001,video7/v07_20-25_f00119_t03.97_moderate_blur,1,video7,119,00119,03.97,moderate_blur,60,dining table,False,False,,,,,False,still_missed
botsort_persist_5,video7/v07_20-25_f00119_t03.97_moderate_blur/gt000,video7/v07_20-25_f00119_t03.97_moderate_blur,0,video7,119,00119,03.97,moderate_blur,56,chair,False,False,,,,,False,still_missed
botsort_persist_5,video7/v07_20-25_f00119_t03.97_moderate_blur/gt001,video7/v07_20-25_f00119_t03.97_moderate_blur,1,video7,119,00119,03.97,moderate_blur,60,dining table,False,False,,,,,False,still_missed
bytetrack,video7/v07_20-25_f00149_t04.97_moderate_blur/gt000,video7/v07_20-25_f00149_t04.97_moderate_blur,0,video7,149,00149,04.97,moderate_blur,56,chair,False,False,,,,,False,still_missed
bytetrack,video7/v07_20-25_f00149_t04.97_moderate_blur/gt001,video7/v07_20-25_f00149_t04.97_moderate_blur,1,video7,149,00149,04.97,moderate_blur,56,chair,False,False,,,,,False,still_missed
bytetrack,video7/v07_20-25_f00149_t04.97_moderate_blur/gt002,video7/v07_20-25_f00149_t04.97_moderate_blur,2,video7,149,00149,04.97,moderate_blur,56,chair,False,False,,,,,False,still_missed
bytetrack,video7/v07_20-25_f00149_t04.97_moderate_blur/gt003,video7/v07_20-25_f00149_t04.97_moderate_blur,3,video7,149,00149,04.97,moderate_blur,60,dining table,False,False,,,,,False,still_missed
bytetrack_persist_1,video7/v07_20-25_f00149_t04.97_moderate_blur/gt000,video7/v07_20-25_f00149_t04.97_moderate_blur,0,video7,149,00149,04.97,moderate_blur,56,chair,False,False,,,,,False,still_missed
bytetrack_persist_1,video7/v07_20-25_f00149_t04.97_moderate_blur/gt001,video7/v07_20-25_f00149_t04.97_moderate_blur,1,video7,149,00149,04.97,moderate_blur,56,chair,False,False,,,,,False,still_missed
bytetrack_persist_1,video7/v07_20-25_f00149_t04.97_moderate_blur/gt002,video7/v07_20-25_f00149_t04.97_moderate_blur,2,video7,149,00149,04.97,moderate_blur,56,chair,False,False,,,,,False,still_missed
bytetrack_persist_1,video7/v07_20-25_f00149_t04.97_moderate_blur/gt003,video7/v07_20-25_f00149_t04.97_moderate_blur,3,video7,149,00149,04.97,moderate_blur,60,dining table,False,False,,,,,False,still_missed
bytetrack_persist_3,video7/v07_20-25_f00149_t04.97_moderate_blur/gt000,video7/v07_20-25_f00149_t04.97_moderate_blur,0,video7,149,00149,04.97,moderate_blur,56,chair,False,False,,,,,False,still_missed
bytetrack_persist_3,video7/v07_20-25_f00149_t04.97_moderate_blur/gt001,video7/v07_20-25_f00149_t04.97_moderate_blur,1,video7,149,00149,04.97,moderate_blur,56,chair,False,False,,,,,False,still_missed
bytetrack_persist_3,video7/v07_20-25_f00149_t04.97_moderate_blur/gt002,video7/v07_20-25_f00149_t04.97_moderate_blur,2,video7,149,00149,04.97,moderate_blur,56,chair,False,False,,,,,False,still_missed
bytetrack_persist_3,video7/v07_20-25_f00149_t04.97_moderate_blur/gt003,video7/v07_20-25_f00149_t04.97_moderate_blur,3,video7,149,00149,04.97,moderate_blur,60,dining table,False,False,,,,,False,still_missed
bytetrack_persist_5,video7/v07_20-25_f00149_t04.97_moderate_blur/gt000,video7/v07_20-25_f00149_t04.97_moderate_blur,0,video7,149,00149,04.97,moderate_blur,56,chair,False,False,,,,,False,still_missed
bytetrack_persist_5,video7/v07_20-25_f00149_t04.97_moderate_blur/gt001,video7/v07_20-25_f00149_t04.97_moderate_blur,1,video7,149,00149,04.97,moderate_blur,56,chair,False,False,,,,,False,still_missed
bytetrack_persist_5,video7/v07_20-25_f00149_t04.97_moderate_blur/gt002,video7/v07_20-25_f00149_t04.97_moderate_blur,2,video7,149,00149,04.97,moderate_blur,56,chair,False,False,,,,,False,still_missed
bytetrack_persist_5,video7/v07_20-25_f00149_t04.97_moderate_blur/gt003,video7/v07_20-25_f00149_t04.97_moderate_blur,3,video7,149,00149,04.97,moderate_blur,60,dining table,False,False,,,,,False,still_missed
botsort,video7/v07_20-25_f00149_t04.97_moderate_blur/gt000,video7/v07_20-25_f00149_t04.97_moderate_blur,0,video7,149,00149,04.97,moderate_blur,56,chair,False,False,,,,,False,still_missed
botsort,video7/v07_20-25_f00149_t04.97_moderate_blur/gt001,video7/v07_20-25_f00149_t04.97_moderate_blur,1,video7,149,00149,04.97,moderate_blur,56,chair,False,False,,,,,False,still_missed
botsort,video7/v07_20-25_f00149_t04.97_moderate_blur/gt002,video7/v07_20-25_f00149_t04.97_moderate_blur,2,video7,149,00149,04.97,moderate_blur,56,chair,False,False,,,,,False,still_missed
botsort,video7/v07_20-25_f00149_t04.97_moderate_blur/gt003,video7/v07_20-25_f00149_t04.97_moderate_blur,3,video7,149,00149,04.97,moderate_blur,60,dining table,False,False,,,,,False,still_missed
botsort_persist_1,video7/v07_20-25_f00149_t04.97_moderate_blur/gt000,video7/v07_20-25_f00149_t04.97_moderate_blur,0,video7,149,00149,04.97,moderate_blur,56,chair,False,False,,,,,False,still_missed
botsort_persist_1,video7/v07_20-25_f00149_t04.97_moderate_blur/gt001,video7/v07_20-25_f00149_t04.97_moderate_blur,1,video7,149,00149,04.97,moderate_blur,56,chair,False,False,,,,,False,still_missed
botsort_persist_1,video7/v07_20-25_f00149_t04.97_moderate_blur/gt002,video7/v07_20-25_f00149_t04.97_moderate_blur,2,video7,149,00149,04.97,moderate_blur,56,chair,False,False,,,,,False,still_missed
botsort_persist_1,video7/v07_20-25_f00149_t04.97_moderate_blur/gt003,video7/v07_20-25_f00149_t04.97_moderate_blur,3,video7,149,00149,04.97,moderate_blur,60,dining table,False,False,,,,,False,still_missed
botsort_persist_3,video7/v07_20-25_f00149_t04.97_moderate_blur/gt000,video7/v07_20-25_f00149_t04.97_moderate_blur,0,video7,149,00149,04.97,moderate_blur,56,chair,False,False,,,,,False,still_missed
botsort_persist_3,video7/v07_20-25_f00149_t04.97_moderate_blur/gt001,video7/v07_20-25_f00149_t04.97_moderate_blur,1,video7,149,00149,04.97,moderate_blur,56,chair,False,False,,,,,False,still_missed
botsort_persist_3,video7/v07_20-25_f00149_t04.97_moderate_blur/gt002,video7/v07_20-25_f00149_t04.97_moderate_blur,2,video7,149,00149,04.97,moderate_blur,56,chair,False,False,,,,,False,still_missed
botsort_persist_3,video7/v07_20-25_f00149_t04.97_moderate_blur/gt003,video7/v07_20-25_f00149_t04.97_moderate_blur,3,video7,149,00149,04.97,moderate_blur,60,dining table,False,False,,,,,False,still_missed
botsort_persist_5,video7/v07_20-25_f00149_t04.97_moderate_blur/gt000,video7/v07_20-25_f00149_t04.97_moderate_blur,0,video7,149,00149,04.97,moderate_blur,56,chair,False,False,,,,,False,still_missed
botsort_persist_5,video7/v07_20-25_f00149_t04.97_moderate_blur/gt001,video7/v07_20-25_f00149_t04.97_moderate_blur,1,video7,149,00149,04.97,moderate_blur,56,chair,False,False,,,,,False,still_missed
botsort_persist_5,video7/v07_20-25_f00149_t04.97_moderate_blur/gt002,video7/v07_20-25_f00149_t04.97_moderate_blur,2,video7,149,00149,04.97,moderate_blur,56,chair,False,False,,,,,False,still_missed
botsort_persist_5,video7/v07_20-25_f00149_t04.97_moderate_blur/gt003,video7/v07_20-25_f00149_t04.97_moderate_blur,3,video7,149,00149,04.97,moderate_blur,60,dining table,False,False,,,,,False,still_missed
bytetrack,video7/v07_20-25_f00178_t05.93_severe_blur/gt000,video7/v07_20-25_f00178_t05.93_severe_blur,0,video7,178,00178,05.93,severe_blur,56,chair,False,False,,,,,False,still_missed
bytetrack,video7/v07_20-25_f00178_t05.93_severe_blur/gt001,video7/v07_20-25_f00178_t05.93_severe_blur,1,video7,178,00178,05.93,severe_blur,60,dining table,False,False,,,,,False,still_missed
bytetrack_persist_1,video7/v07_20-25_f00178_t05.93_severe_blur/gt000,video7/v07_20-25_f00178_t05.93_severe_blur,0,video7,178,00178,05.93,severe_blur,56,chair,False,False,,,,,False,still_missed
bytetrack_persist_1,video7/v07_20-25_f00178_t05.93_severe_blur/gt001,video7/v07_20-25_f00178_t05.93_severe_blur,1,video7,178,00178,05.93,severe_blur,60,dining table,False,False,,,,,False,still_missed
bytetrack_persist_3,video7/v07_20-25_f00178_t05.93_severe_blur/gt000,video7/v07_20-25_f00178_t05.93_severe_blur,0,video7,178,00178,05.93,severe_blur,56,chair,False,False,,,,,False,still_missed
bytetrack_persist_3,video7/v07_20-25_f00178_t05.93_severe_blur/gt001,video7/v07_20-25_f00178_t05.93_severe_blur,1,video7,178,00178,05.93,severe_blur,60,dining table,False,False,,,,,False,still_missed
bytetrack_persist_5,video7/v07_20-25_f00178_t05.93_severe_blur/gt000,video7/v07_20-25_f00178_t05.93_severe_blur,0,video7,178,00178,05.93,severe_blur,56,chair,False,False,,,,,False,still_missed
bytetrack_persist_5,video7/v07_20-25_f00178_t05.93_severe_blur/gt001,video7/v07_20-25_f00178_t05.93_severe_blur,1,video7,178,00178,05.93,severe_blur,60,dining table,False,False,,,,,False,still_missed
botsort,video7/v07_20-25_f00178_t05.93_severe_blur/gt000,video7/v07_20-25_f00178_t05.93_severe_blur,0,video7,178,00178,05.93,severe_blur,56,chair,False,False,,,,,False,still_missed
botsort,video7/v07_20-25_f00178_t05.93_severe_blur/gt001,video7/v07_20-25_f00178_t05.93_severe_blur,1,video7,178,00178,05.93,severe_blur,60,dining table,False,False,,,,,False,still_missed
botsort_persist_1,video7/v07_20-25_f00178_t05.93_severe_blur/gt000,video7/v07_20-25_f00178_t05.93_severe_blur,0,video7,178,00178,05.93,severe_blur,56,chair,False,False,,,,,False,still_missed
botsort_persist_1,video7/v07_20-25_f00178_t05.93_severe_blur/gt001,video7/v07_20-25_f00178_t05.93_severe_blur,1,video7,178,00178,05.93,severe_blur,60,dining table,False,False,,,,,False,still_missed
botsort_persist_3,video7/v07_20-25_f00178_t05.93_severe_blur/gt000,video7/v07_20-25_f00178_t05.93_severe_blur,0,video7,178,00178,05.93,severe_blur,56,chair,False,False,,,,,False,still_missed
botsort_persist_3,video7/v07_20-25_f00178_t05.93_severe_blur/gt001,video7/v07_20-25_f00178_t05.93_severe_blur,1,video7,178,00178,05.93,severe_blur,60,dining table,False,False,,,,,False,still_missed
botsort_persist_5,video7/v07_20-25_f00178_t05.93_severe_blur/gt000,video7/v07_20-25_f00178_t05.93_severe_blur,0,video7,178,00178,05.93,severe_blur,56,chair,False,False,,,,,False,still_missed
botsort_persist_5,video7/v07_20-25_f00178_t05.93_severe_blur/gt001,video7/v07_20-25_f00178_t05.93_severe_blur,1,video7,178,00178,05.93,severe_blur,60,dining table,False,False,,,,,False,still_missed
bytetrack,video7/v07_20-25_f00223_t07.43_moderate_blur/gt000,video7/v07_20-25_f00223_t07.43_moderate_blur,0,video7,223,00223,07.43,moderate_blur,56,chair,False,False,,,,,False,still_missed
bytetrack,video7/v07_20-25_f00223_t07.43_moderate_blur/gt001,video7/v07_20-25_f00223_t07.43_moderate_blur,1,video7,223,00223,07.43,moderate_blur,56,chair,False,False,,,,,False,still_missed
bytetrack,video7/v07_20-25_f00223_t07.43_moderate_blur/gt002,video7/v07_20-25_f00223_t07.43_moderate_blur,2,video7,223,00223,07.43,moderate_blur,56,chair,False,False,,,,,False,still_missed
bytetrack,video7/v07_20-25_f00223_t07.43_moderate_blur/gt003,video7/v07_20-25_f00223_t07.43_moderate_blur,3,video7,223,00223,07.43,moderate_blur,60,dining table,False,False,,,,,False,still_missed
bytetrack_persist_1,video7/v07_20-25_f00223_t07.43_moderate_blur/gt000,video7/v07_20-25_f00223_t07.43_moderate_blur,0,video7,223,00223,07.43,moderate_blur,56,chair,False,False,,,,,False,still_missed
bytetrack_persist_1,video7/v07_20-25_f00223_t07.43_moderate_blur/gt001,video7/v07_20-25_f00223_t07.43_moderate_blur,1,video7,223,00223,07.43,moderate_blur,56,chair,False,False,,,,,False,still_missed
bytetrack_persist_1,video7/v07_20-25_f00223_t07.43_moderate_blur/gt002,video7/v07_20-25_f00223_t07.43_moderate_blur,2,video7,223,00223,07.43,moderate_blur,56,chair,False,False,,,,,False,still_missed
bytetrack_persist_1,video7/v07_20-25_f00223_t07.43_moderate_blur/gt003,video7/v07_20-25_f00223_t07.43_moderate_blur,3,video7,223,00223,07.43,moderate_blur,60,dining table,False,False,,,,,False,still_missed
bytetrack_persist_3,video7/v07_20-25_f00223_t07.43_moderate_blur/gt000,video7/v07_20-25_f00223_t07.43_moderate_blur,0,video7,223,00223,07.43,moderate_blur,56,chair,False,False,,,,,False,still_missed
bytetrack_persist_3,video7/v07_20-25_f00223_t07.43_moderate_blur/gt001,video7/v07_20-25_f00223_t07.43_moderate_blur,1,video7,223,00223,07.43,moderate_blur,56,chair,False,False,,,,,False,still_missed
bytetrack_persist_3,video7/v07_20-25_f00223_t07.43_moderate_blur/gt002,video7/v07_20-25_f00223_t07.43_moderate_blur,2,video7,223,00223,07.43,moderate_blur,56,chair,False,False,,,,,False,still_missed
bytetrack_persist_3,video7/v07_20-25_f00223_t07.43_moderate_blur/gt003,video7/v07_20-25_f00223_t07.43_moderate_blur,3,video7,223,00223,07.43,moderate_blur,60,dining table,False,False,,,,,False,still_missed
bytetrack_persist_5,video7/v07_20-25_f00223_t07.43_moderate_blur/gt000,video7/v07_20-25_f00223_t07.43_moderate_blur,0,video7,223,00223,07.43,moderate_blur,56,chair,False,False,,,,,False,still_missed
bytetrack_persist_5,video7/v07_20-25_f00223_t07.43_moderate_blur/gt001,video7/v07_20-25_f00223_t07.43_moderate_blur,1,video7,223,00223,07.43,moderate_blur,56,chair,False,False,,,,,False,still_missed
bytetrack_persist_5,video7/v07_20-25_f00223_t07.43_moderate_blur/gt002,video7/v07_20-25_f00223_t07.43_moderate_blur,2,video7,223,00223,07.43,moderate_blur,56,chair,False,False,,,,,False,still_missed
bytetrack_persist_5,video7/v07_20-25_f00223_t07.43_moderate_blur/gt003,video7/v07_20-25_f00223_t07.43_moderate_blur,3,video7,223,00223,07.43,moderate_blur,60,dining table,False,False,,,,,False,still_missed
botsort,video7/v07_20-25_f00223_t07.43_moderate_blur/gt000,video7/v07_20-25_f00223_t07.43_moderate_blur,0,video7,223,00223,07.43,moderate_blur,56,chair,False,False,,,,,False,still_missed
botsort,video7/v07_20-25_f00223_t07.43_moderate_blur/gt001,video7/v07_20-25_f00223_t07.43_moderate_blur,1,video7,223,00223,07.43,moderate_blur,56,chair,False,False,,,,,False,still_missed
botsort,video7/v07_20-25_f00223_t07.43_moderate_blur/gt002,video7/v07_20-25_f00223_t07.43_moderate_blur,2,video7,223,00223,07.43,moderate_blur,56,chair,False,False,,,,,False,still_missed
botsort,video7/v07_20-25_f00223_t07.43_moderate_blur/gt003,video7/v07_20-25_f00223_t07.43_moderate_blur,3,video7,223,00223,07.43,moderate_blur,60,dining table,False,False,,,,,False,still_missed
botsort_persist_1,video7/v07_20-25_f00223_t07.43_moderate_blur/gt000,video7/v07_20-25_f00223_t07.43_moderate_blur,0,video7,223,00223,07.43,moderate_blur,56,chair,False,False,,,,,False,still_missed
botsort_persist_1,video7/v07_20-25_f00223_t07.43_moderate_blur/gt001,video7/v07_20-25_f00223_t07.43_moderate_blur,1,video7,223,00223,07.43,moderate_blur,56,chair,False,False,,,,,False,still_missed
botsort_persist_1,video7/v07_20-25_f00223_t07.43_moderate_blur/gt002,video7/v07_20-25_f00223_t07.43_moderate_blur,2,video7,223,00223,07.43,moderate_blur,56,chair,False,False,,,,,False,still_missed
botsort_persist_1,video7/v07_20-25_f00223_t07.43_moderate_blur/gt003,video7/v07_20-25_f00223_t07.43_moderate_blur,3,video7,223,00223,07.43,moderate_blur,60,dining table,False,False,,,,,False,still_missed
botsort_persist_3,video7/v07_20-25_f00223_t07.43_moderate_blur/gt000,video7/v07_20-25_f00223_t07.43_moderate_blur,0,video7,223,00223,07.43,moderate_blur,56,chair,False,False,,,,,False,still_missed
botsort_persist_3,video7/v07_20-25_f00223_t07.43_moderate_blur/gt001,video7/v07_20-25_f00223_t07.43_moderate_blur,1,video7,223,00223,07.43,moderate_blur,56,chair,False,False,,,,,False,still_missed
botsort_persist_3,video7/v07_20-25_f00223_t07.43_moderate_blur/gt002,video7/v07_20-25_f00223_t07.43_moderate_blur,2,video7,223,00223,07.43,moderate_blur,56,chair,False,False,,,,,False,still_missed
botsort_persist_3,video7/v07_20-25_f00223_t07.43_moderate_blur/gt003,video7/v07_20-25_f00223_t07.43_moderate_blur,3,video7,223,00223,07.43,moderate_blur,60,dining table,False,False,,,,,False,still_missed
botsort_persist_5,video7/v07_20-25_f00223_t07.43_moderate_blur/gt000,video7/v07_20-25_f00223_t07.43_moderate_blur,0,video7,223,00223,07.43,moderate_blur,56,chair,False,False,,,,,False,still_missed
botsort_persist_5,video7/v07_20-25_f00223_t07.43_moderate_blur/gt001,video7/v07_20-25_f00223_t07.43_moderate_blur,1,video7,223,00223,07.43,moderate_blur,56,chair,False,False,,,,,False,still_missed
botsort_persist_5,video7/v07_20-25_f00223_t07.43_moderate_blur/gt002,video7/v07_20-25_f00223_t07.43_moderate_blur,2,video7,223,00223,07.43,moderate_blur,56,chair,False,False,,,,,False,still_missed
botsort_persist_5,video7/v07_20-25_f00223_t07.43_moderate_blur/gt003,video7/v07_20-25_f00223_t07.43_moderate_blur,3,video7,223,00223,07.43,moderate_blur,60,dining table,False,False,,,,,False,still_missed
bytetrack,video7/v07_20-25_f00268_t08.93_severe_blur/gt000,video7/v07_20-25_f00268_t08.93_severe_blur,0,video7,268,00268,08.93,severe_blur,60,dining table,False,False,,,,,False,still_missed
bytetrack,video7/v07_20-25_f00268_t08.93_severe_blur/gt001,video7/v07_20-25_f00268_t08.93_severe_blur,1,video7,268,00268,08.93,severe_blur,56,chair,False,False,,,,,False,still_missed
bytetrack_persist_1,video7/v07_20-25_f00268_t08.93_severe_blur/gt000,video7/v07_20-25_f00268_t08.93_severe_blur,0,video7,268,00268,08.93,severe_blur,60,dining table,False,False,,,,,False,still_missed
bytetrack_persist_1,video7/v07_20-25_f00268_t08.93_severe_blur/gt001,video7/v07_20-25_f00268_t08.93_severe_blur,1,video7,268,00268,08.93,severe_blur,56,chair,False,False,,,,,False,still_missed
bytetrack_persist_3,video7/v07_20-25_f00268_t08.93_severe_blur/gt000,video7/v07_20-25_f00268_t08.93_severe_blur,0,video7,268,00268,08.93,severe_blur,60,dining table,False,False,,,,,False,still_missed
bytetrack_persist_3,video7/v07_20-25_f00268_t08.93_severe_blur/gt001,video7/v07_20-25_f00268_t08.93_severe_blur,1,video7,268,00268,08.93,severe_blur,56,chair,False,False,,,,,False,still_missed
bytetrack_persist_5,video7/v07_20-25_f00268_t08.93_severe_blur/gt000,video7/v07_20-25_f00268_t08.93_severe_blur,0,video7,268,00268,08.93,severe_blur,60,dining table,False,False,,,,,False,still_missed
bytetrack_persist_5,video7/v07_20-25_f00268_t08.93_severe_blur/gt001,video7/v07_20-25_f00268_t08.93_severe_blur,1,video7,268,00268,08.93,severe_blur,56,chair,False,False,,,,,False,still_missed
botsort,video7/v07_20-25_f00268_t08.93_severe_blur/gt000,video7/v07_20-25_f00268_t08.93_severe_blur,0,video7,268,00268,08.93,severe_blur,60,dining table,False,False,,,,,False,still_missed
botsort,video7/v07_20-25_f00268_t08.93_severe_blur/gt001,video7/v07_20-25_f00268_t08.93_severe_blur,1,video7,268,00268,08.93,severe_blur,56,chair,False,False,,,,,False,still_missed
botsort_persist_1,video7/v07_20-25_f00268_t08.93_severe_blur/gt000,video7/v07_20-25_f00268_t08.93_severe_blur,0,video7,268,00268,08.93,severe_blur,60,dining table,False,False,,,,,False,still_missed
botsort_persist_1,video7/v07_20-25_f00268_t08.93_severe_blur/gt001,video7/v07_20-25_f00268_t08.93_severe_blur,1,video7,268,00268,08.93,severe_blur,56,chair,False,False,,,,,False,still_missed
botsort_persist_3,video7/v07_20-25_f00268_t08.93_severe_blur/gt000,video7/v07_20-25_f00268_t08.93_severe_blur,0,video7,268,00268,08.93,severe_blur,60,dining table,False,False,,,,,False,still_missed
botsort_persist_3,video7/v07_20-25_f00268_t08.93_severe_blur/gt001,video7/v07_20-25_f00268_t08.93_severe_blur,1,video7,268,00268,08.93,severe_blur,56,chair,False,False,,,,,False,still_missed
botsort_persist_5,video7/v07_20-25_f00268_t08.93_severe_blur/gt000,video7/v07_20-25_f00268_t08.93_severe_blur,0,video7,268,00268,08.93,severe_blur,60,dining table,False,False,,,,,False,still_missed
botsort_persist_5,video7/v07_20-25_f00268_t08.93_severe_blur/gt001,video7/v07_20-25_f00268_t08.93_severe_blur,1,video7,268,00268,08.93,severe_blur,56,chair,False,False,,,,,False,still_missed
